:1000000038480020918F000009F700007D8F000024
:100010007D8F00007D8F00007D8F00007D8F0000B0
:10002000000000000000000000000000FD90000043
:100030007D8F000000000000959000007D8F000083
:100040008592000085920000859200008592000054
:100050008592000085920000859200008592000044
:100060008592000085920000859200008592000034
:100070008592000085920000859200008592000024
:100080008592000085920000859200008592000014
:100090008592000085920000859200008592000004
:1000A00085920000859200008592000085920000F4
:1000B00085920000859200008592000085920000E4
:1000C00085920000859200008592000085920000D4
:1000D00085920000859200008592000085920000C4
:1000E00085920000859200008592000085920000B4
:1000F00085920000859200008592000085920000A4
:100100008592000085920000859200008592000093
:100110008592000085920000859200008592000083
:100120008592000085920000859200008592000073
:100130008592000085920000859200008592000063
:100140008592000085920000859200008592000053
:100150008592000085920000859200008592000043
:100160008592000085920000859200008592000033
:100170008592000085920000859200008592000023
:100180008592000085920000859200008592000013
:100190008592000085920000859200008592000003
:1001A00085920000859200008592000085920000F3
:1001B00085920000859200008592000085920000E3
:1001C00085920000859200008592000085920000D3
:1001D00085920000859200008592000085920000C3
:1001E00085920000859200008592000085920000B3
:1001F00085920000859200008592000085920000A3
:100200008592000085920000859200008592000092
:100210008592000085920000859200008592000082
:100220008592000085920000859200008592000072
:100230008592000085920000859200008592000062
:100240008592000085920000859200008592000052
:100250008592000027FF0000859200008592000033
:10026000859200008592000011FF00008592000039
:100270008592000085920000859200008592000022
:100280008592000085920000859200008592000012
:100290008592000085920000859200008592000002
:1002A00085920000859200008592000085920000F2
:1002B00085920000859200008592000085920000E2
:1002C00085920000859200008592000085920000D2
:1002D00085920000859200008592000085920000C2
:1002E00085920000859200008592000085920000B2
:1002F00085920000859200008592000085920000A2
:100300008592000085920000859200008592000091
:100310008592000085920000859200008592000081
:100320008592000085920000859200008592000071
:100330008592000085920000859200008592000061
:100340008592000085920000859200008592000051
:100350008592000085920000859200008592000041
:100360008592000085920000859200008592000031
:100370008592000085920000859200008592000021
:100380008592000085920000859200008592000011
:100390008592000085920000859200008592000001
:1003A00085920000859200008592000085920000F1
:1003B00085920000859200008592000085920000E1
:1003C00085920000859200008592000085920000D1
:1003D00085920000FBFE00008592000085920000DF
:1003E00085920000859200008592000085920000B1
:1003F00085920000859200008592000085920000A1
:100400008592000085920000859200008592000090
:100410008592000085920000859200008592000080
:100420008592000085920000859200008592000070
:100430008592000085920000859200008592000060
:100440008592000085920000859200008592000050
:100450008592000085920000859200008592000040
:100460008592000085920000859200008592000030
:0C0470008592000085920000859200003B
:10048000064A074B02604FF490725B7A8280082222
:10049000C371FF2382710372704700BFB77B0000F6
:1004A00010060020F8B5C41D0028054624F00704F6
:1004B0000CBF0020204600F0D1FA071E02DA6FF0D0
:1004C0000B00F8BD254EB18870880331F3790330F5
:1004D000B27989B280B206F042FD0028EFDB3C44DD
:1004E00073783178002D04F10304194424F00304D7
:1004F00000FB01F10CBF0020204600F033FC231864
:100500000DB9002BDBDB717A184679B10333002D6E
:10051000728923F003040CBF0020204600F078FC11
:100520000028CCDB20440DB90028C8DB317A91B11A
:10053000737A83B1C41D002D24F007040CBF002082
:10054000204601F067FC0028B9DB0DB10020B8E7B8
:100550002018B6D5B3E7002DF8D1B2E71006002079
:100560001FB572B6194BDC68ECB9BFF34F8F184951
:10057000184BCA6802F4E0621343CB60BFF34F8F9D
:1005800000BFFDE7B2FBF6F22B465D1C002AF9D155
:10059000DBB203F110056D4405F80C2C0A2233B9C7
:1005A00001A8A047E1E7024600230A26EDE7013B48
:1005B000DBB203F110050DEB0506B0FBF2F502FB13
:1005C0001500303006F80C0C2846E8E7100600202D
:1005D00000ED00E00400FA050A4B07B5DA8868462A
:1005E000ADF800209A885B88ADF80420ADF80230A1
:1005F00000F064FF18B1FC219C20FFF7B1FF03B0AD
:100600005DF804FB1006002038B5054640B305F040
:10061000B5FF10B94FF0FF3038BD05F045FEB0F51D
:10062000FA7FF7D8104C1148E56000F093F90023E9
:1006300023744FF4807323801B236380A38040F2D4
:100640000323E3804FF4847323811F236381EFF33B
:10065000108472B600F0B2FC04B962B60020DBE789
:100660006FF01500D8E700BF10060020D905000084
:1006700010B5002840D1234C237C032B39D059B12D
:10068000002A3CD00239052936D8DFE801F00312F0
:1006900027352A2D137863700020FFF703FF002809
:1006A000B7BF012302236FF00B002374A8BF23748C
:1006B00010BD13791BB353790BB31188FB291ED8D6
:1006C00053881B3B9BB2E02B19D81A2917D9136802
:1006D0009288C4F802300C4B9A80DDE7137863727D
:1006E000DAE713886381D7E71388FF2B07D82372D3
:1006F000D2E74FF0FF30DBE76FF02C00D8E76FF068
:100700001500D5E71006002012060020F8B50D46AA
:10071000064620B319B311F0070420D1114F3B7CDA
:10072000012B02D16FF00B00F8BD032B02D14FF06B
:10073000FF30F9E700F054F80028F8D02846FFF71A
:10074000B1FE0028EEDB07F0FCFB3046214600F04E
:10075000F9FEFFF741FF032320463B74E4E76FF007
:100760001500E1E71006002010B5064C237C032B92
:1007700003D100F0FFFE01F07BFA06F0E9FC002057
:10078000207410BD1006002050B1074B03F1140275
:1007900053F8041B934240F8041BF9D10020704722
:1007A0006FF01500704700BF8F29010008B500F0F9
:1007B000AFFE03490120BDE8084000F047B900BF83
:1007C0008104000002680020014B1A60704700BFDE
:1007D00024060020014B1B68184700BF2406002098
:1007E000024B1868003818BF01207047240600200B
:1007F0002DE9F7430446264E071D2548376001F0D2
:1008000047FA0228054607D12149204606F0FEF89E
:10081000284603B0BDE8F0830428F9D13378072BCC
:1008200018D13E2000F04AF878B9F37801A932795E
:10083000684643EA0223ADF8003006F0E4FA0028E7
:10084000DBD053210820FFF78BFE052000F06EF867
:100850000028EAD03146204606F010F9B0F5817F35
:1008600001D37221EEE70028C7D094F8008094F8F5
:100870000290404600F022F80028BED0B8F13E0FAA
:10088000C6D1484600F052F80028C1D1B5E700BFF4
:1008900028060020074B4FF0FF3141F6FF72C3E9F5
:1008A000001205490022C1E900221F21C3E90212FA
:1008B000704700BF400000206C0600203F280CD885
:1008C00001380B4BC0F3421200F01F0053F82230E6
:1008D00023FA00F000F001007047FF2806D04038EE
:1008E000044BC0F3421200F01F00EFE701207047F5
:1008F000400000206C060020074B01460068496854
:100900001A4603C240F48C221A6041F0107242F47D
:10091000FF625A60704700BF400000200246024B51
:100920000068516803C3704748000020431EF42844
:10093000DBB21FBF064A590903F01F0302EB810215
:100940001DBF9068D84000F001000020704700BF34
:1009500040000020014B1860704700BF7406002063
:1009600010B5FFF797FF06F052FC034B04461B68D7
:1009700003B19847204610BD740600200A8870B560
:1009800095B2C67CC2F30E020488023602F1180347
:100990003444C35AA4B233442344013BB3FBF4F3BD
:1009A00003FB0422438892B29342044B8BBF2B403B
:1009B000AB4313439BB20B8070BD00BF0080FFFFB1
:1009C0004A1E062A08B50346084604D84FF4D171DA
:1009D0001520FFF7C5FD094A914202D940F2A31143
:1009E000F6E711B903B1196008BD2BB11B680022ED
:1009F000C3E901211A1D1A600430F5E7FAFFFF7FF1
:100A000010B5114B00EB41041A786389B3FBF2F384
:100A100003FB0223013A1A44B2F5706F0279807821
:100A200028BF00231A440B18B2FBF0F100FB112180
:100A30005B1AB3FBF0F100FB113313446FEA43433D
:100A40006FEA5343638110BD78060020024B03EB2D
:100A500080035960704700BF780600202DE9F04FF1
:100A600010F0070A85B0054604D040F26111172046
:100A7000FFF776FD524F044607F10C06B146B0462B
:100A800057F8043B8DF80BA03BB101A898479DF89F
:100A90000A30082B01D9E821E9E79DF80B1041BB8A
:100AA00005B131604F4506F10406E9D1002D6ED045
:100AB0000022DFF810910227964689F8002058F8A6
:100AC00027A0013FBAF1000F54D09AF804609AF8B9
:100AD00002C0FF2E5FD039460023481C37D19C440A
:100AE000BCF1FF0F3ED90AB189F800E040F22711AE
:100AF000BDE79DF80AC04B1D60465A0004EB430356
:100B0000022838BF0220441E40422344BDF808405A
:100B10006444CCF1000C0340013C04EA0C04B4F53D
:100B2000803F01D3F821A2E775B19A1A0120326003
:100B300091701480D0709DF80C00107101984FEAEC
:100B4000104C1081A2F806C004FB0134AAE758F843
:100B5000210028B190F804B0B34504BF80781B1879
:100B60000139BAE7DBB2E6458AF804303CBF5FFAE8
:100B70008CFE01227B1CA2D10AB189F800E002267A
:100B800040F6FF6A58F82670B7B9013EFAD2601BEA
:100B900005B0BDE8F08F0023E5E707EB410309F15D
:100BA00001093846A3F80AA0FFF72AFF5FFA89F186
:100BB000BB788B42F1D8E8E74FF00009F6E700BFB9
:100BC0007C0600207806002038B54FF6FF730246F9
:100BD0000380184B03EB81031869A8B1847803796B
:100BE000B3FBF4F104FB1133DBB2194600EB410512
:100BF000B5F90A50002D0EDB0131B1FBF4F504FB11
:100C00001511C9B28B42F1D1002038BD6381BDE816
:100C1000384006F080B900EB41046389C3F30E034A
:100C20001380C278002AF1D14FF4D5711720FFF755
:100C300097FC00BF780600201C4B03EB810370B5C6
:100C40001C69054644B3030404D54FF4DC71172036
:100C5000FFF786FC0146204606F040F9FF280146D2
:100C600004D02046BDE8704006F055B9A078B5FB29
:100C7000F0F300FB1353DBB219460A1D04EB4206E6
:100C8000B6F90260002E09DB0131B1FBF0F200FB86
:100C90001211C9B28B42F0D1002070BD8B4201D03D
:100CA0000023E37004EB42025580DAE77806002067
:100CB000094B03EB8103014610B51C69204606F081
:100CC0000DF9FF28014604D02046BDE8104006F08B
:100CD00022B9002010BD00BF78060020F8B5104BE7
:100CE000074603EB810301461C69204606F0F6F82F
:100CF000FF28054611D0E288238953EA024606D030
:100D00000146204606F007F901463846B04720461E
:100D10002946FFF775FE0020F8BD0520FCE700BF5F
:100D20007806002038B50E4B0446827903EB820327
:100D3000186908B9052038BD8278E1799142F9D265
:100D40004B1CE37100EB41035D89B3F90A30002BC2
:100D5000F3DBA58006F0DFF820600020EBE700BFA2
:100D60007806002070B5044610F003000E4603D04C
:100D70004E211820FFF7F4FBFFF722FE054624B1B1
:100D8000034831460460FFF71BFE284670BD00BFD4
:100D9000940600202DE9F14FDFF870B01E4607469B
:100DA0000D46DBF8003090469DF828A09DF82C9069
:100DB0001BB960211820FFF7D3FB5246092140469A
:100DC00006F04AF84A4684B20921304606F044F853
:100DD00081B2DBF80000214406F05BF8386018B9F6
:100DE000286001B0BDE8F08F044453464146092213
:100DF0002C60386806F00FF84B4609223146286807
:100E000001B0BDE8F04F06F006B800BF9406002020
:100E10001F2AF8B5044613460ED89200033222F07A
:100E20000303B3F5803F2DD2184DACB1A00710D00D
:100E30005F210920FFF794FBFF2B4FEA420204D900
:100E4000FF339A42A8BF1A46E8E77C2AB8BF7C2243
:100E5000E4E729706C602B8122F00302282301272C
:100E6000120403FB01F06B680025120CEEB2B142D4
:100E700000D8F8BD14B126181F705E60104401350B
:100E80002833F3E74FF0FF30F3E700BF9806002068
:100E9000154A002170B553681578C8B2854203D849
:100EA000AB210920FFF75CFB1C461846013114F802
:100EB000286B0EB92346F0E70021997001241289AE
:100EC000996103F126055C709208D96103F11E0453
:100ED000596824F8022FA54243F8041F1144F8D1A1
:100EE00000234361037070BD980600204B782DE904
:100EF000F04106460C4602F0040702F0FB05E3B1A0
:100F0000A5BBFF23A3707B0804EB57073A7D032A98
:100F100002D1022D18BF0133E2180121117503F12E
:100F20000C01002204EB830324F811205B68A270FB
:100F300030463360B280BDE8F081002DE1D101235D
:100F400001F11E028D6120464B7004F1260C1A4BF4
:100F5000CD611B8949689B0822F8023F944540F8FF
:100F6000041F1944F8D100236361CAE7D1F8048053
:100F700014220021A018617007F0ADF90E4B1B89F7
:100F8000B3F5FF7F0FD25A089B1A9BB208EB0301FF
:100F9000C4F804802384A1606284C4F80C80A38414
:100FA0002161E284ADE7B3F5EE6F4FF0FF02EBD9BC
:100FB00040F27263EAE700BF980600201F4B4FF033
:100FC000FF3000211A6801235360C2F80803C2F8F9
:100FD0000015C2F804351A4A12685360C2F80803B3
:100FE000C2F8001540F6FE71164A1748C2F80815F7
:100FF000B0F90020002A0CDB510902F01F029340D7
:1010000001F12002114941F82230BFF34F8FBFF3A5
:101010006F8FB0F90030002B09DB5A09012103F072
:101020001F03994002F16003084A42F82310054B60
:1010300040F6FE72C3F80825704700BF780E002006
:10104000740E0020002008508C0E002000E100E00B
:10105000014B1876704700BFA806002010B501218B
:101060000020FFF725FE044670B90121FFF7E4FDDB
:10107000044620B940F293313920FFF771FA034B4F
:1010800093F9061006F069FD204610BD48070020C0
:1010900008B506F0CCFA00F0EDFB00F08DFA06F092
:1010A000F0FB00F0C9FE00F0E5FC0022084B1B211C
:1010B0004FF4A4701A60074B98801A805980064834
:1010C000064B186099805A745A829A829A7508BDA4
:1010D000880000204807002003021B00740B00203A
:1010E000044B41F64C52C3E902221B221A74FFF74B
:1010F000CFBF00BF740B002073B5234D0446AB680F
:101100000363224B836106F047FC064600F044FA75
:101110008306297C53BF1B236B88AA881A46A4F830
:101120005A301B4BA4F85C201B6884F83810668783
:101130001BB194F9701020889847164E204631460E
:1011400006F001FB01236A8804F110006978E38549
:101150000332AB88019192B216F8121C033300914E
:101160009BB204F11401FFF715FE236923B940F285
:10117000CC613920FFF7F4F9636913B940F2CD610E
:10118000F7E7002002B070BD740B002000093D009D
:101190008C000020860B0020F7B504460D4606F0B3
:1011A0000FFD00286DD0204606F0E6FD38B1B5F8F9
:1011B0000130013B7F2B02D9122003B0F0BD204645
:1011C00006F0DEFD08B90C20F7E7204606F076FCB5
:1011D0000028F8D1204606F0B1FC06460028F2D1DE
:1011E000204601F011FB0028E6D042F21073B5F85A
:1011F0000170E97820465F4306F0AAFD204606F01C
:10120000B3FD014648B93A46204600F0E7FEB0B3C8
:1012100041F6A5413920FFF7A3F931460DF106004B
:10122000FFF7D2FC054608B90D20C6E7314606F0A7
:101230003EFABDF80630204629462B8006F0AAFD6E
:10124000204606F0A3FD88B9216A204606F0A0FDDD
:1012500001462846FFF750FF3A462946204600F04F
:10126000BDFE024620B141F6C841D3E70121F0E7B7
:10127000054B9B681BB105F58D71284698470020EA
:101280009BE7422099E700BF48070020034B5A889C
:1012900002801B7883700020704700BF740B002011
:1012A000F7B5077805460C46EF2F0FD890F90120C7
:1012B0004378002A0ADB8278900707D113F01000E8
:1012C0001DD1990603F0030202D51AB1122442E09F
:1012D000032AFBD01E07F9D42979EA78EE7942EA8D
:1012E0000122697942EA0142A97941EA06212E7A6E
:1012F00041EA06418A42E9D81F2A0FD8E6E713F0EF
:10130000600FE3D103F00702052A05D003F00F01B7
:101310000D22CA40D107D9D51A07DDD56A7A013A1C
:10132000062AD3D8AA7A032AD0D813F0040102D10E
:10133000023A012A03D8EA7A012AC7D811B9AA7C4D
:10134000032AC3D82A7D48B1012ABFD12A7E012AA7
:10135000BCD830B91124204603B0F0BD022AF5D123
:10136000B4E7DB0712D46B782A7D03F01803082B4F
:1013700011D1022AEED101213846FFF799FC064629
:1013800078B106F09BFBB8B10C24E4E700F0D4F888
:101390000028E8D1DEE7022AEDD02B7F002BEAD02F
:1013A000D8E701213846FFF747FC064640B3154B06
:1013B00093F9061006F0D1FB304606F0D2FC294620
:1013C0002070E874304606F017FCEB7E0446002BD4
:1013D000C1D00028BFD10246316B6846FFF786FDB9
:1013E0002246306B012105F001FE316B6846042274
:1013F000FFF77CFD22462146306B05F0F7FDAAE79A
:101400000724A8E74807002030B502798BB00346CF
:10141000042A4FD84088B0F5804F4BD82649002485
:101420008D5C1144ADF800404A798DF8084042F0D7
:1014300010028DF8244042EA45028D7AC97B42EAC7
:10144000850242EAC102694602F01F028DF80020BF
:10145000BDF80020ADF809201A888DF80E00000AAA
:101460008DF80B20120A8DF80D408DF80C208DF8A8
:101470000F008DF810405A7BD3F807008DF811202B
:101480005A79059002A88DF812209A798DF81320C8
:10149000B3F80B209B7BADF818208DF81A307F2312
:1014A0008DF81B304FF00113CDE90734FFF7F8FE3C
:1014B0000BB030BD1220FBE7CC1C010002780346C4
:1014C00072B1427862B142881A2A09D982881A2AEE
:1014D00006D90068034A106000209B8893807047FB
:1014E00012207047740B002002680020014B9A60A4
:1014F000704700BF740B002008B501F07DF900F0C3
:1015000059FE0248BDE8084001F060B954070020C8
:1015100010B5064C064904F5027006F068F804F5AB
:1015200003700449BDE8104006F061B8540700207C
:101530009000002098000020014B93F802017047B2
:101540005407002010B5074C00F07EFBD4F80802C9
:1015500006F045F8FFF7C4FD00F000FC012384F815
:10156000143210BD54070020014B93F81402704749
:101570005407002010B5074CD4F80C0206F02FF8E1
:10158000D4F8100206F02BF8FFF782FD002384F850
:10159000143210BD54070020014BD3E900017047FD
:1015A00050000020034B1868C0F30020400040F0BA
:1015B000010070475000002008B504F075FE0023BC
:1015C000074A32F82310814205D302EB8302937855
:1015D000044A137008BD01330C2BF2D10023F7E746
:1015E000E01C010069090020054B9A8C824201BF72
:1015F000002283F822204FF6FF729A84704700BFC2
:101600006A09002050B90A4A0120134603F8010B69
:101610000868C2F801008A889A807047012805D1BD
:10162000034B0A68D8719A608A889A81704700BF14
:101630009409002050B90B4B187888B1D3F80120D9
:10164000B3F805300A6001208B807047012806D16D
:10165000044BD87920B19A689B890A60F3E700208F
:10166000704700BF9409002010B9044B18787047E8
:10167000012806BF014BD87900207047940900204B
:10168000F7B58A8800238DF80600ADF804200868B5
:101690000B4A8DF807300146147802F5A872019DB7
:1016A000D8B2844201D8082007E052F8087F0133FD
:1016B0005668AE4208BF8F42F2D103B0F0BD00BF02
:1016C000A8090020084B0146002230B55C7803F2DF
:1016D0000113D0B2844201D8082004E013F8015F5E
:1016E00001328D42F5D130BDA8090020F0B5254D5D
:1016F00089B095F8984105F299116846224605F09F
:10170000E5F82146684605F0B1FF0446B8B300EBA2
:10171000400102A8C9B2FFF75DF8631E95F8A16108
:101720000124DBB295F8981105E0721CB2FBF1F0D0
:1017300001FB1022D6B206F120020DEB020010F8D8
:10174000202C002AF1D103EB430100F8204C06EBDA
:10175000460220312A44694411F8187C82F8A271AB
:1017600011F8177C11F8161C82F8A37182F8A411E5
:10177000013BAA19DBB282F89941FF2BD2D109B003
:10178000F0BD00BFA809002070B5064688B00C4621
:10179000002A4ED0294A92F8A131D01890F8991118
:1017A00019B9FF212820FEF7DBFE03EB43010133CB
:1017B000114491F8A251E57091F8A35191F8A41148
:1017C00025716171002180F8991192F89811B3FB8D
:1017D000F1F001FB103382F8A13192F8C23123B944
:1017E000174902F5DD7006F06EF865790D220021CB
:1017F000684605F03F0545F04005657106F06BFD54
:10180000E37804AA69468DF80F30304623798DF8C5
:101810000D508DF80E30042306F0C7FC9DF81F30E4
:1018200023709DF81E3063709DF81D30A37008B0C2
:1018300070BD03216018FEF7CDFFD6E7A809002090
:10184000ED160000044B5A78824286BF1B1893F8AD
:101850004A010020704700BFA8090020044B5A78B5
:10186000824286BF1B1893F842010020704700BFD8
:10187000A8090020064B00224FF461711A8083F8FA
:10188000C32183F8C421A3F8C61183F8C22170478D
:10189000A8090020014BB3F8C6017047A809002031
:1018A0000A4B30B55C7884420ED9184490F8020196
:1018B0002B3003EBC004A5790D7053F83000106095
:1018C0000120A388938030BD0020FCE7A8090020F8
:1018D0000246074810B590F8C34124B1417821B1C0
:1018E000023001F029F9204610BD0C46FBE700BF8D
:1018F000A80900202DE9F74F2F4C9A4680468946CB
:101900006378834256D9231893F8425185F0010534
:10191000F9B193F84A31E3B945F002070135BAF15C
:10192000000F18D1FA070AD5062104EB0810524619
:1019300001FB0841823001F58571FFF725FFBB07E8
:1019400034D504EB0810524649460230FFF71CFF1D
:101950002CE02F46E3E794F8A1614FF0010B002D36
:10196000E0D0A31993F89911019399B90092DAB1D3
:1019700000F0C4F9019B06EB4601009A4FEA102CD7
:1019800083F899B1214481F8A201000C81F8A3C128
:1019900081F8A401013694F89831013DB6FBF3F1CA
:1019A00003FB1166F6B2DAE747F00407384603B0E6
:1019B000BDE8F08F0027F9E7A8090020074B5A7807
:1019C000824209D91A1892F842212AB9062202FB4A
:1019D000003000F58570704700207047A80900208E
:1019E000064B5A78824281BF1B1893F83A01B0FA2D
:1019F00080F0400998BF0020704700BFA809002070
:101A000030B5002442F21075A0F84040B0F84440D0
:101A10004C43B4FBF2F4A0F84440541E05FB0343CE
:101A2000B3FBF2F3A0F84230084BB3FBF2F30133FF
:101A3000A0F84830838F05FB0344436B5943B4FB44
:101A4000F2F4B1FBF2F18463416330BD005A6202EB
:101A5000074B93F900301844142804DC10F17F0F71
:101A600003DB40B27047142070476FF07E00704770
:101A7000700B0020024B00221A705A70704700BF92
:101A8000700B002083230B70014B1B78CB707047C9
:101A90008C0B00202DE9F347824689460527002656
:101AA000DFF84881D9F8103053B11B7A1BB9802177
:101AB0001020FEF755FDD9F81040B4B9002071E0B0
:101AC000D9F80440237A012BF8D0EFF3108372B6D3
:101AD000D9F804201268C9F8042003B962B6C9F81D
:101AE0001040237A0BB9A621E2E7257AEDB22772DE
:101AF0006B1E0B2B6AD8DFE803F066061C346369A3
:101B00003D6969696958636813B94FF4D771CFE7C4
:101B10002046514698470420EFF3108272B6237A8C
:101B2000052BD9B25CD12672C9F81060B2B962B681
:101B300014E0636813B940F2B711B9E75146204683
:101B400098470346ADF80400C0B2C3F30723012B46
:101B50003FD0022BE0D10023C9F810300028A1D0DB
:101B600020E0636813B940F2BF11A1E7204698470F
:101B70000020D1E763680BB9B52199E70B22002457
:101B80008AF800200122198818698AF80220AAF828
:101B900003108AF805208AF8064005F070F9042041
:101BA000C9F8104002B0BDE8F087D8F800305146BF
:101BB00020469847034660B10220C9F81060F1E75B
:101BC0004FF4FB7174E740F2F91171E74FF4FE71C5
:101BD0006EE725720028E5D1002B7FF463AF6DE737
:101BE00011B940F21D2163E700209FE7A400002007
:101BF00038B5134C14220021201D06F06CFB012582
:101C0000257404F108031422002104F11800C4E92A
:101C1000013306F060FB84F8245004F11C03094AE8
:101C2000C4E906330023E362236384F83430C4F844
:101C30003530C4F8393084F83D30136038BD00BF0A
:101C40008C0B0020A000002010B5084C2378FF2B3F
:101C500004D04FF4A0711020FEF782FC04F06AFD5E
:101C60002070BDE81040FFF7C3BF00BF5D0000203B
:101C700010B5034C207804F077FDFF23237010BDCE
:101C80005D000020014B187804F07EBD5D0000204F
:101C900010B506490446FFF7FDFE28B92046044961
:101CA000BDE81040FFF7F6BE10BD00BFA40B00203A
:101CB000900B0020134610B5027A22B140F2992110
:101CC0001020FEF74DFC0A4601460248BDE81040D0
:101CD00005F0D9BD900B00200346064890F83E2041
:101CE0003AB190F83D2022B9034900F8353B05F0A0
:101CF000E7BD70478C0B0020851A0000094AD2E925
:101D00000003434083EAB01181EA43214FEAF343E1
:101D100011605360044B58434FEAF06000EB8000C1
:101D2000704700BFCC0B0020BB79379E094AD2E92F
:101D30000003434083EAB01181EA43214FEAF343B1
:101D400011605360044B58434FEAF06000EB800091
:101D5000704700BF60000020BB79379E10B50A4C69
:101D600008210948FEF736FDD4E900321343F7D0C5
:101D7000064CFFF7DBFF2060FFF7D8FF23686060A9
:101D80001843F6D010BD00BF60000020CC0B00202F
:101D9000F0B51F4D00242B7814709BB1013B6D688A
:101DA000DBB21E1B012E0FDC05EBC40655F83470A8
:101DB00076688E4208BF874227D0B84271EB06068C
:101DC00012D214700020F0BD1E197710C6F347061A
:101DD00055F837C005EBC70E8445DEF804708F4117
:101DE0002CBF33463446DCE705EBC30455F83350CB
:101DF00064688C4208BF854206D0A84271EB040497
:101E000028BF01331370DDE71C4601201470DAE7A8
:101E1000F40B002010F0070208B503D0632148201E
:101E2000FEF79EFB18B1034B197258601A70C80078
:101E300008BD00BFF40B0020014B00221A70704750
:101E4000F40B0020F7B5044618B9E2213020FEF764
:101E500087FB072900F2BC80DFE801F004844646D6
:101E600041BA33B703F0DCF9C4E94001204600F081
:101E7000F3FDD4F8F400A43803F028FA10B940F2C6
:101E80007B21E3E7204605F077FF0546F8B90146D8
:101E9000204605F09AFE00F1AE06D4F8F400B042F8
:101EA00009D2301A0321192838BF192003F029F963
:101EB000051E18BF0125C4F8F460204605F076FF22
:101EC0003DB1204603B0BDE8F04005F070BF0025ED
:101ED000F3E7D4E94023C4E93A2303B0F0BD03B0EB
:101EE000BDE8F04001F02CBC05F07AFE0023074667
:101EF0000E4684F8F93002F0F7FF0722A7FB0235FF
:101F000002FB0655D4F8EC200192D4F8E8209B1887
:101F1000019A45EB0205D4F8CC2032B157EA06020B
:101F200003D0984271EB050216D2022284F8F82001
:101F3000D4F80821D4F80CC1121A6CEB010C94F8F7
:101F400018E1BEF1000F09D1012A7CF1000E11DA6F
:101F5000204600F089FD05E00122E7E7012A7CF137
:101F6000000CF5DB94F8C80002F0D6FF002384F8DB
:101F70001031B2E7984271EB050E0ED23E430CD001
:101F80001B1A65EB01019A427CEB010005DB012B7A
:101F900071F10000A4BF1A468C460F49012394F842
:101FA000C800914284F811314FF0000384F8F030FA
:101FB00073EB0C03B8BF0A4604F1F00103F0A6F975
:101FC00000288AD140F2EF6140E74FF480713DE78D
:101FD0004FF482713AE700BF0040420F2DE9F04113
:101FE00004460E46154690F8103103F0FF071BB16A
:101FF0000C273846BDE8F0810146474802F09CFFB7
:1020000020288046F4D05722394604F1C90006F052
:1020100062F984F8C880C4F8CC60FF2384F81031DA
:1020200036B1FFF783FE00F00700013086F8CC01DF
:1020300002234FF00008A4F8F83084F8F08004F090
:102040003DF900F14906204605F096FE0146B6B27C
:10205000002839D005F0E9FA00F5CD61284689B2AB
:1020600004F0D6F82844AE3DC4F8F40002F03CFF7A
:102070003018A4F8268041F10001C4E94001012094
:1020800084F8D00005F02FFF2D1AC4F8D4504FF07B
:10209000FF356FF0004194F8C800D4E94023C4E94B
:1020A0004251002504F1F001C4E93823C4E93A2380
:1020B00084F8115142F2107203F028F938BB40F253
:1020C000EB113020FEF74CFA2046DFF8508005F087
:1020D0007CFDAE30C4F8F400B8F8000048B1E08CE4
:1020E00038B1FFF723FEB8F80030B0FBF3F202FB83
:1020F0001300064402F0F8FE361841F10001C4E96D
:102100004061002DC3D0AD1941F10001C3E729465C
:10211000204605F04EFE6CE7451E0000200C002016
:10212000F0B5002385B0CDE9003301238DF80630EA
:102130006846FEF7F7FD70B11D4E01230027B3700E
:10214000CDE9027702A8FEF7EDFD0546C8B10023F0
:10215000B37005B0F0BD009805F0E7FBE8E790F834
:10216000F70102F099FF94F8F70103F03FF894F8B3
:10217000F70184F8DC5102F0CFFE202384F8F73118
:10218000DEE7029B002BDDD093F8F721202AD9D07F
:1021900018884FF6FF739842D9D02946FEF788FD7C
:1021A00004460028DBD140F237113020FEF7D8F981
:1021B000200C0020044B0022DA709A7042F2107258
:1021C0001A80FFF7ADBF00BF200C0020014BD87074
:1021D000704700BF200C0020014B1880704700BFE3
:1021E000200C00200346074A1068D3F85120C0F89D
:1021F0000320B3F85520A0F8072093F8501005F0FD
:10220000C5BA00BF280C002070B504460E46134620
:10221000407F6588324615F0040118BF04F15F0164
:10222000FFF768FB4107054621D4C2070BD5012300
:10223000607F84F85030FFF7C1FB0368C4F8513069
:102240008388A4F85530AB0701D4012070BD094B39
:1022500001211868D4F85F3084F85E10C0F80930A6
:10226000B4F86330A0F80D3005F099FAEDE70020DE
:10227000ECE700BF280C002038B5C38D04460F4D95
:102280000133C3F30E03C385AB7C2BB101F03EFADF
:1022900000F0B0FC0023AB7400232B7194F8713074
:1022A0002BB101212046BDE8384005F085BB637C99
:1022B00013B1E28D9A42F4D20021F3E7280C0020FA
:1022C00010B5094C2379012B02D02379022B05D1BB
:1022D000A37C1BB101F01AFA00F08CFCE069BDE8A8
:1022E0001040FFF7C9BF00BF280C002070B5294C73
:1022F0002379012B07D02379022B04D040F65C41CF
:102300002D20FEF72DF9A0B90125A37C1BB101F00A
:10231000FDF900F06FFC002D3AD0E06905F02AFBD2
:10232000002830D001F0F0F8236ABDE870409B68C7
:1023300018472168E26911F8095B02F1510392F82C
:102340005020E80905F074F90028DDD0002120684C
:1023500005F04AFA0028D7D02379E069012B05D08F
:102360002379022B02D040F63541C9E7237905F0E5
:102370000F01226A03F180435269013B52F8233076
:1023800098470546C1E7E069BDE87040FFF774BFB4
:1023900070BD00BF280C00200346074AD06903B96E
:1023A00009B9FFF769BF1379126A03F18043126913
:1023B000033B52F823301847280C002003292DE94D
:1023C000F043054685B0174607D14388980723D4C4
:1023D0000024204605B0BDE8F083428890F87030B4
:1023E000D107DBB2F4D5002BF2D14FF00108DFF8B2
:1023F000D49099F81260C6B105F04FF908283870EA
:1024000016D002AA0DF10701FFF74AFA38B940F6D3
:10241000D4612D20FEF7A4F84FF00208E7E702A9E7
:102420009DF8070005F06CFA06463B78082B08D1AA
:10243000D9F8001011F8030BC0F3801005F060FA12
:102440000646D9F8001005F1580395F8572011F801
:10245000030BC0F3801005F0EBF8D9F80010044628
:1024600011F8030BC0F3801005F00DF98146FFF75A
:10247000B7FA40B1B9F1080F1BD04846FFF7E2F9AF
:1024800080F00103D8B23A78082A14D01CB96C7FC6
:10249000A21A544254416A8853079AD4002897D10B
:1024A00076B9EC7C444518BF002C0CBF01240024F5
:1024B0008FE70020E7E780F001022240D4B2EAE78C
:1024C000344686E7280C0020032973B5044604D05F
:1024D000052956D0012002B070BD08230DF1070276
:1024E0008DF80730FFF76AFF0028F3D0237C294DD1
:1024F00003B39DF8070094F8BE30DBB923780828B1
:1025000004F1C10284F8BF302CD004F1C001FFF700
:10251000C7F920B940F64A712D20FEF721F894F84A
:10252000C03043F0020384F8C0301B4904F1B60008
:1025300005F0C6F92B680622042620465A701E7044
:10254000FFF750FEE16B94F84020286805F03DF954
:1025500028682E7101F090F80021286805F00EFD22
:102560000020B8E72868034613F8031BC1F3801165
:1025700084F8C010D0F80310C4F8C1109B88938071
:10258000D3E7064B1B68002BEAD0984780F0010088
:10259000C0B2A0E7280C0020C97A0000A8000020E3
:1025A000F8B504460F4619B300F12805284605F092
:1025B00077FCA0B963881A072ED5284605F085FC5C
:1025C0000646284605F06CFC301AC0B205F08BFCBC
:1025D000494A936803442846936005F040FC284626
:1025E00005F042FC00F0E2FE2179252000F040FEDB
:1025F000414E002394F85E20306803704370638876
:10260000103B0D2B68D8DFE803F063675F0C67446D
:1026100067676767676767442046BDE8F840FFF76C
:102620002BBE06234370202303702046FFF7DAFDFC
:10263000638823F008039BB2152B05D094F838204B
:10264000616B306805F0B2F8306801F015F80021D0
:10265000306805F093FC032321790020337100F0EA
:10266000CFFE054607B9F06063881B0704D505F067
:1026700037FC0544C4F8D8506388103B0D2B36D87E
:10268000DFE803F038352F2F352F35353535353523
:10269000352F0C2321214370034603F8091B52B147
:1026A000D4F85F200121C0F80920B4F863209A8093
:1026B00005F075F8B9E7A26DC0F80920B4F85C2000
:1026C0009A8094F85710F3E7062303704370ACE741
:1026D000022303700623F9E740F236612D20FDF74F
:1026E0003FFF21790120BDE8F84001F01DB840F618
:1026F000CF41F3E7F8BD00BF280C002038B5438870
:102700000446102B04D10121BDE83840FFF748BF33
:102710000B4DAB7C23B100F041FA402000F0EAFF02
:10272000286800F0A9FF608810F0040002D1217928
:1027300000F0FAFF002000F0BBFF01232B7138BD31
:10274000280C0020024B0121D869FFF729BF00BFE8
:10275000280C002010B5134CA37C1BB100F0D6FF51
:1027600000F048FAE06905F005F970B12379012B12
:1027700010D12379226A03F18043E069D268013BDA
:10278000BDE8104052F823301847E069BDE810401A
:10279000FFF772BD2379022BEBD040F65E312D207E
:1027A000FDF7DEFE280C0020074810B5037903F082
:1027B000FF0433B918222146043005F08CFD204671
:1027C00010BD0C24FBE700BF280C002010B500232F
:1027D000084C23712060FFF7E7FF20B140F2EF21A2
:1027E0002D20FDF7BDFE236A13B940F2F221F7E771
:1027F00010BD00BF280C0020014B024A1A6270472E
:10280000280C0020AC2A0000F8B5057D0446AF1E58
:10281000FFB2002D3AD0012F2DD800F1580190F8C9
:10282000570004F030FF0828064624D0FFF716F8BA
:1028300010BB023D18BF0125012F84F85050667768
:102840008CBF002701272777FFF724F8054602F001
:102850004BFB0022164B84F85E20E5FB0301C4E924
:10286000120111462046FFF7CFFC70B940F27A41C1
:102870002D20FDF775FE0826022D09D104F1510126
:102880000020FEF7D7FE80B90020F8BD0826F5E746
:10289000E37E002BF8D0D4F815300125C4F8513070
:1028A000B4F81930A4F85530C6E70025C4E700BFD6
:1028B00040420F00F0B5464E85B00446327902F032
:1028C000FF0312B90278FF2A04D140F6B9112D2076
:1028D000FDF746FE3382B3607371B37180F87130D7
:1028E0003C4B684604F1280500933B4B01933B4B5E
:1028F0000293336A5B68039300F0B6FE00F0EAFCD3
:1029000000F004FF00F076F9354800F045FD354849
:1029100000F0A4FE284605F0A2FA284605F0A4FA25
:1029200000F044FD2179252000F0A2FC94F912006A
:1029300000F02CFD04F13401206B04F075FB074618
:1029400004F13C01206B04F096FB0546E7B194F8D6
:102950002430CBB1B4F92E50ED43ED0F237F13B9E2
:1029600063885B0709D56FF00043D4E912129A42DD
:1029700008BFB1F1FF3F0ED1A5B930680330FEF7B3
:10298000A7FFB07405B0F0BD002DE7D094F8255036
:10299000002DDFD1E2E702F0A7FAD4E9122390423A
:1029A0009941E9D3012229462046FFF72DFC50B179
:1029B000FEF770FF054602F097FA0B4BE5FB0301AB
:1029C000C4E91201D9E7002DD7D040F6F6117EE711
:1029D000280C002055270000ED220000992300005C
:1029E000D6BE898E5555550040420F0073B504463A
:1029F000FFF760FF00212046FFF7D2FDA36E0BB169
:102A000001221A606388DB0720D50023104E256A57
:102A1000CDE90033FF23F3746846FEF783F9A8B9C4
:102A2000009CA542F8D005F10A036A7A04F10A0174
:102A3000607A04F0FDFD0028EED0A378F374D4F89A
:102A40000300044B7061B4F807209A8002B070BD97
:102A5000280C00203C0C0020024BD8611B6A1B682C
:102A6000184700BF280C002043881B0710B50446F8
:102A70000ED5036A3C220849723042721B8843819A
:102A8000FF2380F827304FF6FF73038504F018FF0B
:102A9000FF2384F8713010BDE17A0000337B000021
:102AA000FD260000397B0000C9240000ED2900004C
:102AB000C1220000452700009C2A0000A02A000037
:102AC000A82A00000138022808B503D9C3212F2005
:102AD000FDF746FD13290A4B05D811290CD81029FA
:102AE00007D0D121F3E71529FBD103EB4003D888A8
:102AF00001E033F8100008BD03EB40039889FAE7C2
:102B0000B21D0100064B1B68D3F8000138B1D3F8A1
:102B1000040120B1D3F80801B0FA80F040097047F1
:102B2000740E0020034B00221A705A7010229A7003
:102B3000704700BF680C0020F8B506460220144616
:102B40000D4600F01FF9114B114A0127191D5C6059
:102B50009A6002F1807203342D011F70DC601D83C6
:102B6000C3E904260022243303F80A2C0D2203F8BB
:102B7000092C084A1268C2F830150749C2F80875CE
:102B8000C2F8383503C983E80300F8BD680C00209B
:102B90000300000B740E0020D01D010008B50220B8
:102BA00000F0F0F80D4B01221A7000220C4B1B684C
:102BB000C3F80021C3F80421C3F80821094AC3F867
:102BC0008020094BC3F88C20084B1B68C3F88C216C
:102BD0000822074BC3F8042508BD00BF680C00207D
:102BE000740E00200300008000300850800E00208A
:102BF00000200450154A08B51378FBB1144B19682E
:102C00000023C1F880301349C1F88C30124909689B
:102C1000C1F88C310821114BC3F80815FFF772FF7A
:102C200088B101235370938EFF2B03D9BA213B2027
:102C3000FDF796FCDBB29370002313700020BDE813
:102C4000084000F09FB810235070F4E7680C002093
:102C5000740E002000300850800E00200020045028
:102C60000A4B1A786AB10A4B1B68D3F8002152B19B
:102C7000D3F8040140B1D3F80801B0FA80F040095C
:102C80007047587870470220704700BF680C0020DA
:102C9000740E0020064A08B513782BB1FFF732FFF7
:102CA00020B192F8340008BD9078FCE71020FAE7D4
:102CB000680C00200A4B02211A680023C2F88030F9
:102CC000084AC2F88430084A1268C2F88431074AB8
:102CD000C2F8081502F58022C2F80835704700BF17
:102CE000780E002000300850800E00200020045094
:102CF000024B00221A809A70704700BFA00C00207F
:102D0000054808B503781BB1FFF7D4FF0023037013
:102D100000234370837008BDA00C002038B50A4D15
:102D200000242B68D3F80025032A04BF01225A602F
:102D3000064A1268C2F80045C3F80045FFF7E0FFF5
:102D40002B68C3F8804038BD740E0020780E002038
:102D50000A4BB3F90030002B0DDB5A09012103F0B7
:102D60001F03994002F12003054A42F82310BFF3E4
:102D70004F8FBFF36F8FFFF7D1BF00BF8C0E0020C6
:102D800000E100E010B50446FFF7C8FF012C06D0B3
:102D9000022C0AD044B18C213D20FDF7E1FB084B09
:102DA00002221B68C3F8002510BD064B03221B68D6
:102DB000C3F8002502F10042C3F88020F4E700BF09
:102DC000780E0020740E0020024BD3F8A00300F010
:102DD0000100704700C0FF00084BD3F8A423D3F8CC
:102DE000A833511C9BB203D14FF6FF718B4203D025
:102DF00002608380012070470020704700C0FF0000
:102E00000B4B30B5D3F89053D3F89443D3F89813C1
:102E1000D3F89C2305EA04030B401340013317BF8A
:102E200005600020446081601CBFC260012030BD8D
:102E300000C0FF000B4B30B5D3F88053D3F8844368
:102E4000D3F88813D3F88C2305EA04030B4013400E
:102E5000013317BF05600020446081601CBFC26061
:102E6000012030BD00C0FF00064B0022C3F8002245
:102E7000C3F81822C3F82022C3F80C22C3F8142286
:102E8000704700BF00A00850024B00221A809A70C1
:102E90001A717047100D002038B5144D03460846CE
:102EA00095F83D2022B940F6B2113E20FDF758FBBF
:102EB0006BB9012AAC6B95F83C1005D100F0D4FD3C
:102EC00020442B6BC01A38BD05F05EF8F8E7012BE3
:102ED0000AD1012AAC6B95F83C1002D100F0B6FD86
:102EE000EEE705F05CF8EBE70020EAE7100D0020C4
:102EF00008B50128084B83F82400084B06D00228A7
:102F000008D040F6DC613E20FDF72AFB0322C3F81F
:102F1000002508BD0422FAE7100D002000A008508B
:102F200008B5144B93F84A30D90720D59A070ED527
:102F3000114BD3F8002442F00102C3F80024D3F867
:102F4000200500F0F600023818BF012008BD5B071D
:102F50000DD5094B094AC3F80821A3F5A043D3F8BE
:102F6000403123B140F28A713E20FDF7F9FA012089
:102F7000ECE700BF100D002000A008500B000080FF
:102F800008B570B9104B28311846D9600F4900F0C8
:102F900013FE0130012816D940F66D013E20FDF7E1
:102FA000DFFA01280CD1084B29311846D9600749AE
:102FB00000F008FE0130012805D940F67701EDE761
:102FC00040F67B01EAE708BD6C000020001E01000E
:102FD00008B50C4B9B78012B09D100F0F9FD0130AD
:102FE00001280ED940F604213E20FDF7B9FA022B44
:102FF00007D100F0F3FD0130012802D940F60A2183
:10300000F2E708BD100D00200A4B40F409000A4AFF
:103010001B8D40F04000B3F5166F36BFA3F6381392
:10302000A3F5166343F48073C2F80837C2F840056D
:10303000704700BF100D002000A0085037B50C46A7
:103040000546FFF755FF20462146FFF7DDFF104AF2
:1030500001AB284692F9252000F048FD9DF80500B7
:1030600000F0C2FD20B140F255713E20FDF778FA24
:103070009DF9040000F086FC064B40F20312C3F8F1
:10308000442E40F25B62C3F8482E03B030BD00BF4F
:10309000100D002000A008502DE9F8430C461746FB
:1030A0008046434D00283FD10123AB702B78012B84
:1030B00023D1404B33F812304FF47A7203F5FA7390
:1030C000B3FBF2F3CC1A2B6B3B4E1C443B4BC6F8C4
:1030D0004045C6F8C0312B78002B57D195F84A30BF
:1030E00043F0020385F84A30FFF71AFF054600282F
:1030F00053D100252846BDE8F883104695F82610E0
:10310000FFF79CFF2E4B4FF47A7253F8273003F5EC
:10311000FA73B3FBF2F3E41A2B78002BD3D1294BCB
:10312000264AC3F80021CEE701282AD10223254EE2
:10313000AB702B78012B06D1D6F8003443F0100386
:10314000C6F80034BFE795F826901046FFF7D0FE8A
:10315000293C4846FFF758FFD6F8003443F01003E7
:10316000C6F8003440F20313C6F8443E40F25B63F5
:10317000C6F8483E2B78002BA5D1104BC6F8043179
:10318000A1E74FF413613E20FDF7EAF9012BABD123
:1031900095F84A3043F00403A4E70123F364D6F81A
:1031A0004C35A342A5DA21464046FFF7E9FEA1E7E8
:1031B000100D0020801E0100005008500B00008000
:1031C000741E010000A0085008B5602200210348C9
:1031D00005F081F8BDE80840FFF756BE100D00204D
:1031E000024B0344187D00F516607047001E010075
:1031F0000A4B93F83C20D3E90C30C01A084B03EB80
:103200008203DB6BC01A074B53F822304FF47A72FB
:1032100003F2F313B3FBF2F3C01A7047100D002052
:10322000001E0100681E01000F4A08B592F83C100C
:10323000012906D0022914D040F2C6213E20FDF714
:103240008FF940F61C40D2E90C239B1A074A02EB87
:103250008102D26B9B1A4FF47A72B0FBF2F01844E1
:1032600008BD4FF4AF60EEE7100D0020001E010016
:10327000FF2808B504D940F2E5213E20FDF770F99A
:10328000124B0129A3F8480004D0022919D040F2BA
:103290004131F2E7002343F4801340F000700C4A00
:1032A00043F4847340F44030C2F8203EC2F8280E44
:1032B000D2F8203503F0F703032B05D14FF45671F4
:1032C000DBE74FF08073E6E708BD00BF100D00207C
:1032D00000A00850F8B5244E4FF48067C6F89070EF
:1032E000BFF34F8FBFF36F8F204C0121204DC4F8E7
:1032F000A410FFF7B9FD0323C4F8401E85F824107D
:10330000C4F800354FF40023C4F80034194B187C7E
:1033100000F07CFC03F0B0FA174B184AC4F83833BD
:10332000174BC3F8C820013AC3F8C42040F6FE7218
:10333000144BC4F81433144BC3F804250023AB8793
:10334000AB6385F84A3001F0CCFF4FF480732863FB
:10335000C6F89071C4F888342B6E376103B1984772
:10336000BDE8F84000F01CBC00E100E000A00850FF
:10337000100D00206C00002003000080060000807B
:10338000005008500100008000200850014B83F8D5
:1033900025007047100D0020020E034B0002C3F8F9
:1033A000342EC3F82C0E704700A00850044B054A79
:1033B000034482F826001B7D03F5166313857047CE
:1033C000001E0100100D002010B504460068FFF734
:1033D000E3FF094B6268C3F84C2E207AFFF7E6FF43
:1033E000617A6089FFF744FF607AFFF781FD227BF5
:1033F000024B83F8252010BD00A00850100D0020BE
:103400002DE9F041324C06460F4694F84A30DA076F
:1034100004D440F6BE013E20FDF7A2F82D4D43F046
:103420000203D5F8002442F00102C5F8002484F814
:103430004A3028BB012394F826103846A370FFF7C2
:10344000FDFDA378012B02D040F6CA01E3E7224A32
:10345000D3642B60204B3046D3F84C552946FFF7F8
:103460008FFD236BED1A7EBB1C4B4FF47A7253F821
:10347000273003F5FA73B3FBF2F35819BDE8F08176
:103480000128E7D1022394F826800846A370FFF7AD
:103490002FFD4046FFF7B8FDD5F8003443F0100388
:1034A000C5F8003440F20313C5F8443E40F25B63B4
:1034B000C5F8483EA378022B02D040F6D201AAE715
:1034C000054BDE646E60C5E705F12900D6E700BF55
:1034D000100D002000A0085000500850741E01007C
:1034E00008B5FFF7D9FD58B9064B0122C3F84005CE
:1034F00003F5A04302201A61BDE80840FEF7ECBBCB
:1035000008BD00BF0050085013B5264B4FF4806132
:10351000254A4FF0FF30D3F88844C3F89004C2F82E
:1035200090114FF40022214904F48074C3F8002460
:10353000002281F84A201E49C1F84025C3F808211D
:10354000C3F80021C3F80421D3F82015C9B2D1B1C2
:103550008DF80700C3F8202201221A619DF8072088
:1035600012B1D3F820223AB19DF807305BB940F68A
:10357000F2113E20FCF7F4FF9DF80720013AD2B289
:103580008DF80720EAE7FFF723FD06490023C1F87D
:103590002032FFF779FC1CB14FF48073C1F88834F6
:1035A00002B010BD00A0085000E100E0100D0020A6
:1035B0000050085070B50024234D244EC5F84845EE
:1035C000C5F84445C5F84045C5F84C45FFF79CFF94
:1035D00000F0ECFAC5F8C441C6F80841C6F800414D
:1035E000C6F80441C5F8C840C5F8C44003F05CF90A
:1035F000174B40F6FE72C6F83843C6F81443C5F8B8
:10360000C041C3F808254FF48062124B1C77C3E910
:103610000D44114BC5F84845C5F84445C5F840452B
:10362000C5F84C45C5F84841C5F84441C5F8404186
:10363000C5F84C41C3F89020BFF34F8FBFF36F8F95
:10364000C3F8902170BD00BF0050085000A0085082
:1036500000200850100D002000E100E0014BC3F8ED
:103660004C0E704700A0085010B50FC8014C84E8FC
:103670000F0010BD740D002008B50B4BC3F8D00E21
:103680000A4B93F84A20586442F0010283F84A201A
:10369000FFF746FC30B9FFF737FF0320BDE80840CD
:1036A000FEF71ABB08BD00BF00A00850100D002097
:1036B00010B50E4C0346022294F83D0022770128F3
:1036C00094F83C1094F824204FF096000BD100F0B1
:1036D000D7F9074A00232062C2F84431A36B0344A0
:1036E000C2F8443510BD00F0E5F9F2E7100D0020F6
:1036F00000500850044BC3F8940ED3F8002442F055
:103700004002C3F80024704700A00850054BD3F8CE
:10371000002422F04002C3F800240022C3F8942EB3
:10372000704700BF00A008500022044B90421A705E
:10373000D97014BF022201225A707047100D002068
:103740002DE9F0470123824C824DB4F84870EB64B8
:10375000D5F84C25236BA2EB030801F0C5FBC4F898
:103760005880C4E91401FFF733FC7B4A0023C2F8F8
:103770000831C2F80031C2F80431D2F8001421F047
:103780001D01C2F8001484F84A30237F23B1D5F814
:103790004431003B18BF0123A17801290AD1D2F896
:1037A0001852002D43D16C4BD3F82032ABB145F009
:1037B000100512E0022938D1674AD2F81852D2F81F
:1037C0000C2E003D18BF0125D6074FEA450558BF0E
:1037D00045F004052BB345F00105FFF745FBE8066E
:1037E000A37803D5012B08BF45F02005594A94F86A
:1037F0000190D2F84815A163D2F8442584F83D30F1
:1038000094F82430626384F83C30B9F1000F10D191
:10381000FFF73AFB84F81C90E9077DD5636E984763
:1038200044E015F00B0FD8D1BDE70025BBE7082514
:10383000D3E715F0110F0ED1B9F1010A23792678DB
:1038400018BF4FF0010A012B43D0022B56D02BB1E9
:103850004FF4446145E0FFF757FEDDE796215046FF
:10386000FFF71AFB0146FFF70FFB012E50D1B9F10C
:10387000010F14BF272333239844884543D90220DE
:10388000FEF72AFA344B30461E61AA0746D5636C10
:1038900001465B78BB42A36E88BF45F00405C5F3C3
:1038A000800585F0010505F001009847A378022BFB
:1038B0000DD1237F5BB1022B264A3DD1A36B216A38
:1038C0000B44C2F84435234B244AC3F8C421BDE855
:1038D000F0872348FFF778FD94F83D3023B940F690
:1038E000B5013E20FCF73CFE012B04D1FFF79CFC08
:1038F000A369C118B7E7FFF77BFCF9E71848FFF7A2
:1039000063FDA169AFE7134B00222670C3F8402185
:10391000E2785046FFF7E4FD0020B6E715F0280FE7
:1039200005F0200104D0B1FA81F1E36E4909BCE74A
:10393000EB06BBD5236F72E7012B02D040F69F51F7
:10394000CFE7236AA16B8B42BBD84FF45A61C8E71B
:10395000100D00200050085000A008500900008001
:10396000180D0020024B03EB8003D86B704700BF9B
:10397000001E0100024B03EB8003986C704700BFF0
:10398000001E01002E3008B5362854D8DFE800F0BC
:103990005053535353534D53535353535353535300
:1039A00053534B53535353535853585349534753FB
:1039B00045534353413F3D3B39373533312F2D2B51
:1039C00029272523215A1C003F231F4AC2F81037FC
:1039D00008BD3323F9E72D23F7E72823F5E7232351
:1039E000F3E71F23F1E71B23EFE71823EDE7152388
:1039F000EBE71323E9E71123E7E70F23E5E70D23BF
:103A0000E3E70B23E1E70A23DFE70923DDE70823E8
:103A1000DBE70723D9E70623D7E70523D5E7042308
:103A2000D3E70323D1E70123CFE74FF49873CCE723
:103A30004FF48873C9E74FF486713F20FCF790FD7F
:103A40000223C2E73923C0E700A00850054B4FF41A
:103A50007A72023833F8113003F2E733B3FBF2F332
:103A600018447047601E0100044B4FF47A7233F81B
:103A70001130B3FBF2F3013318447047601E0100AC
:103A800038B51D460A4B33F8114003EB8203053568
:103A90009B681C444FF47A7304F6B73403FB00446C
:103AA0001046B4FBF3F42544FFF75CFF284438BD0F
:103AB000601E010070B5064608461546FFF75AFF1E
:103AC000094B03EB85039C684FF47A7304F6B73413
:103AD00003FB0644241A2846B4FBF3F4FFF742FF25
:103AE0000530204470BD00BF601E01002DE9F04F7D
:103AF000264C87B0074698460D46164601F0BAFE9A
:103B000023788146BB4211D16378AB420ED194F940
:103B10000230B3420AD1E378834207D1A388A8F8E0
:103B2000003094F9060007B0BDE8F08F7B1EDBB2D1
:103B3000032B0DD8164A294612F803A00DF11703DE
:103B40003246504601F09CFE38B14121A92002E0E6
:103B500040F2FE410620FCF703FD039028469DF944
:103B600017B0FFF73DFB039A0346414658460092C3
:103B7000524600F03FF8B8F80030A071A3802770DB
:103B80006570A67084F80390CBE700BF800000202A
:103B9000861E0100014B1B681B681847AC00002003
:103BA000014B1B685B681847AC000020014B1B6889
:103BB0009B681847AC000020014B1B681B69184725
:103BC000AC000020014B1B685B691847AC0000206B
:103BD000014B1B689B691847AC000020014B1B6818
:103BE000DB691847AC000020014B1B689B6A184733
:103BF000AC00002030B4044C9DF8085024680295B5
:103C0000E468A44630BC6047AC00002000220D49A7
:103C1000134610B540FA02F4E40744BFCA545C1CD2
:103C200002F1010248BFE3B2042AF3D1054AFF249E
:103C3000D118032B01D9107110BD013301F8014BCC
:103C4000DBB2F6E7D814002008B5074801F05AF8AF
:103C5000054800F03FF801F009FD01F003FC00F019
:103C6000A7FB012008BD00BFD40E002008B501F05D
:103C700025F801F0D1FC01F019FCBDE8084000F086
:103C8000B3BB01F035BD01F06FB810B5EFF3108490
:103C900072B601F069F804B962B610BD01F076B8E9
:103CA00001F08EBD01F044BD01F054BD01F054BDE2
:103CB00001F058BD01F07ABD08B5054B1A781AB16C
:103CC0002721032002F0B8FB5860197008BD00BF1F
:103CD000DC0E0020024B986000221A705A60704778
:103CE000DC0E0020F7B51E4C2378012BDAB204D08D
:103CF000022A2ED0012003B0F0BD0DF1070160684B
:103D000000F07EFB65686B7DDB071CD5AB7F042B69
:103D100019D001F083F80646A8B101F085F82B69A7
:103D2000D5E900279A18B36847F100070A332CBF7A
:103D3000012500251B1845EB01059342BD4102D327
:103D4000606800F02DFC0023636023709DF807007D
:103D5000D1E70DF10701606800F05CFBF3E700BFFD
:103D6000DC0E002010B5837F8BB9034601F11802E9
:103D700051F8044B914243F8044BF9D10124847764
:103D80002146FFF799FF00F0E1FF204610BD00201B
:103D9000FCE773B505460C4601F040F80646AB7FDC
:103DA000012B1AD021462B4604F1180251F8040BBE
:103DB000914243F8040BF9D101230DF10701284684
:103DC000AB7700F01DFB16B1012002B070BD044BB3
:103DD0000421986804F055F9F6E70020F5E700BFE4
:103DE000DC0E002010B5FFF7D4FF044620B1034BD2
:103DF0000621986804F045F9204610BDDC0E00202D
:103E0000024B0621986804F03CB900BFDC0E00208C
:103E100010B5EFF3108472B601F000F818B9C9219B
:103E2000032002F009FBFFF7EBFF04B962B610BDF7
:103E300010B504460221FFF73FFF00F087FFA07F87
:103E4000B0FA80F0400910BD38B50446A37F03B92D
:103E500038BDA37F032B02D0A37F042B0FD1EFF338
:103E6000108572B6204600F0F0FA05B962B6A37F5D
:103E7000002BEDD040F20D11032002F0DDFAA37FFC
:103E8000012B02D14FF48971F6E704F098F9DDE7D0
:103E900010B50446FFF7CCFF20B92046BDE810401E
:103EA000FFF7D2BF10BD13B50DF1070100F0B2FA54
:103EB000044600F0B3FF20B940F22F11032002F0B6
:103EC000BBFA204602B010BDF8B504460F4600F01C
:103ED000ABFF0025A4682418384641F100062246AD
:103EE000334600F001FBA04271EB060309D3001B2F
:103EF0006FF0010361EB0601834275EB010102D310
:103F0000F8BD2846FCE74FF0FF30F9E710B5EFF3B6
:103F1000108472B6FFF7D8FF04B962B610BD2DE960
:103F2000F04185681746002306464A190C465B4156
:103F300013B10020BDE8F08100F076FF2A18384662
:103F400041F1000314EB020843F1000500F0CCFA44
:103F50004045A941EDD301F0CBFB00F075FAB36801
:103F6000012037752344B360E4E710B5EFF3108404
:103F700072B6FFF7D4FF04B962B610BD837F012B80
:103F800001D100F08DBB00207047D0E900017047DF
:103F90000069704700F048BF10B5EFF3108472B6A7
:103FA00000F042FF04B962B610BD80687047007D22
:103FB0007047F8B50369044623B140F2D5110320D8
:103FC00002F03AFA01F094FB05460E4602F056F96B
:103FD00070B36435D4E9003246F10001AB4272EBB4
:103FE000010001D22B460A46C4E90032EFF31085E6
:103FF00072B600F013FF064698B100F015FFB368E3
:104000000B332CBF012200221B18D4E9006042EBC5
:104010000101B34271EB00023CBF33460146C4E9E3
:10402000003105B962B62046BDE8F84000F0D2BACA
:1040300002F044F9074600F00DFFB84238BF384699
:10404000963546F100024319D4E9000142F100021D
:10405000834272EB0105C7D20346C4E7042300F193
:10406000180283770023037643768376C376044B66
:10407000196811B91A605A60704759680A60FAE7FE
:10408000E80E00202DE9F843DFF86C800024064696
:104090000F46D8F80830204633B950B3174B18787C
:1040A000BDE8F84302F070BB53E90612D3F8009064
:1040B000B14272EB07051AD253F8085C6D1842F151
:1040C0000002B542BA4112D24CB122681268226095
:1040D000A3F11800FFF7C2FF01204B46DCE7D8F838
:1040E0000820002AF4D01268C8F80820F0E71C461F
:1040F000F3E7BDE8F88300BFE80E0020F5000020DC
:104100002DE9F047304B4FF0000E05469446C2F8BB
:1041100000E09868002855D018380746BA69002A88
:1041200050D0D0E9009352E906684E4578EB03047D
:1041300003D2BF219F2002F07FF9A94573EB010450
:104140000BD2046914EB090443F10003A542A14614
:1041500071EB03043CBFA9460B46AE4278EB010469
:104160000BD252F8084CA41948F10008A542264683
:1041700071EB08043CBF2E46884684680A344EF131
:10418000000A14EB090443EB0A03A64278EB03038D
:1041900018D2047D12F8043C9C420DD08CBF012340
:1041A00000232BB107F11803A2F11800CCF800305E
:1041B000BF693FB1183FB1E79388848B1B1BC3F3E2
:1041C000C033EEE7BDE8F087E80E00202DE9F04FA0
:1041D00085B082834E4A04460091D2F808C094F814
:1041E0001580D0E90030BCF1000F40D0ACF11801CF
:1041F000002708F00109D1E90026934270EB06057B
:104200006DD3B9F1000F2CD0277D0D7DAF4228D39F
:104210008D68AD1846F1000615F10A0A46F1000E48
:10422000534570EB0E0219D22269D21840F10007F3
:1042300092457EEB070B01D252467746AA42B74120
:104240000FD220460024FFF709FF324B187802F006
:104250009BFA009B1C7005B0BDE8F08F1A4607461C
:10426000ECE78A690F4622B1A2F11801C3E7624662
:10427000674618F0010F37D0A168C91840F1000B4C
:1042800001918AB3019DD2E9001615F10A0E4BF196
:1042900000058E45B54127D394F814E0157DAE4551
:1042A00019D395686D1846F1000615F10A0946F113
:1042B00000084B4570EB080113D22169C91840F181
:1042C000000E894578EB0E0A01D24946C646A9423E
:1042D0007EEB060EB5D3926932B1183AD2E70A46A0
:1042E000C7E719468646F2E704F118035FB1BA69D9
:1042F000A261BB6103AA00200021FFF701FF231A7E
:104300005C425C41A5E7024AC4F818C09360F1E73B
:10431000E80E0020F5000020F8B5244C0023E360EF
:10432000EFF3108272B621686360E160236002B926
:1043300062B60026E36803B9F8BD9A79A3F11800C4
:10434000032A07D11A6801219E7153F80C3CE260E0
:104350009847EFE7196851B1A1F118030746002209
:104360009D7F042D09D09B7F032B02D1B2B9E16060
:1043700017E063219F2002F05FF8B0F81CC09D8B0E
:10438000A5EB0C052D049D6944BF07F118021846E2
:10439000002DEBD01F46A5F11803E1E713681B6859
:1043A0001360C36802218677D2E700BFE80E0020C1
:1043B00010B50A4C2378FF2B04D04FF484719F2052
:1043C00002F03AF8064802F0B5F9064B00222070D8
:1043D0009A601A605A601A8210BD00BFF500002072
:1043E00019430000E80E002010B5044C2078FF2887
:1043F00003D002F0B9F9FF23237010BDF5000020AF
:10440000034B1A8A10B4541C1C8210BCDEE600BF99
:10441000E80E002037B504460D4601AA0021002011
:10442000FFF76EFE231A04F1180158425841287014
:10443000044803F04CFE10B100230120A37703B021
:1044400030BD00BFF00E00201CE638B5114B04460D
:1044500000F118011A68B2B11A6800209AB19142AD
:104460000ED108B1A56905601D68A94204BF126894
:104470001A605A68914200D158600023A37707E080
:1044800010461268EAE7044803F021FE0028F4D140
:1044900038BD00BFE80E0020F40E002037B50546F9
:1044A0000C46FFF7EFFD01AA28462146FFF728FE3C
:1044B00028B100F11803034A536103B030BD03462D
:1044C000F9E700BFE80E002010B5064C616904F161
:1044D000080003F0FCFD18B160690023183863611F
:1044E00010BD00BFE80E00209C46144BF0B59D683F
:1044F000FDB115F8043C183D834218D812F10A04A6
:10450000D5E900364CF10001A34276EB01070BD24E
:104510002F69FF1846F10006A7428E4107D3B4F178
:104520000A0041F1FF31F0BD1C463146F7E7AD69A5
:10453000DEE74FF0FF300146F5E700BFE80E002050
:1045400008B5837F022B1CD1437D13F0020302D0F8
:104550000023837708BD0322037643768376C376F0
:104560000D4B827700F11802196839B91A605A6048
:104570000A4B1878BDE8084002F006B959680A608D
:10458000F5E7837F012BE5D0837F042BE2D04FF446
:10459000FB719F2001F050FFE80E0020F500002085
:1045A00010B500F118010446084803F090FD20B949
:1045B0004FF400719F2001F03FFF2046FFF74EFDB2
:1045C000034BBDE81040187802F0DEB8F00E002072
:1045D000F50000202DE9F74FD0F810E0BEF1000FF4
:1045E00004D040F21F219F2001F026FF836890F83D
:1045F00014800193D0E90014EFF3108972B6274BB1
:10460000B3F810C09B686BB1019D183B0A35D3E924
:1046100000264EF1000A6D1844EB0A0A95427AEB27
:10462000060707D2B9F1000F35D0C0E9001403B076
:10463000BDE8F08F8A4276EB04070CD31F69BF18E0
:1046400046F1000BAF427BEB0A0B34BF012500257E
:1046500075B99B69D7E712F10A0A9D6846F1000710
:1046600015EB0A0547F10007A94274EB0707ECE7D1
:104670001D7DA84509D0ECD912F10A019D6846F1CB
:104680000004691844F10004E3E79D8BA5EB0C05D9
:104690002D04DED5F0E762B6C7E700BFE80E0020C4
:1046A000F7B50C460DF107010646878BFFF7B2FE02
:1046B00020B940F24A219F2001F0BEFE0FCC3546C2
:1046C0000FC594E803003A4685E8030030460DF133
:1046D0000701FFF77BFD012003B0F0BD034B187805
:1046E00000F0FD00431E584258417047000F002063
:1046F00038B5FFF7E9FE002580B1094CC4E9010592
:10470000E56000F0E7FE6068022329468377C3680E
:104710009847D4E90401FFF797FE012038BD00BF98
:10472000000F0020024B0521986903F0AABC00BFCE
:10473000000F0020042938B5054613D005D80239EA
:10474000012915D940F2C91109E00529FAD1FFF76D
:10475000C5FF10B1114C607F60B140F2BF11B020B5
:1047600001F06AFEFFF7BEFA10B10C4B01221A7776
:10477000002012E0236A98470123206B6377084AE0
:10478000D4E90A31323B41F1FF31181841F10001FF
:1047900000F07EFF034B02202B6038BD000F00208D
:1047A00025470000DD4A0000064B586810B520B9C7
:1047B00040F28D21B02001F03FFEC3680621BDE824
:1047C00010401847000F00202DE9F84F2B4D81466F
:1047D0006B7F2E6B002B3AD1FFF780FF074618B195
:1047E000AB8E9E4238BF1E4600F082FF0446801901
:1047F0008B4641F10001FFF751FE68B3D0E9008A12
:10480000B0457AF1000324D3B8EB06006AF1000149
:10481000844223465A467BEB01043CBF03460A46CA
:104820009B1942F10002C5E90432154A00F030FF3D
:104830004046514600F08EFEEFB1A98E114B124A50
:104840008E4218BF1346C9F80030BDE8F88F002724
:10485000CAE700200146DBE76B7F33B12B78023BD0
:10486000012B02D82B6A0120984700236B7700F0B8
:1048700072FE064BE7E7044BE5E700BF000F0020A0
:1048800025470000574900009148000029490000D1
:10489000042938B5044624D007D80239012938D96B
:1048A00040F26B11B02001F0C7FD0529F8D100F0EE
:1048B00053FE194D01F0D6FCFFF710FFD8B16B7F06
:1048C000CBB900F015FFAA8E2B6B9B1A134AC5E9D2
:1048D0000A01181841F1000100F0DAFE104B2360C4
:1048E00007E0FFF7FFF9A0B100F0F2FE2046FFF766
:1048F0006BFF022038BD00F0FBFE2B6B074A323BFA
:1049000065EB0505181845EB010100F0C1FE054BEC
:10491000E5E70020EEE700BF000F0020254700007C
:1049200035470000DD4A0000032910B5044606D8CB
:1049300001290ED840F21711B02001F07DFD0429A5
:10494000F8D1FFF7CFF920B12046FFF73DFF022055
:1049500010BD0020FCE7042938B5054613D005D862
:104960000239012929D940F23B1109E00529FAD180
:10497000FFF7B4FE10B1124C607F70B140F23311FA
:10498000B02001F059FDFFF7ADF9B0B100F0A0FE85
:104990002846FFF719FF022038BD236A98470123F4
:1049A000084A6377236BD4E90401C01A61F100015E
:1049B00000F06EFE044B2B60EDE70020ECE700BF3B
:1049C000000F002025470000914800002DE9F04726
:1049D00080468A4691463A4C002B5ED0D3E9005679
:1049E000854276EB01033CBF0E460546314628461C
:1049F000C4E9045600F0AEFDA38EB5EB080803F140
:104A0000640366EB0A0A43454FF0000373EB0A03A5
:104A100021DA637F43B12378023B012B02D8236A5A
:104A20000120984700236377FFF758FE0746236B62
:104A300003F5E17398457AF1000A15DA6FB1A08E9B
:104A4000204A281A66F1000100F022FE1E4BC9F828
:104A50000030BDE8F0870027E9E71A4A28463146CA
:104A600000F016FE194BF2E700F077FD01F000FCB4
:104A7000A38E206B4FB1834207D9E81A114A66F121
:104A8000000100F005FE124BE1E7281A0D4A66F11D
:104A9000000100F0FDFD0F4BD9E7637F33B12378B0
:104AA000023B012B02D8236A012098470023637739
:104AB00000F053FD01F0DCFB00F04DFD064BC6E7B6
:104AC000000F0020254700006D4B0000ED4B00005B
:104AD000574900009148000029490000023970B58B
:104AE0000446032938D8DFE801F00502070E1D4B04
:104AF00000221A77002012E0FFF7F4F80028F9D01E
:104B0000184B0122F5E700F029FDB0B1154B1B7FD2
:104B100033B9FFF7EDFD18B1134B2360022070BDD0
:104B200000F0E6FD06460D46FFF7B8FC22460346B8
:104B300029463046FFF74AFFF0E700200021FFF743
:104B4000ADFC08B1FFF72CFD00F007FD01F090FB74
:104B50002046FFF739FEE1E740F2A511B02001F051
:104B60006BFC00BF000F0020454C0000042970B50D
:104B7000044613D005D8023901292ED94FF40F71FC
:104B800009E00529FAD1FFF7A9FD10B1144D687F9E
:104B9000B8B14FF40D71B02001F04EFCFFF7A2F850
:104BA000D8B100F095FD00F0A3FD06460D46FFF7D5
:104BB00075FC2246034629463046FFF707FF0220D0
:104BC00070BD2B6A98470123064A6B77D5E904012B
:104BD00000F05EFD044B2360F1E70020F0E700BF2A
:104BE000000F002025470000ED4B0000042970B5A0
:104BF000044611D007D8023901291FD940F21721E4
:104C0000B02001F019FC0529F8D1FFF771FD40B182
:104C10000B4B2360022070BDFFF764F870B100F009
:104C200057FD00F065FD06460D46FFF737FC2246AE
:104C3000034629463046FFF7C9FEEBE70020EAE7C6
:104C4000454C000002392DE9F041064604292ED8D2
:104C5000DFE801F003090B2D0E00174A1378003B23
:104C600018BF0123537700201FE0FFF73BF8FAE756
:104C7000DFF8448000F044FC00F03AFD0C460546A5
:104C8000FFF70CFC0746D8F80400FFF759FC002397
:104C900000222846C8F8043000232146C8E904232E
:104CA0003B463246FFF792FE0220BDE8F08140F21B
:104CB000EF11B02001F0C0FB000F002010B5EFF3A2
:104CC000108472B60B4B0C4A9B691B6893420DD043
:104CD0000A4A93420AD00A4A934207D000F03DFCA8
:104CE00001F0C6FA00F037FC00F0F2FC04B962B63D
:104CF00010BD00BF000F00202949000057490000E7
:104D000091480000054B10B5054C03600023A061DD
:104D1000237001F0D3FA3230206310BD294900001E
:104D2000000F002008B5074B9A691168064A9142A6
:104D300004D040F27221B02001F07EFB32301863C3
:104D400008BD00BF000F00202949000010B5EFF397
:104D5000108472B6034B0421986903F092F904B9E8
:104D600062B610BD000F002008B5064B5B6823B982
:104D700040F29321B02001F05FFB034ABDE80840F8
:104D800000F086BC000F0020A947000008B5064BC4
:104D90005B6823B940F29921B02001F04DFBBDE8DA
:104DA000084000F095BC00BF000F002008B5054B7F
:104DB0005A6822B940F29F21B02001F03DFB986073
:104DC00008BD00BF000F002008B5054B5A6822B986
:104DD00040F2A521B02001F02FFBD86008BD00BF34
:104DE000000F0020054BDB6810B523B940F2AB2162
:104DF000B02001F021FBBDE810401847000F002053
:104E0000054B9B6810B523B940F2B121B02001F0E9
:104E100013FBBDE810401847000F0020014B5868F5
:104E2000704700BF000F002008B5054B5A6822B933
:104E30004FF42F71B02001F0FFFAD3E9040108BD4F
:104E4000000F0020024B323118701A6299867047A9
:104E5000000F002008B5FFF741FC08B1014B988E08
:104E600008BD00BF000F00200028ADBF00F160406A
:104E700000F00F00044B00F56140B4BF185C90F8DF
:104E800000034009704700BF14ED00E0064B1B68AB
:104E900010B51BB97621452001F0CEFA1A6A05211A
:104EA000586ABDE810401047380F0020064B1B68B9
:104EB00010B51BB97021452001F0BEFA1A6A042111
:104EC000586ABDE810401047380F0020FFF76EBF4A
:104ED000FFF77ABF034800214022C0E900110830E3
:104EE00003F0F9B9380F0020FEF7CBBE704708B5C4
:104EF000074B1A681AB9C121452001F09DFA0549EE
:104F0000D1600022C3E90022BDE80840FEF778BF67
:104F1000380F0020455200001F2801D9002070479B
:104F2000044B03EB4000037A002BF7D000230372FD
:104F300001207047380F0020F8B50E4A0C460023B8
:104F400002EB4306357A05F0FF0175B9DDB2FF27A4
:104F50003772282673431A44C2E91A0406482022ED
:104F6000184403F0B8F92846F8BD0133202BE7D1E7
:104F70001D46F8E7380F0020800F00201F2810B5CD
:104F800001D9002010BD064B03EB4004247A002C0D
:104F9000F7D0282404FB0030C0E91A120120F1E701
:104FA000380F002030B587B00C4605461822002186
:104FB000684603F090F9237853BBD4E904310A3BE7
:104FC0006268207A41F1FF310A328DF814000292B2
:104FD0009DF81520154822F003020390CDE9003119
:104FE000637A6946C3F340035B0043F00103134354
:104FF0008DF815300E4B5868C0F3080088B1103892
:10500000FFF732FF68B92846FEF7C3FE07B030BD90
:10501000FEF737FE226910F10A03049241F1000104
:10502000CDE72846FEF79EFEF0E700BF45520000A0
:1050300000ED00E01F2830B411D80A4A02EB40040A
:10504000257A65B14B7A4832C3F3800383F00103BC
:105050006372282330BC03FB0020FFF7A3BF0020AE
:1050600030BC7047380F002008B50A4B024658681C
:10507000C0F3080040B11038FFF7F6FE20B9104623
:10508000BDE80840FEF70FBF1046BDE80840FEF738
:10509000CFBE00BF00ED00E0024B282202FB003033
:1050A000FFF7E2BF800F002010B5037886B00446FA
:1050B00023B14FF4AA71452001F0BEF90593416870
:1050C000CDE90333D0E90432007A0A310A3B8DF886
:1050D0001400684642F1FF320291CDE90032FEF73A
:1050E00068FF009B019A01200A3342F10002C4E9E3
:1050F000043206B010BD4FF4BA71452008B501F076
:105100009BF908B5094B0A46596821B940F2791153
:10511000452001F091F901461868FEF700FF18B12B
:10512000FEF7BCFD002008BD0220FCE7380F002080
:10513000194B70B50446586886B0C0F3080010B922
:10514000002006B070BD1038FFF78EFE0346002821
:10515000F6D1C3F307230E7A4D6823F003030A3513
:10516000CDE90400D1E904208DF814600A3A0B4E11
:10517000029540F1FF300396CDE900204A7A20469F
:105180006946C2F34002520042F0010213438DF817
:105190001530FEF7F3FED4E700ED00E045520000C5
:1051A0001F280AD8064B03EB4002127A2AB1483373
:1051B000282202FB0030FFF7BBBF0020704700BF72
:1051C000380F0020034B5A6812B11868FEF7EFBE83
:1051D00002207047380F0020024B01461868FEF786
:1051E00073BE00BF380F0020FEF72EBE1F2808B583
:1051F00004D940F2E511452001F01EF9074B03EBFD
:105200004002127A12B94FF4F371F4E748332822BE
:1052100002FB0030BDE80840FEF716BE380F002044
:1052200008B5074B5B6823B94FF4F671452001F0D0
:1052300003F9FEF7AFFE0A3041F1000108BD00BFDF
:10524000380F00202DE9F0411C4F05461C4B0E463F
:1052500007F14804041BE4105C43E4B2620007EB6E
:105260004404237A19BB3B681BB18E21452001F011
:10527000E3F87B680BB18F21F8E707F108031344CB
:10528000C7E900030F48FFF791FD0F48FFF79CFDAA
:10529000FFF7C6FF637A80464BB1FEF701FDA8EB2E
:1052A0000000C7F8480500F035FA0028FBD02B6A4B
:1052B0003146686ABDE8F041184700BF380F00204A
:1052C000CDCCCCCCAD4E00008D4E000010B50446C8
:1052D000FFF7A6FF201841F10001FEF7D4FC0120E2
:1052E00010BD024BD3F84805704700BF380F0020AF
:1052F000FEF7DABC7047FEF7D5BCFEF7D7BCFEF769
:10530000D7BC08B5FFF79EFD002008BD70B50B782F
:1053100086B023B140F23121452001F08DF805938C
:105320000E7A4D68049228228DF814600A35124EC8
:1053300002950396D1E904340A3B44F1FF34CDE9E8
:1053400000344B7A4FF00001C3F34004C3F38003F1
:1053500064F3410183F001038DF81510074901EB57
:105360004004637201F14803694602FB0030FEF716
:10537000F9FC06B070BD00BF45520000380F002098
:105380007FB5FEF77EFC002305930B4B039340F2A1
:105390001E2302934FF0FF33CDE900016946074811
:1053A0000493FEF7F6FC18B9CB21432001F044F832
:1053B00007B05DF804FB00BFC15300008814002053
:1053C00038B5062937D8DFE801F0043833363636E9
:1053D000170002F041FEFEF7DDFD044617480D46BA
:1053E000FEF7E3FD1E3C45F1FF312018BDE83840D3
:1053F00041F10001FEF747BC00F040FF38B10F4B10
:10540000002283F82020BDE83840FEF7F9BC02F006
:1054100025FE08B902F020FE00224FF40071074873
:10542000FEF77DFD0028D6D1EA21432001F004F8E3
:10543000BDE83840A4E7F921F7E738BD881400201B
:1054400010B5074C94F8203043B900F017FF28B985
:10545000012384F82030BDE8104091E710BD00BF63
:10546000881400204FF000430D4A0E480021C2F876
:105470008030A2F58022C2F88031012302F5783213
:10548000C2F80435A2F58022C2F804352022064B6A
:1054900080F820101B68D3F81835436202F01BBF58
:1054A00000400C5088140020840E00200023084A7D
:1054B000C2F88030A2F58022C2F88031012302F5C3
:1054C0007832C2F80835A2F58022C2F80835704754
:1054D00000400C5008B506F0A1FC074AD2F8583736
:1054E00043F00103C2F858370122044B1B68C3F88C
:1054F0001825BDE80840A3E700200E50840E0020C8
:1055000008B506F091FC0E4AD2F8583723F0010393
:10551000C2F858370B4B0C4A1B68526AC3F818255F
:1055200001220A4B5A604FF0FF32C3F808232022B1
:10553000074BC3F89021BDE8084000F0C9B800BF90
:1055400000200E50840E00208814002000500850C7
:1055500000E100E0704770477047704708B500F001
:105560008DFEB0B90D4BD3F800314BB90C4A936A9C
:105570000133312B93620BD99C21432000F05CFF57
:1055800002F06CFD08B1A021F7E702F063FD0120F5
:1055900008BD034B00229A62F9E700BF00E01050FB
:1055A000881400204CE700BF1848202208B5C0F836
:1055B0009020BFF34F8FBFF36F8F154BC0F8902132
:1055C000D3F8041521F00301C3F80415D3F8081526
:1055D00041F00301C3F8081592FAA2F1B1FA81F182
:1055E000092904DD4FF473710A4800F01BFFC3F86A
:1055F000101501215960D9604FF00041C3F88010A7
:105600004FF0FF31C3F80813026108BD00E100E06C
:1056100000500850AA290100124B4FF4E062C3F871
:1056200038230022C3F8AC25C3F8BC25C3F8CC2529
:10563000C3F82021C3F82421C3F8282120220A4BD3
:10564000C3F89C21C3F89C20BFF34F8FBFF36F8F2B
:10565000C3F89020BFF34F8FBFF36F8FC3F8902133
:10566000704700BF00200E5000E100E008B5FFF7D2
:10567000D3FF054B4FF4A062C3F834232022034B21
:10568000C3F89C21DA6108BD00200E5000E100E063
:105690000C4B10B51C681CB14B21042000F0CCFE53
:1056A000B1F5801F1A6004D340F2E141064800F0D2
:1056B000B9FE064B0122C3F8A005C3F8A415C3F830
:1056C000AC2510BDB8140020AA29010000200E50FE
:1056D000054A136833B100230449C1F8AC35C1F859
:1056E00020311360704700BFB814002000200E5016
:1056F00030B54FF0FF30064C6FF04041D4E9002345
:10570000904271EB0305F9D31046C3F3130130BD8A
:1057100040270E5008B5FFF7EBFF044BD3E90223F7
:10572000904299412CBF0120002008BDB8140020F0
:1057300010B5029C241841F10001A01A61EB03018D
:10574000B0F1004F71F1000103DB7721042000F07C
:1057500073FE10BDFFF7CCBF014B1861704700BF4F
:10576000B814002008B50E4B1B691BB98721042013
:1057700000F062FEEFF3108272B6B1F5801F04D321
:1057800040F2E141074800F04DFE074BC3F8C00569
:10579000C3F8C4150121C3F8CC1502B962B608BD1F
:1057A000B8140020AA29010000200E5008B5FFF708
:1057B000FBFE024B01221A6008BD00BF00500850DA
:1057C00010B5FFF7F1FE114C0023C4F8BC35C4F846
:1057D0002431FFF78DFF0A3041F10001B1F5801F40
:1057E00004D140F2E1410A4800F01CFE4FF00043B2
:1057F000C4F8B005C4F8B415C4F8A4310123C4F842
:10580000BC35044BC3E9020110BD00BF00200E509F
:10581000AA290100B8140020144BD3F8342312F441
:10582000A06F10B503D1C821042000F005FED3F805
:1058300020215AB100220E49C3F8AC25C3F820211B
:105840000B680BB9D021EFE70A609847074BD3F8F4
:1058500028214AB10022C3F8CC25C3F82821044BE3
:10586000BDE810401B69184710BD00BF00200E5056
:10587000B8140020014B187D704700BF880D002030
:10588000042810B511D883B104280CBF1024282493
:10589000A1420AD2064C54F8200018B141568A425F
:1058A000A8BF0A4600201A7010BD6FF01500FBE774
:1058B000880D00200728034611DC10F12D0F10DBA6
:1058C000094A101890F82E0002EBC00292F93C2011
:1058D0009A4207D0002918BF0130C0B270471B2080
:1058E00070470020704700BF8C1E0100072808B5D4
:1058F00007DCFFF7DFFF044B03EBC00393F93C0029
:1059000008BD0820FCE700BF8C1E010010F0FF005E
:1059100008B5094B05D0012807D05121B52000F06A
:105920008BFD01229A601A6008BD044A1268292A78
:10593000F3D15862F8E700BF00E010506C0E002071
:1059400010F0FF0008B5174B05D0012820D08421A6
:10595000B52000F071FD01225A60DA60C3F8000141
:10596000114B18700F4BD3F80824D2070FD40F4AED
:105970001268292A03D1D3F86834DB0707D4094B0E
:105980000022C3F81021C3F81821C3F8142108BD60
:10599000064A1268292ADAD100229862C3F81C212B
:1059A000E0E700BF00E010509D0D00206C0E0020CD
:1059B000014B01221A7070479D0D002008B50D4B58
:1059C00028B101280BD0D021B52000F035FDD3F847
:1059D000103113B9084B187808BD0120FCE7074ABD
:1059E0001268292AEFD1D3F81C01003818BF012012
:1059F000F2E700BF00E010509D0D00206C0E00206B
:105A0000024BD3F8080400F00100704700E010508A
:105A1000024BD3F8480400F00100704700E010503A
:105A2000024BD3F84004C0B2704700BF00E01050F2
:105A300007490246D1F84C04D1F84C1410F48030D8
:105A400005D0D0B201F003031B1A584258417047E9
:105A500000E0105038B51A4BD3F80C34DA0304D4F4
:105A600040F27F116D2000F0E7FC164A0124164B2E
:105A7000106A536620F03F0094645464136CDB0397
:105A8000FCD4136A116C03F03F03C1F30A01C1F5A2
:105A9000806181EAE1750B29A5EBE17509DD3F2BFA
:105AA00004D0013303431362172DE6DC0023936413
:105AB00038BD0B31F8DA002BF8D0013BF2E700BF1C
:105AC00000E01050000812500100008038B50B4C67
:105AD00023781BB100232370FFF7BCFFEFF3108581
:105AE00072B6637803F0FF000BB9FFF729FF05B921
:105AF00062B6034B00225A6638BD00BFA00D0020DD
:105B000000081250002808DB4309012200F01F00A2
:105B100002496033824041F82320704700E100E0F1
:105B200070B5174D012204460E462B18DA7002F0AC
:105B300084FAA0B934B1012C0FD04FF494716D20C8
:105B400000F07AFC11232A19012105EB840451711C
:105B50000C4AA660C2F8043370BD8023F3E7002E20
:105B6000FAD034B90220B047002305EB8405AB60BE
:105B7000F2E7012C01D12046F5E740F24311DEE7C0
:105B8000A00D002000E01050044B0022191803EB78
:105B900080034A719A60CA70704700BFA00D002050
:105BA000014B1882704700BFA00D0020014B988A5E
:105BB000704700BFA00D0020014B188A704700BF3E
:105BC000A00D002010B5EFF3108472B6064B03440D
:105BD0005A780132D2B25A705B78012B01D1FFF7AB
:105BE00095FE04B962B610BDA00D0020034610B5A5
:105BF000EFF3108472B611490B445A7822B940F27F
:105C000067216D2000F018FC5A78013AD2B25A7020
:105C10005B7883B98B7D43B1094BD3F80C34DB033C
:105C200006D44B7803F0FF002BB9FFF789FE02E0A2
:105C3000C87D00F0A9FD04B962B610BDA00D00201A
:105C400000E0105010B502F0FBF90C4C02F0F5F931
:105C500060B1237E3BB90A4B01229A61042363762B
:105C60000023A37610BD02F0EEF9F9E70323012229
:105C70006376034BC3F80423F2E700BFA00D0020B6
:105C800000E01050014B01221A62704700E01050F2
:105C9000044BD87E28B1044BD3F81001B0FA80F041
:105CA00040097047A00D002000E0105038B50C4BA3
:105CB000DD7E5DB90124DC7602F0C2F9094B1022C9
:105CC000C3F81051C3F80423DC6138BDFFF7E0FFCF
:105CD0000028FAD040F2A3216D2000F0ADFB00BFF8
:105CE000A00D002000E01050024B587E003818BF75
:105CF00001207047A00D002038B5174CA37D23B9B3
:105D000040F216316D2000F097FB01232370237EB3
:105D1000C3B9237FB3B1A27E013B9A4212DA02F0EB
:105D20008CF9054600F0CAFC237F012B82BFA37EBD
:105D30000133A37655B1236AC31A0133022B09D963
:105D400035B12062BDE83840FFF77CBF636AF3E7F6
:105D50006062F7E738BD00BFA00D002037B5184CD2
:105D6000237E63B9A06A00F00300FFF761FE30B143
:105D7000EFF3108372B6627E1AB103B962B603B054
:105D800030BD0122627603B962B608230D4DC5F815
:105D900008334FF42073ADF80630BDF806309BB2DF
:105DA0005A1E92B2ADF80620002BF6D1C5F80C3180
:105DB00084F82C30FFF746FF0823C5F80433DEE7EC
:105DC000A00D002000E010502DE9F74F544CA37DAA
:105DD000002B00F0A1800323524AADF80430524B4F
:105DE0001268D3F80051003D18BF0125292A07D1B8
:105DF000D3F81C2122B1012245F080058DF8052041
:105E0000D3F80881D3F8142112B9D3F8183173B13B
:105E1000454B0026C3F81461C3F81861C3F810613C
:105E2000E37E0BB102F00FF9E676FFF7BBFB3E4BCA
:105E3000D3F810316BB3E37E1BB102F004F90023F9
:105E4000E376637913B102238DF8043045F0100531
:105E5000364E0DF1040A344B4FF00009F71EC3F81B
:105E600008531AF8010B03280AD03B7843B14FF0CE
:105E7000000B336887F800B013B19847C6F800B03C
:105E800009F10103043601374FF00109022BE8D173
:105E900001E0002DDCD1B8F1000F08D0224B002228
:105EA000C3F808210422C3F80823FFF757FF94F82A
:105EB0002C60EA071C4BF6B2D3F80C7108D5627E51
:105EC000032A05D1227E82B90422627601229A61D8
:105ED000A7B1154B0022C3F80C21637E042B09D017
:105EE00040F279316D2000F0A7FA02F0ACF80223FD
:105EF0006376EDE70223637602F0A5F866B100232E
:105F000084F82C30637E022B01D1FFF79BFE03B097
:105F1000BDE8F04F02F097B803B0BDE8F08F00BFC6
:105F2000A00D00206C0E002000E01050A80D0020F5
:105F300010B5054CA06A00F00300FFF779FD0028BA
:105F4000F8D0002010BD00BFA00D00202DE9F041C9
:105F5000054650B10278022A07D8437842B9013B7E
:105F60001F2B02D88378212B07D96FF01500A0E0F2
:105F7000002BFAD18378002BF7D1754EB6F900309B
:105F8000002B0DDB5A09012103F01F03994002F198
:105F90002003704A42F82310BFF34F8FBFF36F8F77
:105FA000B6F90000FFF7AEFD6B4AFD236B4CC2F85B
:105FB00008336B4B1B68292B4FF0000308BFC2F856
:105FC0001C31C2F80031C2F80831C2F80C316370DC
:105FD000A370AB88A382FFF713FD10B10123E37018
:105FE00063705D4F40F25633D7F80C04238210F4EF
:105FF00080301BD0FFF7DCFC5A4800F09BFB564F6B
:106000006023E0750022C7F804332B78A978012BB0
:10601000E276A26223762177A2761FD0022B16D0D9
:10602000EBB140F22E516D2000F006FAC7F81001D6
:10603000FFF76CFCD7F81031002BFBD0FFF70AFDFF
:106040000020FFF77DFC484B00225A66D4E701F0A0
:10605000F7FFD7F80C34D903FBD50223A362FFF76F
:10606000D7FC68B3FFF7DCFCA36A03F00303984294
:1060700026D1AB79FBB9FFF75BFF237F63B12B78A8
:1060800053B901F0DAFF054600F018FB6FF000434A
:10609000002D52D0C4E9080300230125B6F9000001
:1060A0006376A575FFF72EFDB6F90030002B47DAB1
:1060B0000020BDE8F081284B0422C3F80423DCE76C
:1060C000254B012200215A61C3F8081194F82810C9
:1060D000C3F840141A610422C3F80423AA79002AE1
:1060E000CBD1D3F80423520702D440F2E1419AE71E
:1060F0001E4A116901F01008116941F01001116187
:10610000D3F808310BB902F05CF8134FD7F8083117
:1061100083B1FFF70DFFB8F1000F04D1134A1369E3
:1061200023F0100313610423C7F808330023C7F8D2
:106130000831A2E702F043F8E8E7C4E90830ABE72A
:106140005A0903F01F039D40024B43F82250AFE76A
:10615000880E002000E100E000E01050A00D0020BB
:106160006C0E0020CD5A00000008125000ED00E037
:1061700040B1012808D1054B1868A0F12903584205
:106180005841704701207047002070476C0E002076
:106190000F4A38B5137904460D461BB18D216F2087
:1061A00000F04AF9FFF7E4FF70B1224453790BB1D4
:1061B000002038BD012320465371FFF703FD294617
:1061C0002046FFF7ADFCF3E76FF01500F1E700BFE5
:1061D000D00D002070B50D4D04462E791EB1A421BE
:1061E0006F2000F029F9FFF7C3FF60B125446B79F8
:1061F0000BB9002070BD2046FFF7C6FC20466E712B
:10620000FFF7F4FCF5E76FF01500F3E7D00D002081
:1062100010B501B3F0B14FF0FF33104A1C46E0FB5C
:106220000134944203D9E5216F2000F005F91A0DDD
:10623000C3F30F100A4B42EA04324FF22444B2FB7C
:10624000F4F100EB024003FB1100B0FBF4F040EA74
:106250000140013010BD0846FCE700BF3F420F007F
:10626000000024F4014B9B68184700BFD00D0020AC
:10627000014BDB68184700BFD00D0020014B1B69A4
:10628000184700BFD00D002008B5064B1B7923B17D
:1062900040F241116F2000F0CFF8BDE80840FFF751
:1062A0002BBD00BFD00D0020034B1A790AB9FFF7B0
:1062B0007DBC988D704700BFD00D0020034B1A792C
:1062C0000AB9FFF779BC988A704700BFD00D00204B
:1062D000024B1B790BB9FFF741BD7047D00D002071
:1062E000014B9B69184700BFD00D002038B51D4CED
:1062F000237933B3FFF7C2FF50B91B4DC5F8100126
:10630000FFF7B0FFD5F81031002BFBD0FFF7B0FF3F
:10631000154B6022C3F80423636A9847002806DB04
:1063200094F82E3023B10123002084F8303038BD9A
:10633000FFF7D6FF0028F6DA40F2A5116F2000F033
:106340007BF80A4BA3610A4BE3610A4B23620A4BB9
:10635000A3600A4BE3600A4B2361FFF7F7FD0028B7
:10636000E1D0E4E7D00D002000E01050315F0000E4
:1063700053800000E95C000041800000478000007D
:106380004D80000038B5084B04461D7925B140F218
:10639000F9116F2000F050F8FEF7C4FC2046FFF71B
:1063A000FFFB284638BD00BFD00D0020014B1879F7
:1063B000704700BF080E0020044B1A79824283BF49
:1063C0001B68302202FB003000207047080E0020BE
:1063D000BFF34F8F0549064BCA6802F4E0621343CE
:1063E000CB60BFF34F8F00BFFDE700BF00ED00E0C3
:1063F0000400FA05094B01221B685A604FF0FF3276
:10640000C3F808234FF40062054BC3F88820BFF39C
:106410004F8FBFF36F8FC3F8882170477C0E002029
:1064200000E100E008B572B6024B5B6803B1984723
:10643000FFF7CEFF100E00201FB572B6144B5C683C
:1064400094B9FFF7C5FFB2FBF6F22B465D1C002A9C
:10645000F9D1DBB203F110056D4405F80C2C0A22CA
:1064600033B901A8A047ECE7024600230A26EDE76E
:10647000013BDBB203F110050DEB0506B0FBF2F5B5
:1064800002FB1500303006F80C0C2846E8E700BF88
:10649000100E0020F8B5294F05460C4616463B78ED
:1064A000002B47D100F0B0F9254B1B681C2B06D1FF
:1064B000244B1B681BB99E211120FFF7BDFF01F083
:1064C000BBFD7E60204B01263C814FF48062C3F807
:1064D000A4601E4BC3F89020BFF34F8FBFF36F8FA4
:1064E000C3F89021FFF786FF194B002D14BF2846F3
:1064F0001846FFF7FBFE0546D0B9FEF7EBFCFFF7A9
:10650000E7FE01F0ADFDFDF79FFB08B9BE21D3E723
:10651000002C0BDB04F01F036409A4009E4004F16F
:10652000604404F56144C4F88061266001233B7037
:106530002846F8BD4FF0FF35FAE700BF100E0020E7
:106540006C0E0020700E002000A0085000E100E05A
:10655000A41F0100074BB3F90830002B09DB5A09CF
:10656000012103F01F03994002F14003024A42F85F
:1065700023107047100E002000E100E0014B187856
:10658000704700BF100E00202DE9F74FFF27454D43
:10659000DFF81481B946CDE90012444A1478E4B218
:1065A00082F8009004B157704FF0010CDFF800E161
:1065B000EFF3108B72B629684FF0000A009EC1F805
:1065C00004C0C1F800A1C1F804A1C2E9016E019E96
:1065D000C2E9056E0668C1F810654668C1F8146521
:1065E0008668C1F81865C668C1F81C65314EC1F8E7
:1065F00030651036C1F83865C1F800C0BBF1000F36
:106600001DD162B61BE0D8F810A01AF0100F17D0F9
:106610004FF40061284EC6F88811EFF3108A72B665
:106620004FF0030B2968C1F804B3D1F800B1BBF1F6
:10663000000F01D1D1F80411BAF1000FE1D029689F
:10664000D1F800A1BAF1000F04D1D1F804A1BAF138
:10665000000FD8D04BB10C9E3EB1D1F840A5C3F885
:1066600000A0D1F83CA5C6F800A0D1F8041100297B
:106670009ED1A4B95678F6B254704FF0030C296835
:10668000C1F808C34FF4006CC1F80441C1F80041DF
:106690000949C1F888C11470002E7FF47FAF03B0A0
:1066A000BDE8F08F7C0E002000ED00E01C0E002005
:1066B0001000000B200E002000E100E01A4B4FF408
:1066C000000270B5C3F89820BFF34F8FBFF36F8FF0
:1066D000164C0021164DC4F80011C3F898212E69FC
:1066E0002B6906F0100643F010032B610123C4F858
:1066F00004332360D4F800319BB11EB92B6923F019
:1067000010032B610123D4F808054FF400026360E5
:10671000C4F808330023C4F80031034BC3F89821B0
:1067200070BD01F04CFDE5E700E100E000700D50A8
:1067300000ED00E038B50B49042301EBC3021579E5
:1067400005F0FF042DB1013BF7D240216920FFF78E
:1067500073FE41F8330001215471D8B29471117164
:1067600038BD00BF400E0020042808B503D94721DA
:106770006920FFF761FE034B002203EBC0031A718F
:1067800008BD00BF400E0020042808B503D95021E1
:106790006920FFF751FE094B03EBC0000379012B81
:1067A00001D05121F4E7437982790133DBB29A4277
:1067B00018BF4371BDE80840FFF7CCBE400E002073
:1067C00038B505240F4D95F8281005EBC1031A794B
:1067D000012A09D158799A79904205D05A79D2B2D2
:1067E0009A7155F83130984795F82830013C0133BB
:1067F000DBB2052B28BF002314F0FF0485F82830F6
:10680000E1D138BD400E00201249134BD1F840238E
:10681000292AF0B51A60D1F8447312D0272A00D182
:106820007FB10E4A40F205100D4E46210D4D0E4C23
:10683000C3E90172C3E90326C3E90554C3E90701AB
:10684000F0BD0A4A4FF48770074E4A21084D094CA3
:10685000EEE700BF00C0FF006C0E00200060045097
:10686000007004500030045000B0045000A00450E8
:106870000040045000E00450094B0A4AC3F80023CA
:106880000132C3F80C230132C3F818230132C3F8D4
:1068900020230132C3F81C230132C3F810217047B2
:1068A00000A0085004000080074B0022C3F800231A
:1068B000C3F80C23C3F81823C3F82023C3F81C2300
:1068C000C3F81021704700BF00A00850844641EA79
:1068D000000313F0030359D1403A33D3F0B4F0C9A5
:1068E000F0C0F0C9F0C0F0C9F0C0F0C9F0C0403A43
:1068F000F5D2F0BC26E0403A24D300BF0B68036019
:106900004B6843608B688360CB68C3600B6903612D
:106910004B6943618B698361CB69C3610B6A036215
:106920004B6A43628B6A8362CB6AC3620B6B0363FD
:106930004B6B43638B6B8363CB6BC36340304031E2
:10694000403ADBD230320BD30B6803604B684360B4
:106950008B688360CB68C36010301031103AF3D27B
:106960000C3205D351F8043B40F8043B043AF9D209
:10697000043208D0D2071CBF11F8013B00F8013BDC
:1069800001D30B8803806046704700BF082A13D3E9
:106990008B07B0D010F00303ADD0C3F10403D21ABB
:1069A000DB071CBF11F8013B00F8013BA3D331F812
:1069B000023B20F8023B9EE7043AD9D3013A11F892
:1069C000013B00F8013BF9D20B7803704B78437020
:1069D0008B7883706046704753B94AB9002908BF65
:1069E00000281CBF4FF0FF314FF0FF3000F00CB813
:1069F000ADF1080C6DE904CE01F09EFCDDF804E079
:106A0000DDE9022304B07047704700BF8B88043073
:106A100010B500F8043C0C4610F8033C03F0F003FA
:106A200000F8033C8A88C2F30322134300F8033CB6
:106A300003F0CF03CA8800F8022CCA8800F8033C90
:106A4000120A00F8012C0A7A120102F030021343F4
:106A500003F03F0300F8033C4A7A43EA821300F84C
:106A6000033C0968814205D0E288FB2A28BFFB224B
:106A7000FFF72CFFE0880430C0B210BD70B50B7872
:106A800005460C46192B12D8CBB1013B182B16D852
:106A9000DFE803F01A2615999FA5ABB1B5B7C7CDAE
:106AA0001515152ABBC1D1D7DDE3E9EFF500822B1F
:106AB0004FF0FF0200F0E980832B00F0EA8040F203
:106AC0006721C720F9F74CFD0C230B700823637076
:106AD00066782146284602363246FFF7F7FE49E03F
:106AE0001A230B700123F2E72920F9F71FFF30B1B9
:106AF0003E232370222363702923A370E8E70A2032
:106B0000F9F714FF3E2305F1080204F108012B7088
:106B100090B30A231F26AB70E378EB70A3882B7128
:106B2000A3881B0A6B71A379AB71E379EB71A3683E
:106B3000AB608B889380D4F80E30C5F80E30638A32
:106B40006B8263696B61238B2B83638BAB76638B67
:106B50001B0AEB76A38B2B77A38B1B0A6B77E38B3C
:106B6000AB77E38B1B0AEB7794F8203085F8203065
:106B70006E700236304670BD01231326AB70E37889
:106B8000EB70A3882B71A3881B0A6B71A379AB717F
:106B9000E37903F00103EB71A368AB608B8893800A
:106BA000638BAB73638B1B0AEB73A38B2B74A38B6D
:106BB0001B0A6B74E38BAB74E38B1B0AEB7494F8C6
:106BC00020302B75D4E73E230B7004234B70142325
:106BD00093E73E230B700C234B7004238DE73E2379
:106BE0000B700A234B70032387E73E230B700D23A2
:106BF0004B70052381E705232370042367E70823EF
:106C0000FAE730230B70032361E73E230B700B235D
:106C10004B70072371E73E230B7006234B700C2348
:106C20006BE713230B708B789B0001334FE75723DF
:106C30000B7002234BE73E230B7006234B7012238D
:106C40005BE73E230B7009234B70132355E73E236C
:106C50000B7005234B7020234FE73E230B70092355
:106C60004B70212349E7FF230B700B234B70A223AA
:106C700043E7FF230B7005234B70A3233DE7FF235E
:106C80000B700D234B70802337E70A700D22627062
:106C900033E70A700222FAE710B50C4648B141B159
:106CA000F9F7A6FD002820700CBF6FF0220000202D
:106CB00010BD6FF01500FBE708B5F9F71DFE0020C9
:106CC00008BD0346022200201A70052258709A70EF
:106CD0009B22D8705A716FF0700218719A716FF020
:106CE0005302DA716FF03C021A721D225A7242226C
:106CF0009A726FF05102DA72704700F0CFBA70B535
:106D00000446FCF761F8012805461AD1601CFCF71F
:106D100063F8B0B1A3790020E61D63F03F03A371CF
:106D2000FAF7A2FC38B110220021304601F0D3FA64
:106D30000020257070BD3046FCF762F80028F2D0C4
:106D4000F6E70025F4E710B504461022002101F013
:106D5000C2FA04F1100310220021184601F0BBFA18
:106D6000FCF768F80020FAF77FFC20B12046FCF71A
:106D700047F8002010BDFCF727F80028F6D0F8E708
:106D800010B50446FFF79AFCB0F5007F09DA10F55C
:106D9000007F08DD031EB8BF03339B100020237063
:106DA00010BD7F23FAE76FF07E03F7E701207047FD
:106DB00000F0FDBB0078003818BF012000F08CBA4D
:106DC000FAF792BB00F0DCBB00F007BC00F024BA7D
:106DD00000F059BA08B5F9F7A1FD002008BDFAF78F
:106DE00055BA00F07EBA00F06ABAFAF70DBB00F0AF
:106DF00036BA00F072BB00F03CBB00F083BB00F081
:106E000039BA00F015BA03880B8000F0ACBB00F073
:106E100015BA00F0D5BBF8B5941C0E4605461746CA
:106E20000C446343B3F5004FA8BF4FF0FF3310F09D
:106E300003019CB203D0B0211420F9F791FBB4F503
:106E4000004F01D9B121F7E71422043001F043FAD1
:106E5000EF746C802E80F8BD023101444A43B2F5D4
:106E6000004FA8BF4FF0FF3290B21B3020F003005C
:106E7000B0F5004F34BF00B24FF0FF307047838849
:106E8000014602899BB29A4202D00831F9F776BDD9
:106E900070470729034670B504D84FF4EC711520EC
:106EA000F9F75EFB0068C0B1446806461A688C4278
:106EB00010D0106860B901F10805AC420DD35468D8
:106EC00050501868651A541800686560505002E008
:106ED0001346E9E7146830461C6070BD30B590B1C8
:106EE0008478B1FBF4F304FB131300EB43025289E3
:106EF0008A4201D1D8B230BDC27822B900F108036C
:106F0000D0B2844201D8FF20F5E733F8025F0132A6
:106F10008D42F5D1EFE78278038805324B4303EBCE
:106F200042031844704737B500240546CDE90044B4
:106F30008DF806006846ADF80440F9F7F3FEBDF899
:106F4000044008B103B030BD29462046F9F7C6FE1B
:106F50000028EFD040F215211720F9F701FB70B59A
:106F60001E460D460921FFF777FF044632460921E8
:106F70002846FFF771FF40EA04031B0454BF0019C1
:106F80004FF0FF3070BD012303707047F8B50C4619
:106F9000054611461E4684F001046400E4B2FF2356
:106FA000837003191B7D012B05D00134E4B2031952
:106FB0001B7D012B0AD105EB44073B8B3A8C9819BA
:106FC000904205DD00232C443B8323750020F8BD4F
:106FD00005EB8404324660681844FFF777FC3B8B6E
:106FE0001E443E830023AB700120F0E781F00101D5
:106FF000490010B5C9B2FF23837043181C7D012CD2
:1070000007D10C3120F8112002221A750023837059
:1070100010BD0131C9B243181C7D012CF1D04FF4D1
:107020008C710920F9F79CFA024630B5837803F099
:10703000FF00F3B9137D022B19D0537D022B15D11C
:107040000346012089B10024D5180C332C7522F891
:107050001340131803241C7502EB80035B680B605C
:1070600000F10C0332F813308B80012030BD012376
:10707000E8E70020FAE7034630B5827802F0FF0027
:10708000E2B99A7D022A17D0DC7D022C13D10322AB
:1070900081B11D1900200C34287523F814009818AC
:1070A0000324047503EB82000C32406833F812307D
:1070B00008608B80012030BD0324E9E70020FAE757
:1070C000037D012B01D1008B7047437D012B0CBF49
:1070D000408B00207047837D012B01D1808B70474E
:1070E000C37D012B0CBFC08B00207047038B23B9DD
:1070F000408B003818BF0120704701207047838BF8
:1071000023B9C08B003818BF012070470120704799
:10711000027D022A01D1008B7047437D022B01D1F1
:10712000408B7047032AF6D0032BF9D0002070471C
:10713000827D022A01D1808B7047C37D022B01D151
:10714000C08B7047032AF6D0032BF9D0002070477C
:10715000F9F734BF002307B5CDE9003301238DF8DB
:1071600006306846F9F7DEFD08B1002004E000981B
:1071700000F0A4FC0028F4D003B05DF804FB1FB5B8
:10718000002240F6881303A90092FCF733FD05B0F6
:107190005DF804FB38B5054600F012FDF0B1284655
:1071A00000F08CFC08B9002038BD284600F0BAFB7E
:1071B0000446284600F0B9FB054688B9002CF2D0F9
:1071C0002088FAF711FA29462088F9F787FD002868
:1071D000E9D041F6EB413920F9F7C2F94220E3E763
:1071E0000C20E1E710B5FFF7B5FF60B1F9F736FF06
:1071F000044600F0BDFD40B9204600F0B5FD80F02A
:107200000100C0B210BD0120FCE70020FAE708B57C
:10721000FAF7B0F9002008BD102243F220030270F3
:10722000C2705922A0F801308280C38000207047CC
:10723000082108B5F9F7CEFA002008BD10B50446BC
:107240006FF07F00FFF79BFFFAF702FC20707F20B2
:10725000FFF795FFFAF7FCFB6070002010BD10B53A
:107260000446F9F7FBFE00F07CFDFAF7F1FB207015
:10727000002010BD0A4600F1100108B5072300F0F8
:1072800094FF002008BD10B5014604460020FAF71F
:10729000D1F908B92060A080002010BD10B50446C7
:1072A000FAF762F928B900202146FAF7ABF9002075
:1072B00010BDFFF797FF0028F5D10C20F8E710B5B7
:1072C0000446FFF78FFF28B101202146FAF79AF90B
:1072D000002010BD0C20FCE708B5F9F7B9FE00202E
:1072E00008BD10B50446FAF757F920600020616028
:1072F00010BD2DE9F3410546477801210078F9F7E3
:10730000D7FC044600285ED000F01BFDEE788642D4
:1073100028BF0646042FB6B22FD1002E39D1204601
:1073200000F034FD6B78032B37D107F0FD08B8F17E
:10733000010F44D1204600F029FD00283CD1012F47
:1073400008BF4FF002084246216B6846F9F7CEFDB0
:1073500033466A680121206BFFF718FE002834D0FD
:107360006B78023B012B2CD8206BFFF7A9FE012183
:107370000246206BFFF73AFE23E0206BFFF7A0FEEA
:10738000304480B21F2804D8FB1E012BC7D9002E21
:10739000C5D1122002B0BDE8F0810028F9D1042B3C
:1073A000C3D1204600F08AFB0028F2D0206BFFF703
:1073B0009DFE0028B9D1ECE74FF00008C3E7042F89
:1073C000C6D10020E6E74220E4E70720E2E72DE906
:1073D000F3410746457890F8038001210078F9F7DA
:1073E00067FC044600283CD000F0C2FC0028206B5B
:1073F00008BF4FF00008FFF76EFE00EB0806B6B2BC
:107400001F2E30D8042D2ED0032D0CD1204600F095
:10741000BDFC20BB012D14BF05220622216B68464E
:10742000F9F764FD08E0B8F1000F1CD0204600F029
:1074300045FBD0B9012DE9D043467A680021206B85
:10744000FFF7A4FD98B1023D012D04D8324600217A
:10745000206BFFF7CBFD002002B0BDE8F0810422D5
:10746000DCE74220F8E71220F6E70C20F4E70720DB
:10747000F2E713B50446F9F7F1FD4FF4407368469F
:10748000ADF8003000238DF8023014F8013B8DF880
:1074900003300194FFF79BFF02B010BD38B5012106
:1074A00005460078F9F704FC0446A0B100F006FB9D
:1074B00028B92046691C00F096FB002038BD204604
:1074C00000F056FC08B10C20F8E7204600F04CFC18
:1074D0000028EED0F7E74220F0E713B50446F9F7AD
:1074E000BDFD684614F8013B8DF803304FF440733E
:1074F0000194ADF8003000238DF80230FFF7F9FE5B
:1075000002B010BD73B50546F9F7A8FD04462B7807
:1075100063B100230DF1010101208DF80030FAF76D
:1075200089F818B16846FFF7B9FF88B900262046E8
:107530008DF8006000F020FC2B78C0018DF803600E
:10754000012BADF8010005D169462046F9F724FE6C
:1075500002B070BD2BB9204602B0BDE87040FFF705
:1075600019BE1220F4E708B500210088F9F7A0FB46
:1075700020B10021BDE8084000F0B9BC022008BDE0
:1075800010B504460078FF280AD00121F9F790FBD6
:1075900058B16378A27843EA0223C384002010BD67
:1075A000B4F80100FAF718FEF8E74220F7E708B54B
:1075B0000078003818BF0120FAF708FE002008BD47
:1075C00010B50446F9F74AFD6178C1F3400201F0B5
:1075D000010100F0F1FB002010BD1220704710B532
:1075E000044604B910BD236898476468F9E7036846
:1075F0000BB9016070471A465B6813B18A42FAD131
:1076000070478A4218BF5160704708B5FAF788FD85
:10761000FBF7CAF820B140F241119320F8F7A0FF20
:107620000120BDE80840FFF77EBCFEF73DBE704775
:1076300030B542401C7808785D7860404C786C40EA
:107640009D7820448C786C40DD782044CC786C4068
:107650001D795B7920440C7949796C404B4020447A
:1076600018441044B0FA80F0400930BD02460020B2
:107670000139C9B2FF2900D17047535C83F001037F
:107680000344D8B2F4E708B5F9F7FAFF082803D0A5
:10769000BDE80840FAF716B808BD08B500F05CFC74
:1076A00018B1BDE80840FBF7F5BA082008BD70B571
:1076B00004460D4659BB4FF41A7200F00CFE01232C
:1076C00084F8DE5084F88E306FF0360384F8D930B9
:1076D000042384F8DA306FF03B0384F8DB306F2347
:1076E00084F8DC306FF03C0384F8DD306FF07F030A
:1076F00084F8DF302B2384F8D830FE2384F80E3151
:107700007F2384F88530202384F8F73170BD012968
:1077100011D10023A0F8B43180F8AB3140F6B83372
:107720008269A0F8B4301146438C04F17800BDE8BA
:107730007040FAF765B90229E8D1B0F84A32D0F8BA
:1077400044228169F1E738B50D460446F9F72AFF6E
:107750002B78002B08BF034684F864306B78002B2D
:1077600008BF034684F865306B88A4F8663038BDDE
:10777000002307B501A80193FCF70CFA019810F05B
:10778000030018BF012003B05DF804FB03788901F2
:1077900023F0400301F040010B430370704703786E
:1077A00003F07F0343EAC113037070471F2A38B503
:1077B0000546144603D9B7212A20F8F7D1FE06342E
:1077C0000930FFF783F86C7038BD1F2A38B50546BD
:1077D000144603D9D9212A20F8F7C2FE063409300D
:1077E000FFF774F86C7038BD0378024603F00F039E
:1077F000032B3ED0052B42D1C37F90F820000343DA
:1078000092F82100034392F82200034392F82300E8
:1078100000F01F00184333D05378222B2FD1B2F839
:107820001930B1B1B3F5506F13D940F607518B42FF
:1078300025D8B2F81B30B3F5FA7F20D2B2F81D007C
:1078400040F676430A3880B298428CBF002001206F
:107850007047991F40F67A4089B281420FD8917DD6
:10786000481E07280BD8994209D2B2F8171099423E
:10787000DEE74078A0F10C035842584170470020E1
:107880007047FAF7B5B910B521B94FF4107110204F
:10789000F8F766FE4A600B72EFF3108472B6031DB0
:1078A0000B6042681AB1127A012A08BF03600368AC
:1078B0001960016004B962B6BDE81040FAF7E2B998
:1078C0000222FAF7F7B90422FAF7F4B98369006BD8
:1078D000984228BF184601F19C0383423DBF401ADD
:1078E0009C3840080020704710B50B7901284C796E
:1078F0000A6843EA0421104608BF41F4803110BDF4
:1079000007B5FFF7F1FF0DF10702FAF741FA03B0EF
:107910005DF804FB08B5FFF72BFF002814BF142007
:10792000002008BDD0F8CC00704710B5044690F890
:107930001031EBB1FF2380F81831012100F039FA42
:1079400094F81031A3B194F8C800FDF7A5FB94F8A2
:10795000C800FDF74BFC94F8C800FDF7DDFA20B92C
:1079600040F209213020F8F7FBFD002384F81031A4
:10797000002010BD08B590F8182142B990F8D02029
:1079800042B1D0E93531994202D9FBF76DF80022B6
:10799000104608BD0122FBE710B50446FFF7BAFF09
:1079A00000F295112046FFF791FF40F648039842F8
:1079B00028BF184680B210BD70B5044621B1012918
:1079C00078D040F6280172E000F00AF994F81131FD
:1079D00005460E46DBB150EA010318D0D4E938322F
:1079E000D4E94001C01A334661EB02012A4600F097
:1079F00029FC05FB01F300FB0633A5FB0002134441
:107A0000D4E93821121843EB0103C4E93823E08C90
:107A100030B1FAF773F9E38CB0FBF3F202FB130019
:107A2000D4E93832ED184FF0000346EB02062D186A
:107A30004FF0020284F8F03046F1000684F811316C
:107A4000A4F8F820C4E93856C4E9405694F818312F
:107A500003F0FF01DBB96FF00043D4E942029A4220
:107A600008BFB0F1FF3F18D02046D4E9405600F0DF
:107A7000ACF8AE30D4E942325B1B62EB06021B1A53
:107A800062F10002002A08DA2046FAF7EDFFFBF760
:107A900091FDBDE87040FDF72ABA04F1F00194F8B9
:107AA000C800FDF7C7FA0028F1D14FF4EA61302091
:107AB000F8F756FD002380F8D030E8E790F8100181
:107AC000003818BF012070470B46142203F8032B1F
:107AD000D0F80920C1F80320D0F80D205A60704773
:107AE00038B510220B460C4603F8032B00F10902AF
:107AF000293052F8041B824243F8041BF9D1127852
:107B000000211A700123A588A3712846F9F7D0F83F
:107B100070B1E37863B10088F9F766FD002128466B
:107B2000F9F7DCF820B140F22B212D20F8F718FDF1
:107B300038BD0121FAF734BDFFF7FBBF90F87A306A
:107B40000BB10120704790F8B22002F0FF03002A29
:107B5000F7D190F8A4201846704737B50D464FF47A
:107B600090720021044600F0B6FBFF23237013231C
:107B7000638042F21073E384F9F78AF90022014628
:107B800020636846F9F7B2F9206B00220121FFF764
:107B90002DFA216B68460422F9F7A8F90022206B20
:107BA0001146FFF723FA04F12800A57403B0BDE8DD
:107BB000304000F03AB9FF23086B0B70FFF7E3B9D0
:107BC0000078FF3818BF0120704710B504462830F0
:107BD00000F07BF928226188FAF774FF6D3010BD40
:107BE000D0E9020170470B68C0F815308B88A0F807
:107BF00019300123C37670472DE9F04F064691B046
:107C00000C46074606AD0DF110080FCE0FC50FCE7E
:107C10000FC596E8030085E80300404600F005F92B
:107C2000667894F8149006F07F0594F80AA0B9F1EC
:107C3000010F94F800B02E4607D0B9F1020F04D01E
:107C400040F29A310620F8F78BFC617A404600F04A
:107C5000F3F8237D227F4046022B02F101020CBF84
:107C6000617D0121D2B204BF0131C9B200F0E6F852
:107C700015F0080362D14046019300F026F928224E
:107C80003146FAF71FFF40F2712100F29922E578A0
:107C90002079019B45EA00256079B2FBF1F245EAC3
:107CA00000454A434D43AA420AD9E079A57945EAFD
:107CB0000025207A45EA00454D43954228BF1546E8
:107CC000227E0393531EA17C386B5A4202915A4183
:107CD0000192FFF71DFA386BFFF72AFA039B019A0E
:107CE0000299ADF81A6006AE08953D468DF8282039
:107CF0008DF82B108DF82CA08DF818B08DF81C90F5
:107D000009930FCE0FC50FCE0FC596E8030085E887
:107D1000030098E80300B8620020B985E37A03F015
:107D2000FD03003B18BF012387F85730E368BB65AC
:107D3000238AA7F85C3011B0BDE8F08F00252B46F0
:107D4000BEE7438813F0040F0CBF1F2000207047CC
:107D50004FF40043C38543881D2B08BF00214174A5
:107D6000704790F912007047408800F0010070479A
:107D70008078C0F3400070478078C0F3C00070473F
:107D800008B5006BFFF7BBF9012008BD0120704763
:107D90000120704790F8503001624B72D0F851309A
:107DA000C1F80A30B0F85530CB8170477047FAF708
:107DB00063BA80F87010704780F8241080F825208E
:107DC00070478278034612F0010002D0D978C907C3
:107DD00010D5900702D5D97889070AD512F004008A
:107DE00008D0D878C0F3800080F001008000C0B2D5
:107DF000704702207047C0F34002C0F3800300F0D8
:107E00000100134418447047022808B507D004281D
:107E100007D0012807D039212E20F8F7A1FB262012
:107E200008BD2720FCE72520FAE70023C0F8023030
:107E300001234370037070478170704710B5427022
:107E4000144601708078FFF7D6FF484304FB00F228
:107E5000FE2A03DD5C212E20F8F782FB10BD0023F3
:107E6000C37043710371704710B50446FFF7A9FF53
:107E7000637962780133DBB29A4263710CD1E378A3
:107E80000022A17803436271DBB29942E37001BF23
:107E90002379E27001332371BDE81040FFF7B4BFCE
:107EA00038B504468078FFF7A6FF0146E078FFF773
:107EB000A2FF2378227965789B1A6B435943637933
:107EC000C91A00FB1510C0B238BD014608B580784C
:107ED000FFF791FF4A780B7853435843C0B208BD6F
:107EE00040F2EE20704740F25A335843704738B59D
:107EF0000446084694F8303213B10C25284638BDA4
:107F000094F88730153B012BF7D894F8543203F0DE
:107F1000FF05002BF1D191B194F8C63123B940F699
:107F2000AC213120F8F71CFB052304F1F00204F525
:107F3000DB7100F03AF9012384F83032DEE70223E6
:107F4000FAE708B5FBF740F9FAF702FFFAF7EAFD9E
:107F5000BDE80840FAF7CCBEC82108B5FAF780FEA4
:107F6000022807D1013911F0FF01F7D1EB213B20A5
:107F7000F8F7F6FA431E5842584108BD19B943783C
:107F80000BB1C3788370704710B504460846FBF701
:107F9000F1FC4FF47A73B0FBF3F0201A10BD10B56A
:107FA00004460846FBF7E6FC4FF47A7200F2E7332A
:107FB000023CB3FBF2F3E01A10BD08B5FEF724FC57
:107FC000BDE8084000F038B8801A00F3070038B563
:107FD0000D46144659B240B2FDF788FC00232870C4
:107FE00020446B7040B238BD002303607047704777
:107FF000002070474FF0FF3070474FF0FF30704760
:1080000070474FF0FF3070470020704700207047E6
:108010000023037070479DF800300022FFF7D4BFA3
:108020004FF0FF307047002070474FF0FF3070472F
:108030004FF0FF307047704770470020FDF7BEBC1F
:108040000020FDF7BFBD0020FDF7D0BD0020FDF7EB
:10805000B5BC7047FDF716BEFDF728BEFDF718BE8C
:1080600070B50024FEF7A2F905462646E0B2854227
:1080700000D870BDFEF7A0F90134068580F82A60AB
:10808000F4E7F8B5037904461BB11B219D20FEF7E8
:10809000D3F94679017126B901234371217909B9D0
:1080A0006171F8BD276820462671B8470228054649
:1080B000F4D103212046B84708B12F21E6E7236811
:1080C0002946204698470028E8D03021DEE70346BD
:1080D0000068884204D109B10A681A6008467047EE
:1080E00028B97047884202D10A681A60F6E7034649
:1080F00000680028F6D1704701F11003013813F829
:10810000012D8B4200F8012FF9D170472DE9F0477E
:1081100013F0010F8EB004460D4617469A46DDE96E
:10812000168924D006A8FFF7E7FFA30735D002AAD7
:1081300004F110052068083454F8041C1346AC42BE
:1081400003C31A46F6D106AD02AC1AF0020F43463D
:10815000CDF8009023D0294620460AAAFEF714FA4B
:108160000AA93846FFF7C8FF0EB0BDE8F08713F044
:10817000040F0DD106AB0E4601F1100C1D46306800
:10818000083656F8041C1A46664503C21346F6D153
:10819000214602A8FFF7B0FFD6E706ADD5E73A467D
:1081A00029462046FEF7F0F9DEE713B50024CDE9B5
:1081B0000044FFF7ABFF02B010BDFEF701BB20BFCC
:1081C000704720BF70479142F8B503D373219620C2
:1081D000FEF732F9B2FA82F33BB1C3F120049940C1
:1081E0009A4020FA04F4984021434FEA124C93B28B
:1081F000040C87B2B1FBFCF50CFB151E05FB03F666
:108200004FEA0E4E0EEB1040864205D9361A9642C2
:1082100094BF01260226AD1B04EB0141280405FB97
:108220001211B1FBFCF40CFB1411634307EB014783
:10823000BB4205D9DB1B934294BF01230223E41AFE
:108240002043F8BD2DE9F0411D4607460C46164671
:1082500052EA050303D1A6219620FEF7EDF885B971
:10826000914204D2FFF7AFFF2946BDE8F0810846EE
:108270002946FFF7A8FF05463246384606FB15415A
:10828000F0E7B5FA85F80123400803FA08F3C8F1CE
:108290001F0840EAC470A3FB0212610803FB052219
:1082A000FFF791FF30FA08F04FF0000102D00138DB
:1082B00061EB010100FB05F3A0FB062C06FB01337B
:1082C000BF1A634464EB0304B742AC41CDD3013021
:1082D00041F10001C9E7F0B5C9B20446A30726463B
:1082E0000ED14FF0013522F003034D43E718BC4295
:1082F0000CD1334402F003021A44934209D1F0BD79
:10830000002AFCD0013A04F8011BE7E744F8045BBB
:10831000EDE703F8011BF0E700280CBF6FF0150034
:10832000002070470020704707230370002070472B
:1083300000207047002070472DE9F04786468C46A4
:108340000846089E154674461946002B40F0C18029
:108350008542B2FA82F245D94AB1C2F1200300FA4D
:1083600002FC954094402EFA03F343EA0C0C4FEACA
:10837000154EA8B2230CBCFBFEF80EFB18CC08FB74
:1083800000F943EA0C43994528D9EB1808F1FF3767
:1083900004D2994502D9A8F102072B44A3EB0903A3
:1083A000A4B2B3FBFEFC0EFB1C330CFB00F044EA52
:1083B0000344A04214D92C190CF1FF3304D2A0427B
:1083C00002D9ACF102032C44241A43EA07401EB13F
:1083D000D440002334607360BDE8F0874746DDE792
:1083E0006346F1E792BB431B01214FEA154EAFB242
:1083F000200CB3FBFEFC0EFB1C330CFB07F840EA21
:108400000343984561D9EB180CF1FF3004D298452D
:1084100002D9ACF102002B44A3EB0803A4B2B3FBD6
:10842000FEFC0EFB1C330CFB07F744EA0344A74297
:108430004DD92C190CF1FF3304D2A74202D9ACF16B
:1084400002032C44E41B43EA0040C0E7C2F12003CE
:108450009540944020FA03F12EFA03F34FEA154EAB
:108460009040AFB20343B1FBFEFC0EFB1C10190C95
:108470000CFB07F841EA0041884522D969180CF144
:10848000FF3004D2884502D9ACF102002944A1EBA7
:1084900008019BB2B1FBFEFC0EFB1C110CFB07F7A5
:1084A00043EA01439F420ED9EB180CF1FF3104D28D
:1084B0009F4202D9ACF102012B44DB1B41EA00418F
:1084C00093E76046E3E76146F7E76046A4E7634663
:1084D000B8E7834206D916B9002108467CE7C6E909
:1084E00000E0F9E7B3FA83F78FB9834201D372450D
:1084F00008D8BEEB020460EB030301209C461EB9C2
:10850000002169E73846FAE7C6E9004CF8E7C7F109
:10851000200CBB400EFA07F522FA0CF42EFA0CF1EF
:10852000BA401C4320FA0CF3B8404FEA1449014307
:108530001FFA84FEB3FBF9F809FB18300B0C08FB9B
:108540000EFA43EA00439A4540D9E31808F1FF3098
:1085500004D29A4502D9A8F102002344A3EB0A03EE
:1085600089B2B3FBF9F809FB183308FB0EFE41EAA8
:1085700003418E452CD9611808F1FF3304D28E4592
:1085800002D9A8F10203214443EA0040A1EB0E0105
:10859000A0FB02984145CE46434602D306D14D4545
:1085A00004D20138B9EB020E68EB0403002EA7D009
:1085B000B5EB0E0261EB030101FA0CFC22FA07F3A2
:1085C000F9404CEA0303C6E9003199E74046C5E7A4
:1085D0004346D9E70000000037B50024164D6FF080
:1085E00009034FF4806228461449009404F0DCFC2F
:1085F0001349284604F076FD1249134808F0B8F8EC
:10860000224604211C2000F0ADFD01220F4BD3E8CF
:10861000EF1FC3E8E02F0028F9D105A3D3E9002319
:1086200028460B4904F000FD204603B030BD00BFD2
:10863000389C1C000000000058180020F82C002076
:108640005F290100E1FE0000D01D0020CC1D0020AC
:10865000500200200000000010B50B4BD3E8AF3FE4
:1086600053B1FDF711FE06A3D3E90023BDE8104086
:108670000649074804F0D8BC10BD00BFAFF3008026
:10868000389C1C0000000000CC1D0020500200207F
:1086900058180020F0B53D488BB006F02CFF0020A4
:1086A00001F018FE054630B10146394806F023FFB7
:1086B00000200BB0F0BD374806F01DFF0123364CFB
:1086C0008DF814302378294663F03F038DF81A3073
:1086D000637805A88DF81930A3788DF81830E37801
:1086E0008DF8173023798DF8163063798DF81530B1
:1086F00001F010FFB0F1000C23DB284AA31D04F1A8
:108700001A0153F8040B8B4242F8040BF9D11B8871
:10871000234F13802378234E9B0905ADFB760FCEA4
:108720000FC5336801222B6000231F49009305A861
:108730008DF814C002F0B8F8054628B101461B4870
:10874000B4E761461A48B1E71A4806F0D4FE6379E7
:1087500021780293237918480193E37841F0C0010E
:108760000093A378627806F0C6FE1D21134806F038
:10877000C2FE134C204617F8011B013506F0BBFE64
:108780001D2DF7D10F4806F0B6FE91E7D02101006C
:10879000EC2101000C2201009D0400208504002032
:1087A00080040020A01C0100C81F01004B22010012
:1087B000232201007122010090220100BC2201004D
:1087C000D022010036270100014B1B68184700BF6B
:1087D00010030020014B1860704700BF10030020F9
:1087E00030B585B004460D4610220021684608F0D9
:1087F00081FC02238DF80230044B2A46214668464C
:10880000019306F0DBF905B030BD00BFC987000059
:1088100080B505460E461746984604F0CFFF03463E
:1088200008F0F2FC0446DFF81890424649F80030A0
:1088300039463046A84754F8090000F015FC00BF3F
:10884000080000002DE9F047058B044628079046F4
:1088500011D4022905F0070540F0CC80204606F02F
:1088600064FE78B10138218B042811D8DFE800F0CC
:10887000C2106D85950001290CBF45F0100545F02B
:108880002005258388F31188BFF36F8FBDE8F0873B
:1088900001F0070AAA4500F0A5800027B9463E4628
:1088A000A368002B00F0BC8041F00801218388F30D
:1088B0001188BFF36F8FA168002900F0BA800D689E
:1088C000002900F0B680334652462046D1F8048095
:1088D000C047002D76D02B6829461D46F0E701F0F1
:1088E00007035A1F012A1BD8002221F00701062B7B
:1088F000276889B2C4E9002209D13B4603E0628BB4
:10890000013262831B68002BF9D141F0020120463D
:10891000218306F00AFE00287AD041F0200176E09B
:10892000042B0AD121F0070189B22046218306F0E9
:10893000FCFD10B141F020012183218B01F0070AD9
:10894000AA454FD00027B946AAE7236921F00701BD
:1089500041F00601062DD3F8009021832DD1B9F105
:10896000000F3FD041F00801218388F31188BFF345
:108970006F8F20463949C84729E021F00701236954
:1089800041F0040189B2042DD3F804902183E6D08C
:1089900000274FF0040A3E4682E721F007012369D1
:1089A00041F0050189B2052DD3F808902183D6D076
:1089B00000274FF0050A3E4672E700274FF0060AEF
:1089C0003E466DE72B4687E7B9F1000FD1D1EFF3B3
:1089D0001188402383F31288BFF36F8F238B23F01A
:1089E00008032383258BEA062ED525F01003238365
:1089F00005F007056669218B002EBFF670AF0023D6
:108A00002768C4E9003321F0070141F00101218307
:108A1000218B4FF0000901F0070AAA457FF440AF0F
:108A2000002F9CD041F00801218388F31188BFF307
:108A30006F8F002FC8D03D683946334652462046D6
:108A400006F09FFD2F46F4E7AB067FF51BAF25F040
:108A50002003238305F0070500E700BFAFF5000002
:108A6000014B036000207047D01F010008B5044887
:108A700006F041FDBDE80840024806F03CBD00BFDD
:108A8000D62201000B23010008B50348034A002148
:108A9000121A06F031FE08BD10060020F424002052
:108AA000074808B5074A0849121A06F027FEBDE82C
:108AB00008400648064A0749121A06F01FBE00BFC2
:108AC000400000200C060020E829010040000020A2
:108AD00040000020E829010038B505460C4699B150
:108AE000D1E901230F48096806F005FDD4E9042304
:108AF000E1680D4806F0FFFCE1690C4806F0FBFC5C
:108B0000A1690B4806F0F7FC012D05D1EFF30581B3
:108B10000848103906F0EFFC21462846BDE83840E9
:108B200003F088BE39230100692301009923010065
:108B3000A9230100D823010030BFFFF7FDBF00BF0C
:108B40002DE9F04105460B4EDFF82C80324606EB4E
:108B50000807CC1B2046094908F0BFFAA019424675
:108B60000021083C08F0C6FAC5F8B84007F1080033
:108B7000BDE8F08100000000040000009C1C010022
:108B8000054B5A699B689A421FBF044A536843F0D9
:108B900080535360704700BFE41D002000ED00E0EB
:108BA00010B5204C204806F0A6FCA36A990137D5E1
:108BB0001E4806F0A0FC1E20A36ADA0103D51C485B
:108BC00006F099FC1F20174CA36ADB0203D5194855
:108BD00006F091FC0220A36A1C0303D5164806F098
:108BE0008AFC21200F4CA36A590303D5134806F0D1
:108BF00082FC2220A36A9A0303D5114806F07BFC6D
:108C00002320084CA36ADB0303D50E4806F073FC4F
:108C10002420A36A6FEA03436FEA1343A36210BDE3
:108C20001D20C9E700ED00E0EC2301000524010050
:108C300019240100342401005F2401007E24010076
:108C4000A4240100BF24010070B5244C064624482A
:108C50000D4606F050FCA36AD90435D5214806F02C
:108C60004AFC1720A36A1A0503D51F4806F043FCE7
:108C700018201A4CA36A9B050FD51C4806F03BFC34
:108C8000A16BA36A180407D5194806F034FC1EB17D
:108C9000A36A23F40043A3621920104CA36A590568
:108CA00003D5144806F027FC1A20A36ADA050DD56F
:108CB000114806F020FC1B20084A936A43F47F43C6
:108CC000936200232B7070BD1620CBE7A36A9B0430
:108CD000F2D50A4806F00FFC1C20EDE700ED00E09D
:108CE000EB240100022501001425010028250100C4
:108CF0004225010058250100742501008D25010041
:108D000070B5264C064626480D4606F0F4FBA36ACD
:108D1000D80640D5234806F0EEFB1120A36A1907B8
:108D200003D5214806F0E7FB12201C4CA36A9A07E2
:108D30000FD51E4806F0DFFB616BA36A1B0607D543
:108D40001B4806F0D8FB1EB1A36A23F08003A36280
:108D50001320124CA36ADE0703D5164806F0CBFB9E
:108D60001420A36A9C0603D5134806F0C4FB152003
:108D70000A4B9A6AD10658BF9A6A9A6A920642BF0B
:108D80005A6A22F400525A629A6A42F0FF029A62C8
:108D900000232B7070BD1020C0E700BF00ED00E085
:108DA000BD250100D425010014250100082601007D
:108DB00021260100382601008D2501002DE9F04112
:108DC0005B4B04465F6800258AB0C7F3080685F34D
:108DD0001188BFF36F8F02F07F43B3F17F4F06D14D
:108DE00002F00C03082B13D1524806F084FB002537
:108DF0002C464FF00008F31E8DF80780092B00F277
:108E00008580DFE803F00A797D758383838383811E
:108E100010074CBF0C460125EBE74748444E06F0CF
:108E20006AFB8DF80780F36A9A0704D5434806F079
:108E300062FB00232FE0F36A002B01DA4048F6E7DB
:108E4000F36A5B00F5D53F4806F055FB7369A269EC
:108E500043F480737361BFF34F8FBFF36F8F7369F8
:108E600032F8022C23F480737361BFF34F8FBFF38A
:108E70006F8F4DF602739A4208D0B36ADBB24BB3E0
:108E800001200DF10701FFF73BFF33E021682E4879
:108E900006F031FB23689DF80720C2B902AE04F149
:108EA0002007324620686168083403C2BC42164677
:108EB000F7D1099AB5B3C2F3080121B96FEA52227A
:108EC0006FEA42220992184602A9FFF705FE0AB08E
:108ED000BDE8F081B36A13F47F4F05D001200DF196
:108EE0000701FFF7B1FE05E0B36AB3F5803FA0D3F9
:108EF000FFF756FE0346CEE700200DF10701C2E75B
:108F000000200DF10701ECE7104890E7104B17F433
:108F1000F87F1049104818BF1946A6F1100206F054
:108F2000EAFA86E722F4FF7222F00102CAE700BFE4
:108F300000ED00E086260100B2260100CA260100ED
:108F4000EC260100FB2601001B2701003827010049
:108F50006D260100582601005D270100064B5A6965
:108F600042F010025A615A6942F480625A615A69A9
:108F700022F008025A61704700ED00E0EFF308802C
:108F8000EFF3098101B57246FFF718FF01BD00BF7D
:108F9000002080F31488BFF36F8F002080F30A88CD
:108FA00080F30B88104880F3088800200F49087070
:108FB00002F094FF00200E490860BFF34F8F00F0CD
:108FC0002DF8402080F311880A484FF400614018C2
:108FD00080F30988EFF314800221084380F314889A
:108FE000BFF36F8F00F0E6F838480020EF24002030
:108FF00094ED00E0F8300020002318460649D1F82F
:109000009020C2F30722934200DB7047C1F89830EA
:10901000C1F8A0000133F6E700ED00E010B572B62C
:10902000002484F31388FFF7E7FF23464FF0FF3057
:109030000C4A03F120010133102B42F82100F8D132
:1090400000234FF0FF30074A03F160010133102B7A
:1090500042F82100F8D162B6BFF34F8FBFF36F8F94
:1090600010BD00BF00E100E0084B9B6883420BD1BC
:10907000EFF3058343B1064B5A6842F080525A60C1
:109080005A6A22F400425A6204F09EBBE41D00209A
:1090900000ED00E016498A684FF030001044EFF30D
:1090A000098C80E8F01F402080F31288BFF36F8F97
:1090B000104F4FF000664A698A603E60D2F8B800EF
:1090C0000D4C2060D2F8BC000023C2F8BC3080F305
:1090D000118802F1300090E8F01F8CF3098802F14A
:1090E000000004B506F01BFBBDE80440704700001B
:1090F000E41D002004ED00E0E01C00201EF0040F41
:109100000CBFEFF30880EFF30980816911F8021CAE
:109110000229FFD001B5724606F0F2FA01BD00BF88
:1091200000B2002807DB01234109034A00F01F00B9
:10913000834042F82130704700E100E000B200288F
:109140000CDB01220649430900F01F008240203356
:1091500041F82320BFF34F8FBFF36F8F704700BFDD
:1091600000E100E0D30748BF002100B258BF023140
:109170000028ACBF00F16040064A4FEA4113DBB261
:10918000ABBF00F5614000F00F0080F800331354CE
:10919000704700BF14ED00E0044B054A23F07F0345
:1091A0009360BFF34F8FBFF36F8F704700000000D5
:1091B00000ED00E008B5FFF7EFFF074AD2F888306E
:1091C00023F47003C2F88830FFF75EFCFFF768FCF9
:1091D00000F048F803F0F6FB00ED00E042F8203C18
:1091E000009B0B4942F81C3C019B21F0010142F815
:1091F000183C029B42F8081C42F8143C4FF0807364
:1092000042F8043C0023203A0265C0F8BC307047A5
:109210001188000000B50E4B15469860D0F8B820B4
:109220000C4B0E461A60D0F8A83083F30B882C46FE
:1092300086F309880020044B98472046002100222D
:109240000023024C204700002FF700001188000087
:10925000E41D0020E01C00201022014B1A61704721
:1092600000ED00E00023402040F20F1210B5044C46
:10927000E1180133934281F80003F9D110BD00BF1A
:1092800000E100E008B5EFF30583064A103B02EB6E
:10929000C30152F8330049688847BDE80840FFF72A
:1092A0006FBC00BF8C1301001FB5094C094A23464F
:1092B0000121094800F0FAF800230393074B01212C
:1092C000E41A01A80193029400F0FAF804B010BD6A
:1092D00000F0022000000020D01F01001006002036
:1092E00010B50C7A0B6804F01F0223F01F031A4319
:1092F000CB68640923F01F03054943EA440343F0A4
:109300000103C1F89800C1F89C20C1F8A03010BD3D
:1093100000ED00E010B5074BD3F89030C3F30723FE
:10932000013B984202D8FFF7DBFF10BD6FF015003C
:10933000FBE700BF00ED00E02DE9F04F0F461446BB
:1093400006464FF000084D4D85B0B84580F292803A
:10935000D6F80490B9F1000F36D0B9F11F0F40F2E2
:10936000878019F01F0F40F08380D6F800A01AF014
:109370001F0F7DD1504606F0FDF9834609EB0A0028
:10938000013806F0F7F9834572D11BF1160F6FD043
:109390005C456DDDC5F898B0D5F89C10C5F898B05F
:1093A000D5F8A03021F01F0143F01F0AD6E90032A2
:1093B0001A44994202F1FF391ED1CA4508D13146FB
:1093C0005FFA8BF006F0DFF908F101080C36BCE714
:1093D0003146C5F898B0D5F89C3022F01F0203F052
:1093E0001F031343C5F89C30E0B206F0CCF910F12E
:1093F000160F3DD0441CE7E7C5F898B0D5F8A0207B
:10940000013B23F01F0302F01F021343CA453146FC
:10941000E0B2C5F8A030E8D006F0B5F910F1160FAB
:1094200026D0C5F898B0D5F89C209DF808300AF1F0
:10943000FF3A62F304038DF80830D5F8A0309DF8A8
:1094400008205B0863F347128DF80820D6E9003244
:109450001344009323F01F035344A3EB090301308B
:1094600023F01F036946C0B20393FFF753FFBEE723
:109470006FF01504204605B0BDE8F08F00ED00E068
:109480000522044BC3F89420BFF34F8FBFF36F8FB7
:10949000704700BF00ED00E0BFF35F8F0022024B7A
:1094A000C3F89420704700BF00ED00E010B5034CF6
:1094B0002278FFF741FF207010BD00BF5C24002020
:1094C0002DE9F74F294D8A4606464FF00008AB4676
:1094D000274FD0451BDAD6F80490B9F1000F3FD0E2
:1094E00031680846019106F045F90199044609EBF7
:1094F0000100013806F03EF984424FF014021D4B82
:1095000008D002FB08F36FF015024BF8032003B0FC
:10951000BDE8F08F14F1160F2C60F8D01978A14235
:10952000F5DD02FB08B0C7F89840C7F89840D7F8B7
:109530009C4000F10801007B64F304000871D7F837
:10954000A0000C79400860F347140C71D7F89C1008
:1095500021F01F016960D7F8A01021F01F012961D7
:1095600008F1010814350C36B3E700BFE41C0020F5
:1095700000ED00E05C240020F0B54149414CD1F8F9
:1095800090302568C3F307239D4287B075D800202B
:10959000FFF782FF3C4BC1F8C030854216D13B4CEF
:1095A00001A82570FFF75CFA00250646384FAE4249
:1095B00013D1002023783249D1F89020C2F307223A
:1095C000934254DBFFF75CFF00202FE0616801EB62
:1095D0000011FFF785FE0130DFE70199280101EB5B
:1095E0000513DA683A40B2F5001F21D0B2F5800FBA
:1095F0002BD0B2F5801F38D15A689B680958013BBF
:1096000022F01F0003440120844623F01F0340EA98
:109610004C10CDE902218DF8100002A920780593A5
:10962000FFF778FE00281DDA6FF0150007B0F0BDD7
:109630005A689B680958013B22F01F0003444FF011
:10964000020C012023F01F03E1E75A689B680958C8
:10965000013B22F01F0003444FF0000C062023F0D2
:109660001F03D4E723780133237001359FE7C1F846
:109670009830C1F8A00001339EE74FF0FF30D5E7E6
:1096800000ED00E0DC1F0100AAFF44005C24002084
:109690000000F0FF08B5024B1B689847002008BD8A
:1096A000F81C0020034B044A1860937843F002032F
:1096B00093707047F81C00201403002008B5064979
:1096C000064821F00701C1F1005202F53C3205F0D5
:1096D000B8FE002008BD00BF6F560020FC1C002013
:1096E00070B541690446867A0A4D59B1437ADB0761
:1096F00006D42C2303FB06535B6A1B689B689847C0
:10970000002363612C20214606FB0050BDE8704019
:1097100006F09EBF5C0500202C22024B02FB0030AD
:10972000704700BF5C0500202C21827A054B01FBAD
:1097300002339A6A1B7F801A1B3323F00303B0FBAA
:10974000F3F070475C05002038B52C24827A064B74
:1097500004FB02335B6AD3E901240C601568FFF750
:10976000E3FF04FB005038BD5C0500202DE9F04309
:1097700085B00546684690461C46039107F080F97F
:10978000DDE90067EFF31189402383F31288BFF30B
:109790006F8F6B8B002B41D02A8B9A4225D90022E8
:1097A0000023284603F050FA0446F0B189F31188EB
:1097B000BFF36F8F039B002B41D032463B46684678
:1097C00007F083F92C21A27A254B204601FB0233B6
:1097D0005B6A03A91B681D68DDE90023A847606177
:1097E00070BB2046FFF77CFF24E0698B4B1E6B8328
:1097F00089F31188BFF36F8F2B7F2A8BAC6A1B33E1
:1098000023F00303521A02FB0344154B154AEB1ACB
:109810009B105343A3722B7FE372CBE789F311882C
:10982000BFF36F8F23464246284603F00DFA0446E5
:109830000028BFD10024204605B0BDE8F083636155
:10984000012300252381039B29466382E27A656018
:1098500004F1180007F04EFC63692582E360EAE733
:109860005C050020A38B2EBA70B52C250C4C00B9DA
:1098700070BD037A4668002BFAD0013BDBB203725D
:10988000002BF5D1C3604360837A05FB03431B6A59
:1098900013B198473046EAE7FFF722FFFAE700BF27
:1098A0005C05002008B5234A234B1A6001F01AF921
:1098B0004FF47A612148D0F82436C3F30802C3F389
:1098C00009434B4382F480721D49883201FB023305
:1098D0004FF4FA215B00B3FBF1F201FB123319499B
:1098E000B3F57A3F28BF0132C1F80429D0F82036F9
:1098F0004FF47A60C3F30802C3F30943434342F2CF
:109900001C5082F4807202F2172200FB02334FF4E3
:109910007A701B0AB3FBF0F200FB1233B3F5FA7F47
:109920004FF0010328BF0132C1F81C27C1F80036EF
:10993000002008BD0020A1074004002000C0FF0057
:10994000F82A00800000125048B1054B054A1B68F8
:10995000B3FBF2F35843044B43F00103184770473D
:109960004004002040420F00B01F010010B505F078
:10997000B7FF06F04EFF0B4C18B1D4E8AF3F63B908
:1099800010BD03F0F9FDD4E8AF3F1BB9BDE81040AE
:1099900003F006BE0A209847F8E70A20BDE8104009
:1099A000184700BF081D002038B50446084805F0D8
:1099B0000EFF054648B1631EDBB21F2B96BF054A5A
:1099C0000021D15C0C3005F048FF284638BD00BFAF
:1099D000B405002093270100034BD3E8EF2FC3E821
:1099E000E10F0029F9D17047081D00200E38012829
:1099F00010B50AD8094805F0EAFE044618B104215A
:109A00000C3005F02AFF204610BD09B10448F2E7EA
:109A10000220BDE81040FFF7C7BF00BFE0050020EF
:109A20005C05002010B5012104460C3005F036FF1E
:109A30002146BDE810400023014A007805F077BFB9
:109A40007C20010010B5012104460C3005F026FFF2
:109A50002146BDE810400023014A007805F067BFA9
:109A60007C20010010B5012104460C3005F016FFE2
:109A70002146BDE810400023014A007805F057BF99
:109A8000642001002DE9F0478846164682460028EA
:109A90006AD00023DFF8D490D9E8EF4FC9E8E23F5D
:109AA000002AF9D1002C5FD02046FFF73DFE0C23A1
:109AB0002F4D274603FB0050438853450DD0D9E86E
:109AC000EF3FC9E8E27F002AF9D1002B4CD01F46B6
:109AD0003846BDE8F047FFF7C7BEA64208D020468B
:109AE00005F070FE328AF16804F10C0005F0ACFE5E
:109AF0002046FFF719FE0C2606FB00504368ABB169
:109B0000B8F1000F12D12046FFF70EFE012106FB2F
:109B100000504268D2E90003127A03F01F06B140F8
:109B20005B09DAB100EB830005F0F2FE2046FFF797
:109B3000FBFD0C2606FB00508368002BC8D0204696
:109B4000FFF7F2FD704305F800802046FFF7ECFDBB
:109B500006FB0055A86803F0A9F8B9E7C94300EB74
:109B6000830005F0FBFEE1E7BDE8F0872802002056
:109B70000C1D0020054BD3E8AF2F02F00B02D3E8F9
:109B8000EF1FC3E8E02F0028F9D17047EC01002057
:109B90002DE9F8430C4603F0EFFCE268218A1378C4
:109BA000042B6DD1022908D82046FFF75DFE002462
:109BB00003F0F6FC2046BDE8F88353783E2B08D12D
:109BC0000329F1D0D378012B01D00A2B49D10327E7
:109BD00005E0052BFBD00E3B012B42D8012704F1F9
:109BE0000C06304605F06AFE012105463046B4F801
:109BF000109005F04BFE0221304605F04FFE037831
:109C000080463E2B07D1E3681B78012B01D00A2B3D
:109C100006D1032614E0052BFBD00E3B012B29D9DE
:109C200041F24513194A1A491A4805F071FC0023FC
:109C300083F31188BFF36F8F0323184602DF0226D8
:109C4000154A0323214698F8000005F070FEB2077C
:109C500012D56369A4F8109013FA85F5E560BB0787
:109C6000A5D521460D4805F0B6FD0D490D4806F075
:109C70009BFD9CE70126E3E72046FFF7F5FDEEE7B5
:109C80002046FFF7F1FD6FF0150491E7B3270100BF
:109C9000E7270100002801004C2001002C020020D1
:109CA00024040020E014002038B51C4805F0A8FD6D
:109CB000044688B300F10C05284605F0F7FD04289A
:109CC0001DD12846022105F0E9FD037805460E3B2B
:109CD000012B0ED840F6A843114A1249124805F04C
:109CE00017FC002383F31188BFF36F8F03231846FB
:109CF00002DF032321460D4A287805F018FE20468E
:109D0000FFF7B2FD0A4BD3F81C312BB1BDE8384048
:109D10000849094806F048BD38BD00BF2C020020A4
:109D2000B32701001D280100002801006420010064
:109D30001001002024040020E014002010B5C1E927
:109D400000239DF808300C460B72FFF7EDFC0C2247
:109D5000024B02FB00335C6010BD00BF0C1D0020F5
:109D6000F8B502460B46104805F031FD0446C0B177
:109D700004210C3005F05EFD2046FFF7D5FC0C27D2
:109D800000260A4D07FB005046802046FFF7CCFC1A
:109D900007FB005086602046FFF7C6FC07FB005516
:109DA0006E602046F8BD00BF880500200C1D002015
:109DB000034B0146D3F83C0182689268104700BF0C
:109DC000100100200421014805F0A2BDEC01002093
:109DD000014803F0E3B800BF1404002070B5054645
:109DE0000C4659B94FF0FF304FF0FF31FFF7B8FF85
:109DF000044618B96FF06805284670BD2046FFF785
:109E000093FC0C22154BA61802FB003330465D80F4
:109E100005F054FD03280BD90321304605F025FD3C
:109E20000580238A0121033B8370304605F025FD20
:109E300040F635439D4208D12046FFF7B9FF05465D
:109E400048B12046FFF710FDD6E72146044806F04A
:109E5000F4FBFFF7BDFF0025CEE700BF0C1D00207F
:109E60003402002038B502460B46244DD5F82411A3
:109E700009B9002038BD05F5807002F051FF0028B7
:109E8000F7D10022002305F5927002F0DDFE0446B2
:109E900068B940F6B8431A4A1A491B4805F038FB1E
:109EA00084F31188BFF36F8F0323184602DFD5F8C0
:109EB000180120B1FFF7D8FC0023C5F8183120465F
:109EC00005F0B4FCC5F818012046FFF771FF98B102
:109ED0000E4802F0EBFE2046FFF726FC0C220C4B4E
:109EE0001F2102FB003022464088FFF7CBFD2046B1
:109EF000FFF7BAFCFFF76CFF0120BBE71001002061
:109F0000B32701004B2801000028010010020020A7
:109F10000C1D00202DE9F04F064617460C4687B071
:109F200069B94FF0FF304FF0FF31FFF719FF0446DA
:109F300058B96FF06805284607B0BDE8F08F887AF9
:109F4000FFF7EAFB444B83427FD1012200216846A0
:109F500006F08CFB2046FFF7E7FB0C23DFF8FCA0A4
:109F600003FB00A0C0F808D0204605F05FFC0146C6
:109F70003046FFF733FF054618B12046FFF774FC63
:109F8000D9E707F041F9364B1A58364B9A421FD1A0
:109F9000DFF8D4B0354806F065FB0021814634482F
:109FA000FFF760FF804688B94FF4F9735A4631498C
:109FB000314805F0ADFA3146304805F0A9FA88F38A
:109FC0001188BFF36F8F0323184602DF4C45E1D1A0
:109FD00000236846264A02F0A3FE804698B14FF45B
:109FE000FC73214A2649244805F092FA424631463C
:109FF000244805F08DFA002383F31188BFF36F8F97
:10A000000323184602DF2046FFF78EFB0C2358433C
:10A010001AF80060AEB12046093EFFF725FC092E74
:10A020000CD8DFE806F0150B0B08050B0B0B0B1219
:10A030006FF00B057FE76FF00C057CE76FF0040510
:10A0400079E7002F99D03C6075E76FF0150572E74E
:10A050006FF06E056FE700BF880500200C1D002023
:10A0600008000000D01A0020B327010034020020AD
:10A07000B4C404004F280100002801005728010043
:10A080007728010080280100F7B5002240F6034040
:10A090001146FFF73FFF0446002853D1FFF76AFD42
:10A0A000214641F2030001AAFFF734FF04460028CD
:10A0B00048D1019A854DD16805F18003D1F801009E
:10A0C000D1F8051003C31046FFF7CEFB214641F23D
:10A0D000010001AAFFF71EFF044698BB0198C36860
:10A0E0005A7885F878205A88A5F87A201A7985F860
:10A0F0007920B3F80720A5F87C20B3F80530A5F83F
:10A100007E30FFF7B1FB214641F2020001AAFFF7C2
:10A1100001FF0446B0B9019F05F18806FA68531C97
:10A120004132344618685968083303C493422646BE
:10A13000F7D13846FFF798FB95F88430580604D4D9
:10A140006FF01204204603B0F0BD002142F203007C
:10A1500001AAFFF7DFFE04460028F3D1019A5C4B09
:10A16000D168D1F80100D1F8051003C31046FFF7FC
:10A170007BFB1F23A5F8F03095F88430990619D49D
:10A180004FF0FF304FF0FF31FFF7EAFD06460028A1
:10A1900000F0998002210C3005F050FB012344703F
:10A1A00022460370314640F66D40FFF7B3FE044689
:10A1B0000028C7D195F8A4301A0712D5002142F221
:10A1C0001C0001AAFFF7A6FE04460028BAD1019898
:10A1D000C368D3F80120D3F80530C5E93A23FFF767
:10A1E00043FB4FF0FF304FF0FF31FFF7B9FD04465E
:10A1F000002868D008210C3005F020FB022700223F
:10A200002146077042708270C27002714271827181
:10A21000C27142F20100FFF77DFE0446002891D191
:10A220004FF0FF304FF0FF31FFF79AFD0646002850
:10A2300049D008210C3005F001FB80234370202316
:10A24000047084700471447184712246C770C371B4
:10A25000314640F60140FFF75DFE044600287FF4DA
:10A2600071AF014601AA4FF60140FFF753FE0446C5
:10A2700020BB0198FFF7F8FA21464FF6024001AAE9
:10A28000FFF748FE0446C8B90198C368B3F8013027
:10A29000A5F8C930FFF7E8FA95F8C9305B070DD586
:10A2A00021464FF6034001AAFFF734FE30B901986A
:10A2B000C3685B7885F8C830FFF7D6FA03B0BDE80D
:10A2C000F04000F06FBA6FF068043BE71001002027
:10A2D000F001002073B5264D0646D5F83C0106F086
:10A2E000C9F800283CD06FF0020105F1DC0005F050
:10A2F00035FB012105F00CFB10EA010433D11D4BA5
:10A300001E600A4605F5807006F0B0F905F59270FA
:10A3100006F087F9184806F057FA6FF007034FF474
:10A32000006216491448009402F03EFE1449124897
:10A3300002F0D8FED5F83C01124983681B689847A3
:10A34000044628B93EB9FFF79FFE78B9FFF73AFDFA
:10A35000204602B070BD05F1CC0002F01FFEF7E709
:10A360006FF01204F4E76FF07704F1E70446EFE7CB
:10A3700010010020181D0020E0140020F824002007
:10A38000C5280100919B000010B5FFF77DFE044633
:10A3900008B9FFF717FD044B1B681BB12046BDE849
:10A3A0001040184710BD00BF181D002038B50446E6
:10A3B00003210C3005F072FAE3680578197840F64D
:10A3C0003543B0F8010098420AD02246FFF75AFB05
:10A3D00035B1044802F06AFCBDE83840FFF7F8BC2C
:10A3E00038BD00BF1002002038B5042104460C30EF
:10A3F00005F054FA4578017822464088FFF742FB81
:10A4000035B1044802F052FCBDE83840FFF7E0BC2B
:10A4100038BD00BF10020020F8B506460024094DE3
:10A42000AF7BE3B29F4202D86FF0010007E02946FC
:10A43000304605F0A6FA0735631C08B12046F8BD82
:10A440001C46EEE71001002070B5144E062231467E
:10A45000044606F057FEE0B14FF0FF304FF0FF31F9
:10A46000FFF77EFC0546B0B1062221460C3005F010
:10A47000EBF90022294642F20500FFF74BFD48B9EF
:10A480003346226843F87129A288B280012283F8FA
:10A490007020002070BD6FF06800FBE78101002094
:10A4A00037B504460D4689B12846184905F069FAC2
:10A4B00060B9174A2968C4EBC4041151A318AA88CB
:10A4C0009A80AA799A71002003B030BD684605F0E1
:10A4D000F9F90028F8D16846FFF79EFF0028F5DA61
:10A4E0000B4A0098C4EBC40410519DF80610BDF847
:10A4F0000400A31898809971002DE4D012592A60A5
:10A500009A88AA809B79AB71DDE700BF80270100A4
:10A510001001002070B5044611B16FF0150070BD38
:10A5200080B11B4905F02DFA60B92046FFF774FF92
:10A53000002827DA2378012BEFD1A37903F0C00399
:10A54000C02BEAD1134DAB7B022B1ED005F1DC03EF
:10A55000D3E8AF3FDB0707D4002CDED020460C4900
:10A5600005F00FFA0028D8D1AE7B2146731C304687
:10A57000AB73FFF795FF08B93046D0E7AB7B013BE3
:10A58000AB73CCE76FF07700C9E76FF00B00C6E75D
:10A5900080270100100100202DE9F3410446D8B1C5
:10A5A000002141F2090001AAFFF7B4FC054698B961
:10A5B000019E0622D6F80C80104908F101073846A2
:10A5C00006F0A0FD28B1062238460D4906F09AFD96
:10A5D00030B93046FFF748F9002002B0BDE8F081FD
:10A5E000D8F801303046C4F80130BB882570A4F893
:10A5F0000530FFF739F90120EFE700BF8D27010093
:10A600008727010007B56846FFF7C6FF044B98731C
:10A6100018B169460020FFF743FF03B05DF804FB63
:10A6200010010020F0B52A4D8FB0AC7B002C47D133
:10A6300095F8CA30DB0713D501AA21464FF6094029
:10A64000FFF768FC024658B9019803AEC3685C780E
:10A650000233022C28BF0224A2420CDBFFF704F9CC
:10A66000AC73162600240127AB7BE0B2834212D8DC
:10A6700033B3002022E01946374603F1140C51F899
:10A6800004EB614547F804EBF9D1098801323980C0
:10A6900016361633E0E70EAB06FB003353F82C2CCE
:10A6A00033F8283C01A9CDF80520ADF809308DF824
:10A6B0000470FFF7F5FE01340028D5D00FB0F0BDCF
:10A6C000002108460FB0BDE8F040FFF723BF00BFF0
:10A6D000100100202DE9F0410D4617461C460646A4
:10A6E000002856D0002B54D00A03037808D56D07F4
:10A6F0004FD405F056F9002849D1012323700CE00E
:10A70000A9072CD026480FB1AA0608D4C3EBC30270
:10A71000825C012A12D002B92270002037E090F842
:10A72000E020510638D5C3EBC302825C012A05D074
:10A7300002B92270237843F00203DFE74FF00108EB
:10A74000072111FB03810144304605F022F9F0B9DD
:10A7500084F80080002FE0D0AB06DED5EAE76A0778
:10A7600011D50F49C3EBC3028E5C012E08D107221D
:10A7700012FB0363194405F00CF940B92670EBE7AE
:10A78000002EE9D1FAE705F00CF901232370BDE8AA
:10A79000F0816FF01500FAE76FF08500F7E700BF72
:10A7A0001001002010B50A4CA37B0BB1002010BD96
:10A7B000FFF728FF0028FAD1A37B002BF6D1FFF783
:10A7C00031FF0028F3D1601CBDE81040FFF73CBE0C
:10A7D00010010020F8B545680646690535D40469BE
:10A7E00014B115F0030330D0194F3078BB7B83428E
:10A7F0002BD9C0EBC00007221649384406F082FC72
:10A80000A8B115F0030306D197F87820082A02D8DA
:10A81000B2689F2A19D915F0300F09D0ACB1EA06F9
:10A820000AD405F46035B5F5603018BF0120F8BDD5
:10A83000EB0601D4002CF4D1D6E902239A4204D8C5
:10A840001F2A02D9B3F5804FEBD90020EFE700BFF4
:10A850001001002080270100F7B5CDE9000169460D
:10A8600042F2080016461D469DF8207005F0C6F815
:10A87000044648B95FB90B4BD3E8EF1F41F0040120
:10A88000C3E8E21F002AF7D1204603B0F0BD6946B5
:10A8900042F20900CDE9006505F0B0F80028EAD0E1
:10A8A0000446F1E7400100202DE9F04F7A4ED0F840
:10A8B00010B00546BBF10004304687B018BF012434
:10A8C00005F099F80F46410791469A4640F1C68037
:10A8D0002846FFF77FFF60B96FF015043846002364
:10A8E00040F20111994540F0C280204607B0BDE812
:10A8F000F08F284605F06CF880460028ECD0A6F1D1
:10A90000AC0005F078F8C205C0F3002300F1A9807F
:10A91000CDE90333CDF81330AB686868ADF8083083
:10A92000EB68ADF80A3005F057F88DF81500D6E859
:10A93000EF3F23F48073C6E8E23F002AF7D12A787C
:10A940000DF10D0306F8BC2C06F8652C696822464B
:10A95000A6F1BC00FFF7BEFE04460028BED1A6F15A
:10A96000B303BBF1000F11D02A69116846F8B31C7C
:10A970009188998092799A716B689C074AD1990560
:10A9800002D4BAF1000F59D002230BE0434A1168F8
:10A9900046F8B31C9188927999809A716B689807F0
:10A9A000EDD05B468DF80C304FF0FF304FF0FF31AB
:10A9B000FFF7D6F90446002856D00F2202A90C3022
:10A9C00004F042FF2146002242F20600FFF7A2FAFD
:10A9D0000446002882D1BBF1000F33D0012130485A
:10A9E00005F07BF8044600287FF478AF6A682D48AC
:10A9F00012F0030218BF0122092105F059F842465E
:10AA00000A2105F055F86A680C21C2F3800205F0AE
:10AA10004FF863E713F0100F0CBF012304238DF8E8
:10AA20000C302B691A68CDF80E209A88ADF81220E8
:10AA30009B798DF814304FF00008B5E703238DF8AB
:10AA40000C30F8E7524649463846109BCDF8008056
:10AA5000FFF702FF04460028C0D03FE76FF00A046A
:10AA60003CE76FF0770439E76FF0680436E7028857
:10AA70008A4204D1426812B11278D20702D401335B
:10AA800008302FE70849094805F0A4FE0023084ACA
:10AA9000064802F021FB28E7EC0100208027010096
:10AAA00030010020400100202DFB00004801002063
:10AAB0001C4E0E0008B5094805F035F8084804F0AA
:10AAC0009AFF0346DB05C0F3002005D5BDE808402A
:10AAD0000021024805F001B808BD00BF3001002088
:10AAE000400100200122024BC3F80424704700BF3C
:10AAF000002008E0084B70B5C31A0D4607499B10AB
:10AB0000044659434022064805F01BF82B460146EF
:10AB10002046BDE870401847301D0020B76DDBB6F9
:10AB2000AC120100402373B50B4C0093041B0B4681
:10AB30000D460A49A41061430646094A094805F032
:10AB40002CF8011E05DA30462B4602B0BDE87040F5
:10AB5000184702B070BD00BF301D0020B76DDBB6D6
:10AB600005FC0000AC120100F8B5002201210546E9
:10AB700040F20510FEF7F6FA0F4801F07FF904469F
:10AB8000B8B905F0E7F92F690C49384604F01CFD07
:10AB9000031E09DB01263E642D69084905F11C00EE
:10ABA00004F012FD031E02DA1C462046F8BDEE64D6
:10ABB000FBE76FF00404F8E725FC0000902001009B
:10ABC0007FB500220123CDE9022304ABCDE9043394
:10ABD000094A6B46CDF800D0CDF804D005F00BF84B
:10ABE000002805DB43F609520023684602F098F876
:10ABF00007B05DF804FB00BF17FC000010B5EFF3D1
:10AC00001184402383F31288BFF36F8F074A1368C0
:10AC100023F00201DB07116002D4012005F094F952
:10AC200084F31188BFF36F8F10BD00BF801D00201B
:10AC30000C22104B014602FB0033002030B4D3E954
:10AC40000E529863EFF31180402484F31288BFF30F
:10AC50006F8F1C6C04F0C00444F002041C6480F389
:10AC60001188BFF36F8F1DB12B4630BC02481847C7
:10AC700030BC7047301D0020AC12010010B4EFF35F
:10AC80001182402383F31288BFF36F8F1648016847
:10AC900041F002040460C80707D482F31188BFF3AF
:10ACA0006F8F012010BC01F0D9B81049D1F80C14F5
:10ACB000C903F2D5EFF3118083F31288BFF36F8FCE
:10ACC0000B490B6C03F0C00343F002030B6480F3E9
:10ACD0001188BFF36F8F82F31188BFF36F8F00204D
:10ACE00010BCFFF7A5BF00BF801D002000E0105082
:10ACF000301D00202DE9F041012207463449D1E8FA
:10AD0000EF3FC1E8E02F0028F9D133B9314932488B
:10AD10004B60CB608A6004F06AFC7B1E012B28D854
:10AD2000012F06D12D4BD3F8503403F00303012B30
:10AD30001FD005F06EFD0546E8B9294B1B78D3B14D
:10AD400004220646254BC3F80823244CDFF89480E0
:10AD5000D4F84C24D4F84C34D20315D503F00303B3
:10AD6000012B01D0012F0FD165B386F31188BFF3FA
:10AD70006F8FBDE8F081EFF31186402383F31288D3
:10AD8000BFF36F8F0125E0E7BDB1304604F0E3FC6F
:10AD9000D4F8403413F0FF03DAD1D4F80821002AA4
:10ADA000D6D0C4F80831D4F8083120220123C4F8E1
:10ADB0004034C8F8A0212361CAE70021202002F016
:10ADC000ABFCE5E70422054BC3F80423D1E700BF41
:10ADD0002C1D00201C1D00204C1D002000E01050E8
:10ADE000EF24002000E100E008B5074805F042FB31
:10ADF00038B10648FEF756FC0448FDF7EBFC00208E
:10AE000008BD6FF01200FBE74C13010011AE00000B
:10AE10000A2838B50446074D04D1AB680D212846F1
:10AE20005B689847AB6803485B68E1B29847204687
:10AE300038BD00BF4C1301002DE9F04340F2063548
:10AE40004768D00648BF4FF0030C3B7C02EA05057B
:10AE500058BFC2F3401C87B001F01F06B5F5837FD1
:10AE6000144646EA43168DF803C046D00DD8062D89
:10AE700045D005D8A5B1022D12D06FF0150039E0EC
:10AE8000B5F5807FF9D101250AE040F20222954212
:10AE900037D0B5F5407F36D0B5F5007FEDD104252C
:10AEA0000123220303FA01F12FD57B685960B868AA
:10AEB00080BB5F2E06F01F034FEA561173D83C4A41
:10AEC00052F8212084F4803102EB8302D2F88030E2
:10AED000C1F30041C4F3404423F4706344EA4104E5
:10AEE00023F00F031C4344EA8C0444EA0524C2F80F
:10AEF0008040002007B0BDE8F0830925D0E7082591
:10AF0000CEE70625CCE70525CAE7630344BF7B6887
:10AF10009960CCE731460DF1020205F01DFA14F4F8
:10AF2000403F80460CD13146B86805F02EFAB8F1A2
:10AF3000000FDED19DF80210B86801F097F9D8E74C
:10AF40004FF0000901ABCDE90199CDE90439CDF805
:10AF50000C903146B86803AA05F042F94845C8DBB1
:10AF600014F4003314D09DF8033084F48034C4F317
:10AF700000448DF80E308DF80C508DF80D404B4686
:10AF80003146B86803AA01F0BFF80028CFDAB0E76D
:10AF9000CDE904330DF1030303933146B86803AAE6
:10AFA00005F01EF9F1E7203350F82330FFDE00BF33
:10AFB000AC2001004209022A034670B503D0012AE1
:10AFC00018D0CAB170BD0E4E326951680029F9D04F
:10AFD000012503F01F030C689D400029F2D08A6808
:10AFE0002A4002D030464B6898473CB1236821463E
:10AFF0001C46F2E7034EE7E7034EE5E72346F6E794
:10B000000C130100EC120100CC12010038B54568A8
:10B01000A868C0B105F0B3F90146A0B9A86801F06D
:10B02000EDF8044688B902460949A86805F091F987
:10B0300022460121DB20FEF795F82246012140F24D
:10B040000D10FEF78FF8002038BD6FF00400FBE70D
:10B05000B5AF0000F0B545681646A8682A7C01F037
:10B060001F0487B044EA4214002868D0B6F5001FD8
:10B0700004D1214605F0DDF9002051E00020B6F5AD
:10B08000800F01AA0190506039D1B3F1007F14BF45
:10B09000052304238DF804300023CDE90423039312
:10B0A000EB680DF1030723FA01F111F0010139D129
:10B0B000B6F1A07F36D104F01F035F2C4FEA541085
:10B0C00003F120033ED8214A52F8202052F82330C1
:10B0D000DB0727D43A462146A86805F03DF916302B
:10B0E00018D002972146A86803AA05F079F800282D
:10B0F00016DB01222146A86805F049F9BCE7B3F147
:10B10000C06F05D0B3F1007F14BF01230223C1E754
:10B110000323BFE73946A86801F0B2F80028E0DA57
:10B1200007B0F0BD3A462146A86805F015F9002899
:10B13000D8D19DF80310A86801F098F8D2E76FF015
:10B140008500EDE751F82330FFDE00BFAC200100A1
:10B15000036803F01F025F2B02604FEA53129ABF8D
:10B16000024B53F822000020704700BFF42001007A
:10B170002DE9F04F1546074640F2FF19DFF868A1A8
:10B18000DFF868B185B000EB8101B94203D100203E
:10B1900005B0BDE8F08F3A68C2F3C323082BC2F3B1
:10B1A000080400F29E804C4508BF4FF0FF34B2F116
:10B1B000D05F1AF803804FEA126310D2192B12D80D
:10B1C000DFE803F014226461292F611111111111BC
:10B1D0001111111111111111111167717477382B9F
:10B1E0006AD04E2B52D06FF08500D1E7C5F80446E7
:10B1F000601C14D0012603A80394FFF7A9FF039B4A
:10B2000006FA03F3436004E0C5F80C46621C06D05E
:10B210000026324613E0631CC5F800465FD10437B0
:10B22000B3E7661CC5F80446F9D0012603A80394C9
:10B23000FFF78EFF0122039B02FA03F383603B6852
:10B24000039403F40040002818BF002203A818BF8D
:10B25000012601930092FFF77BFF039C019B00EB0B
:10B260008400D0F88040C3F3412C009A4FEA0823B1
:10B2700043EA8C03134304EA0B04234343EA4603E3
:10B28000C0F88030CBE7C5F80846BFE7C5F81046E0
:10B29000AEE7C5F86045621C3B68C0D0C3F300430D
:10B2A000002BC2D0A6E7C5F86445F4E7C5F86845A9
:10B2B000F1E7C5F86C45EEE703A80394FFF748FFF4
:10B2C000039B00EB8300D0F8803023F0E04343F091
:10B2D0008043C0F88030631CA1D0012699E7002686
:10B2E000A4E76FF0150053E705290100F0F0FCFF1B
:10B2F0002DE9F04104460D46476805F08AFAA0B9E9
:10B30000274B1B788BB14FF04008642663681B689D
:10B31000D3F830318BBB012004F022FE013EF5D181
:10B320000021202002F0F8F9EFE74021EFF311832C
:10B330001A4681F31288BFF36F8F60680068D0F8F7
:10B34000300120B983F31188BFF36F8FEEE77B6A7A
:10B3500000201D706368796A1B68C3F83C170121DF
:10B36000C3F84017C3F83001D3F83001196582F3F0
:10B370001188BFF36F8FBDE8F081EFF311831A4698
:10B3800088F31288BFF36F8F61680968D1F83011B4
:10B390000029DCD183F31188BFF36F8FC0E700BFB2
:10B3A000EF24002070B40D4CD4E90065901B63EBD2
:10B3B0000501400940EAC1604101891945EBD065AA
:10B3C000C4E90015002400250549C1E90023054B07
:10B3D000C3E9004570BC02F011BC00BFE8150020B5
:10B3E000D0150020E015002008B500220121E4203E
:10B3F000FDF7B8FE164A0020D2F8183723F4403380
:10B40000C2F8183701F06EF8002820DB012011493E
:10B4100001F0F4F800281ADB01F03EF80E4B20F0A2
:10B420001F00C3E900010D4B0022C3E900014FF0EA
:10B43000FF304FF0FF310A4BC3E90001094B0A49C5
:10B44000187A01F039F867220020084B1A6008BD0D
:10B4500000200E503C040020E8150020C8150020F4
:10B46000D015002034040020A5B30000B01D00203A
:10B4700008B501F011F8064AD2E90032C01A054BAE
:10B4800061EB0201C3E90001400940EAC16008BD67
:10B49000E8150020E0150020F7B5224B0146224FA9
:10B4A000187A224BD7E90056D3E900239E4208BF01
:10B4B000954211D1B1F1806F0ED24901012938BFF7
:10B4C000012101224D1946F10006C7E9005603B0DB
:10B4D000BDE8F04001F02AB9154BDFF858C0D3E9B8
:10B4E0000043DCE9002CA41843EB0C0C4FF0200EB9
:10B4F00022466346C1FB0E23954276EB0301C7E962
:10B5000000230DD2291B66EB0C04C82974F100043A
:10B51000B4BF01210021009101F0D0F803B0F0BDCB
:10B520000021F8E734040020D8150020D0150020B1
:10B53000E8150020E015002002460B46014801F006
:10B54000BBBA00BF30050020014801F02DBB00BF91
:10B55000300500201FB500240A2201940294CDF882
:10B560000B400091014601A805F0DCFD009A01A9FD
:10B57000074803F0C0FF074803F0BDFF84F31188BC
:10B58000BFF36F8F0323184602DF04B010BD00BF66
:10B59000192901003627010070B5064686B00D4610
:10B5A0001848194905F0E4F801A8F5F7EDF817482F
:10B5B00004F060FF00B3164B68460093F5F702F9FC
:10B5C000E8B94FF0FF304FF0FF31FFF7B5FF044609
:10B5D00038B910491048F5F799F8044620B1FFF73B
:10B5E000B3FF204606B070BDFFF7AEFF33690B48CE
:10B5F0001D60FEF7F1F9F4E76FF01204F1E76FF068
:10B600001504EEE7B81D002077FE00002C130100A2
:10B61000C9B60000F0150020E1B6000041B80000F6
:10B620001FB52848F4F7F0FF0446002844D1F5F789
:10B63000BDF80221204601AA8DF80440F5F718F85C
:10B64000031E38DB08230721204601AAADF8043089
:10B65000F5F70EF8031E2EDB4FF01B13019340F29B
:10B6600003230321204601AAADF80830F5F700F8BE
:10B67000031E20DB01230421204601AA8DF804309B
:10B68000F4F7F6FF031E16DB1F230621204601AA4E
:10B69000ADF80430F4F7ECFF031E0CDB40F262223D
:10B6A00093420CDD84F31188BFF36F8F0423184697
:10B6B00002DF6FF00B031C46204604B010BD23468A
:10B6C000F9E700BF55B5000010B403460A46034829
:10B6D00081680C681946234610BC18472C130100DA
:10B6E00070B53C4C94F84730F3B194F84730042BD4
:10B6F00043D120783E2829D0FF282DD0002563781B
:10B700000233472B5CD8002200232946FEF76EF94E
:10B71000064630BBCDB1002384F847302E492F4870
:10B72000BDE8704005F040B84FF0FF304FF0FF31FA
:10B73000FFF702FF48B9204604F1470100F0ECFA98
:10B740000546FFF701FF002DCFD070BDA578022D73
:10B7500014BF00250125D2E7A57805F0FD05802D51
:10B76000F6E762781B4902320C3004F06DF831467E
:10B770001B4B1B681B489847CDE7022B14D10022B6
:10B7800000230820FEF710F905460028DDD0628866
:10B790000432472A14D80F4905F10C0004F054F87C
:10B7A0000F4B29461B68E5E7082BB4D10022002384
:10B7B0002020FEF7F9F8628805460028E8D1C4E7A2
:10B7C000002383F31188BFF36F8F0423184602DF31
:10B7D000A1E700BF5F240020B81D002058180020FA
:10B7E000B41D00206C13010038B50B8A0D461BB93F
:10B7F0006FF01504204638BD01F10C0004F056F836
:10B800000128F5D14FF0FF304FF0FF31FFF794FEE4
:10B8100004460028EED1E86800F02EF80446FFF751
:10B8200093FE002CE6D10449044804F0BDFF2846ED
:10B83000FEF71AF8DEE700BFB81D002058180020F8
:10B840000A4B93F84730042B02D1810709D4704783
:10B85000022B02D1020704D47047082B05D18306BE
:10B8600003D50349034804F09FBF70475F240020BD
:10B87000B81D002058180020F7B5C34D06462B7898
:10B88000002B40F0428204238DF80730BF4B048820
:10B890001F68B7B10DF106030DF10702691CB84727
:10B8A00001280ED09DF80630002B40F0EE809DF868
:10B8B00007300E22AB7001236A70EB70AC80A87168
:10B8C000ECE0A30A082B6BD009D8032B0ED0042B75
:10B8D0001FD0012040F206439C427DD1D5E03F2B92
:10B8E00000F03F81012001280AD0E0E740F6014244
:10B8F000B6F90030934205D040F60342934205D09A
:10B900000120C2E0F01CFBF7D7F9ECE7F5F728F8C7
:10B91000E9E73388A3F58053013B082BF0D801A257
:10B9200052F823F049B900005BB900006FB900007C
:10B9300001B9000001B9000001B9000001B900001F
:10B9400001B900008FB900009DF807309048083316
:10B950008DF80730FBF73AFAC5E79DF807308C48B9
:10B9600040338DF8073004F088FA00209FE700226A
:10B970009DF8073008338DF80730854B1A605A6000
:10B98000EB7A23F0600343F06003EB72EDE79DF880
:10B9900007307F4806338DF80730FBF719FAA2E726
:10B9A000304642F21C0130F8033B1AB28A4259DC9D
:10B9B000B2F5005F42F2640213DC9442A0D000F2C0
:10B9C000188142F219039C4200F2928142F20C0368
:10B9D00001209C4200F27A8140F21D439C4254D0E7
:10B9E00081E7A3F50053013B1B2BE6D801A151F8D9
:10B9F00023F000BF7DBA0000A7BA0000B9BA00006A
:10BA0000BBB90000CBBA0000D1BA0000D7BA000021
:10BA1000E9BA0000EFBA0000F5BA0000BBB90000B7
:10BA2000BBB90000BBB90000BBB90000BBB9000046
:10BA3000BBB90000BBB90000BBB90000BBB9000036
:10BA4000BBB90000BBB90000BBB9000001BB0000DE
:10BA500013BB0000BBB90000BBB90000BBB90000BC
:10BA600025BB000042F24B039A4271D042F27C03A4
:10BA70009A4242D042F264039C429FE7FBF7AAF944
:10BA800042F264039C4240F014810F236B70042344
:10BA9000AB700123E8702B71A5F80540012300204D
:10BAA0002B7003B0F0BD9DF80730394803338DF893
:10BAB0000730FBF794F9E3E79DF807303448083383
:10BAC0008DF80730FBF78DF9DAE7FBF78CF9D7E74C
:10BAD000FBF78BF9D4E79DF807302D4801338DF83B
:10BAE0000730FBF784F9CBE7FBF783F9C8E7FBF7EF
:10BAF00082F9C5E7FBF781F9C2E7FBF78AF9BFE7EF
:10BB00009DF80730224910338DF80730FBF777F99D
:10BB1000B6E79DF807301E4808338DF80730FBF76D
:10BB200070F9ADE79DF80730002008338DF8073035
:10BB30000323EB7142F264039C42E872A5D059D80A
:10BB400042F219039C4200F2D48042F20C0340E717
:10BB50009DF807300E4802338DF80730FBF757F990
:10BB60008EE730464FF60C5230F8033B93423CD8F8
:10BB70004FF6015293420DD803F2FF3292B20A2AD5
:10BB800026D9012049E000BFA7240020C81D0020BD
:10BB9000AE240020A3F57D43023B0A2BF1D801A27D
:10BBA00052F823F08DBC000093BC000099BC00004B
:10BBB0009FBC000083BB000083BB000083BB000070
:10BBC00083BB000083BB000083BB0000A5BC00005A
:10BBD000A3F57C43013B0A2B6AD8DFE803F0162467
:10BBE0006969694B696939424E004FF61D529342AB
:10BBF0005BD0012042F285039C420ED842F26703DB
:10BC00009C426AD842F26603E8E69DF80730404855
:10BC10000C338DF80730FBF754F84FF6025224F03E
:10BC200008039342DBE600209DF8073040338DF88F
:10BC30000730374B1880EB7923F0230343F02303BD
:10BC4000EB712B7A23F0070343F007032B72E4E731
:10BC50009DF807302E4817338DF80730FBF74FF863
:10BC6000DBE79DF807302A4820338DF80730FBF7D3
:10BC70006AF8D2E7FBF741F8CFE79DF80730244890
:10BC800001338DF80730FBF77BF8C6E7FBF78EF83A
:10BC9000C3E7FBF78DF8C0E7FBF78CF8BDE7FBF7D0
:10BCA0008FF8BAE7FBF78EF8B7E7FBF78DF8B4E744
:10BCB000012042F264039C429CD842F219039C4248
:10BCC00017D842F20C039C427FF604AEA4F5005351
:10BCD0000D3B41F241229BB204E0A4F50153283B05
:10BCE0000C4A9BB222FA03F3DB077FF5FCADCCE6EE
:10BCF000012042F232039C423FF4C7AEA4F5015347
:10BD0000033B012B3FF6EFADBFE64FF0FF30C8E637
:10BD1000AE2400202F80402038B5094C0D462378F2
:10BD20001BB9BDE83840FAF7B7BFA278611C0232F0
:10BD300005F0D3F90020042320702B7038BD00BF1C
:10BD4000A724002070B505460E46084C204604F096
:10BD500091FB38B1A36829462046B2B21B68BDE802
:10BD6000704018476FF0120070BD00BF2C13010027
:10BD70001FB500240A2201940294CDF80B400091D3
:10BD8000014601A805F0CEF9009A01A9074803F081
:10BD9000B2FB074803F0AFFB84F31188BFF36F8F4A
:10BDA0000323184602DF04B010BD00BF4A2901007A
:10BDB00036270100322337B50125ADF804300023C2
:10BDC0001C216846104A8DF80630ADF800508DF8F9
:10BDD0000230FAF75FFB044698B903F02DFF80B2FA
:10BDE000FAF7D0FA2A4621468520FDF7BBF92A4604
:10BDF0002146E520FDF7B6F92A4621468A20FDF7BF
:10BE0000B1F9204603B030BD71BD000001490248C0
:10BE100004F0CABCD01D0020581800200122014B9C
:10BE20001A63704700E010500122014B5A637047BB
:10BE300000E0105028B1022806D10420034B1B68F3
:10BE40001847024B1B68FBE7704700BFE01D00204E
:10BE5000014B02201B681847E01D002028B1012873
:10BE600007D100200349FAF793B9034B02201B685E
:10BE70001847704735BE0000E01D0020014B1860D8
:10BE800000207047E01D0020064BD3F840231C2AF9
:10BE900005D1D3F84403431E58425841704700204F
:10BEA000704700BF00C0FF0003689A070CD5036805
:10BEB000DB070DD50922074BC3F80C250F22C3F869
:10BEC000042501221A60FEE7034B0360EF3B036089
:10BED000704700BF00801050F000FA5008B50123F1
:10BEE0003C4A3D48C2F800383C4AD2F840231C2A5C
:10BEF00004BF3B4AC2F80C34FFF7D6FF0830FFF707
:10BF0000D3FF0830FFF7D0FF0830FFF7CDFF00F573
:10BF1000F470FFF7C9FF334AD2F88C3043F4406322
:10BF2000C2F88C300022D30003F57F0303F54043B1
:10BF3000D3F8001401310AD0D3F8001439B1D3F882
:10BF400000140132D3F80434402A0B60EBD1214BAA
:10BF5000D3F84024002A38D0FFF796FF48B11F4B92
:10BF6000D3F83423204B9A429EBF1A4B1F4AC3F882
:10BF70004026FFF789FF18B11D4B1E4AC3F8AC27B6
:10BF8000FFF782FF48B13422124BC3F82426D3F8BE
:10BF90003C2622F40022C3F83C26174B1149D3F863
:10BFA0000026D20744BF6FF00102C3F80026032326
:10BFB000124AC2F81835D1F88C3043F44063C1F806
:10BFC0008C300023C2F8A03508BDC822C3F8402435
:10BFD000C2E700BF0000125000C50D5000C0FF00B6
:10BFE0000030055000ED00E0001D0A1840E0A91ED9
:10BFF00000A0085078000A0400E0105000B004507F
:10C00000036803F01F025F2B02604FEA53129ABFCE
:10C01000024B53F822000020704700BF742101003A
:10C02000034A4309D35C00F01F001844C0B27047B4
:10C0300069290100F0B50646002487B0114F01912F
:10C0400017F8012B06AB03EBD20313F8143C02F0F4
:10C050000702D34013F0010306D10134032CEFD1C2
:10C060000023184607B0F0BD074A03AD07CA85E8AC
:10C07000070055F824100A6A46F824200A62002AAC
:10C08000EBD0EEE779290100B41C0100F7B50446B6
:10C090000846FFF7C5FF06B204EB4606B38A0D4615
:10C0A000DB072BD5204604F078F82946204603F01C
:10C0B000E4FF58B1204603F0F6FF0022276800B2E3
:10C0C00007EB8003C3F81025C3F810252946204646
:10C0D00004F012F8002101A8B1820195FFF790FF4A
:10C0E000019B00EB8300D0F88020064B134043F007
:10C0F0000203C0F88030084603B0F0BD6FF01500B1
:10C10000FAE700BFF0F0FCFF2DE9F043044685B0EC
:10C11000084616461D46FFF783FF0F46804636B396
:10C12000204603F0B5FF18B9204603F0A6FF28BB50
:10C130000FFA88F904EB4909B9F8143013F01C0F11
:10C1400002D07378012B19D001238DF80F30002312
:10C150003846CDE90063721CB31C0DF10F0103F0EA
:10C1600034FFB9F8143043F00303A9F81430002D5C
:10C1700040D03946204603F08BFF20B96FF0150000
:10C1800005B0BDE8F0830022297823684FEA810CCE
:10C1900003EB8103C3F81025C3F810250FFA88F2CA
:10C1A00004EB4202938A23F4604323F0200393823A
:10C1B0006E78FEB12468A8786444D4F810550E4B0C
:10C1C00036042B40C4F8103541F6F07306F44036BF
:10C1D00003EA07130005D4F81055334300F4801028
:10C1E00003432B43C4F81035938A43EA413343F0A9
:10C1F000200393820020C3E70FE0ECFF70B590F8B6
:10C200007440054690F8756044BB462221461430C0
:10C2100004F070FF2146134A2B6852F836608E42B4
:10C2200012D1002440F20D10C3F84441D3F8442148
:10C230000D4A934208BFDB20FCF772FF0123204622
:10C2400085F874302B6670BDCAB2920002F580701A
:10C25000442A04BF1C501A580131E0E76FF0770000
:10C26000F1E700BF8021010000A00D5090F875009B
:10C27000024B03EB800003F08FBE00BF440400209C
:10C2800010B5064B90F875000C4603EB800003F0E8
:10C2900069FE0028A4BF2070002010BD44040020C7
:10C2A0002DE9F04F814659F8043B8BB0D3F81413B5
:10C2B00090F8754000936C4BC9B241F40031804650
:10C2C00053F83420009803F041FF810305463AD526
:10C2D0000023CDE907330993634B07A803EBC4039D
:10C2E0005B6819460193FFF7A5FE042303EBC40323
:10C2F00003934FF0000B5D4B0DF11C0A0293029A61
:10C30000594912F8013B0292039A02EBD3028A5C6C
:10C3100003F0070322FA03F3DA071AD40BF1010B37
:10C32000BBF1030F0AF1040AE9D14FF400310022F6
:10C33000009803F00BFF019907A8FFF77BFE002888
:10C34000D7D125F400350124002D75D10BB0BDE8FF
:10C35000F08F474B5B440493DAF800100029DDD0DE
:10C3600091FAA1F1B1FA81F1049B1C7841EA4414DD
:10C370002046FFF755FE08EB4000878AC808BB0837
:10C38000059301231AF8002001F0070103FA01F1D7
:10C3900022EA01020AF8002006A80694FFF730FE00
:10C3A000069A059B203250F82220C7F382065B07CD
:10C3B0003746C2F3014223D54846D6B221463A4613
:10C3C00003F07BFE06A80694FFF71AFE069B2033B7
:10C3D00050F82330C3F301439E4207D10021204689
:10C3E00003F03CFE3146204603F038FE06A80694D2
:10C3F000FFF706FE0122069B02FA03F30362ABE796
:10C40000022A0DD10321204603F028FE06F0050381
:10C41000012BEBD13A462146484603F04EFEE5E7B4
:10C4200002212046059203F019FE032EF2D0059A50
:10C43000032ADBD1022EECE795FAA5F3B3FA83F3D6
:10C44000009904FA03F225EA020503F5A27251F8F5
:10C45000222008EB43034846B3F86410C2F30142BC
:10C4600003F02BFE70E700BF802101007929010055
:10C4700079290100074B027AD3F8101521F0010148
:10C480000A43C3F810250268C3F8A4264268C3F81B
:10C49000AC26704700200E504FF0FF326FF0404343
:10C4A00030B5044CD4E90001824273EB0105F9D3A5
:10C4B00030BD00BF40270E5030B50C25074B1C186F
:10C4C00094F8544005FB0433C3E9031218750123A3
:10C4D000034A8340C2F8243330BD00BF80020020ED
:10C4E00000200E50F0B53D4D85B02C78002C6FD15A
:10C4F0003B4A01AB07CA83E807003A491846D1F81E
:10C50000102522F00202C1F81025FFF7B3FF072320
:10C51000672202F001012144013BCCB24FEA5202F2
:10C52000F7D1052C57D119464FF0010C2B4E0024A2
:10C530006720CFB204E00CFA02F220EA02000134D4
:10C5400090FAA0F25FFA84FEBE45B2FA82F2F2D30C
:10C550000131327505292A4482F8547006F10C061F
:10C56000E5D10121002420489A0801FA02F212F0D4
:10C57000670F18BF1C500433302BF5D1E420FCF7B3
:10C58000CFFD184B1949D3F8102503F5C07322F0DD
:10C590000202C3F8902340F6FF72C3F8A8210022DC
:10C5A0001A60A3F5807004338B420260F8D1012435
:10C5B0000C4B0F4A1C660F4B5D201B68B3FBF2F35C
:10C5C00058430D4B2343984700202C7005B0F0BD15
:10C5D0006FF07700FAE76FF08B00F7E7800200203A
:10C5E000C01C010000200E5000210E50B0210E5042
:10C5F00040420F0040040020C01F010073B52B4CC7
:10C600000546636801A803F001030E46019303F099
:10C61000A9FC00283FDB002320753370636823F0FA
:10C6200001036360A36843F00103A360204BD3F8C8
:10C630001025900733D4D3F8102542F00202C3F836
:10C640001025C5B1D3F8482712F0010202BFD3F874
:10C65000481741F00101C3F84817154BD3F84017AC
:10C66000D3F844174900F9D42AB9D3F8482722F05F
:10C670000102C3F848270F4B0F4A1B68B3FBF2F3C4
:10C680000B4A03EB43136BB1D2F84017D2F84407BF
:10C6900010F0804001D102B070BD013BF3E76FF0B4
:10C6A0007700F8E76FF07300F5E700BF8002002025
:10C6B00000200E504004002040420F0070B51D467F
:10C6C0001446184A9DF81060131893F8543000B2BD
:10C6D0000C3302EBC30142F833404D60C5F3130144
:10C6E000AEB10201104E02F1A04202F562228000BA
:10C6F000C2F820450644C2F82415336833B1FFF769
:10C70000CBFEA042A94101D20023336070BD0301DA
:10C7100003F1A04303F56223C3F82045C3F82415B1
:10C72000F4E700BF8002002000210E50F0B50E4D4E
:10C730002B1893F8543000010C3355F8334005EBB7
:10C74000C3077E68641800F1A04021F0004146F163
:10C75000000641EAC27100F5622045F833407E6070
:10C76000C0F82815F0BD00BF80020020F7B5284BA7
:10C77000284CD3F82C6304F188070EB903B0F0BD40
:10C7800096FAA6F00123B0FA80F08340DA432249FA
:10C7900026EA0306231893F85450830019440C2307
:10C7A00003FB0543DB6873B3D7E8EF3F03EA020CF2
:10C7B000C7E8EECFBEF1000FF6D1C340DB0719D5B5
:10C7C000020102F1A04202F56222D2F82435D2F829
:10C7D0002025D1F800C0BCF1000FCED04FF0000CE6
:10C7E000C1F800C00C2101FB054529690091E968E9
:10C7F0008847C2E705F10C0304EBC30C54F833205F
:10C80000DCF80430E5E70A68002AB6D00B60B4E72C
:10C8100000200E508002002000210E50044B40EA00
:10C820000120C3F80005D3F80024D207FBD57047D8
:10C8300000B0045038B5EFF31185402383F312881C
:10C84000BFF36F8F064B9C6803F027FE85F31188BA
:10C85000BFF36F8F2046BDE83840FCF705BC00BF32
:10C86000E41D002038B50A4B53F82040013053F83E
:10C870002050A54200D838BD606830B1037FDB0787
:10C8800001D403F0DFFD0834F3E723689847FAE7A3
:10C8900090210100012270B5294B032086B01A7047
:10C8A000FFF7E0FFFCF7E2F80420FFF7DBFF254C81
:10C8B000254D2646AE4204F1300410D300F05CFE54
:10C8C000204C224EAC4226D300F06AFEFBF7E2FE7B
:10C8D0001F4A137B23F00103137306B070BD54F895
:10C8E0000C3C059354F8103C049354F8143C039307
:10C8F00054F8183C029354F81C3C019354F8203C23
:10C90000009354E90A2354E90C0100F0FBFB54F8AE
:10C91000303C5E65CDE7D4E90A23B3F1FF3F08BFA1
:10C92000B2F1FF3F05D052EA0301206803D100F0C5
:10C9300021FF3034C6E73146183001F0CFF8F8E770
:10C94000EF240020041C0100041C0100190901004F
:10C95000081A0020C82370B5144E86B003FB006689
:10C96000134B012205930F23CDE903320023CDE9B8
:10C97000013314234FF4A0720E4D0F4903FB0055F1
:10C98000044602FB00110D4B3046009500F0BAFB47
:10C99000737B2C7423F004037373094B013403EB92
:10C9A000C423EE606B6006B070BD00BF401900206C
:10C9B0007C290100E41D0020F8380020E904010072
:10C9C000F8300020BFB50020FFF74CFF294B03F5DE
:10C9D000006282F3088883F30A88E023264C00254E
:10C9E00084F822302023E37725766576A57684F8CF
:10C9F0002050636A214F43F4E023636284F823509C
:10CA0000FCF7ACFAFCF728FC4FF0FF33A362E362BB
:10CA1000FCF7B2FDFCF748FC194800F009FC0120C6
:10CA2000FFF720FF0220174CFFF71CFF00F0ECFD82
:10CA3000154B16495C61164B4FF460620593012358
:10CA40002046CDE90353CDE901553B46009500F062
:10CA500059FB0646627B204622F00402627303F013
:10CA600018FF2846FFF776FF3A4631462046FCF786
:10CA7000D1FB00BFF830002000ED00E095C80000B9
:10CA8000B81B0020081A0020E41D0020383A0020BE
:10CA90008129010038B5064C064DAC4201D3002077
:10CAA00038BD2046D4E9011203F0FAFC1434F4E74F
:10CAB000CC040020CC0400202DE9F34104461746A5
:10CAC0001E46EFF31188402383F31288BFF36F8F64
:10CAD000C368334A7BB180689168884219D057EAAD
:10CAE000060318D188F31188BFF36F8F6FF00F0022
:10CAF00002B0BDE8F081916891F90E100133E36056
:10CB000093682161A36088F31188BFF36F8F0020C1
:10CB1000EEE72169F2E791F90E1090F90E306FF00F
:10CB20007E029942A8BF19469142B8BF11468B4276
:10CB30002DDD03F0E4FC054622464146CDE90076B2
:10CB4000184800F05FFC0028E1D0EFF31186402385
:10CB500083F31288BFF36F8FA068D0B12368216977
:10CB60009C420AD04BB193F90E309942A8BF1946A6
:10CB70006FF07E039942B8BF194603F0C0FC40B184
:10CB80003146084800F0D2FC6FF00A00B0E70025FB
:10CB9000D2E7002DF4D186F31188BFF36F8FF3E74E
:10CBA000E41D0020F0240020F8B583680546002B22
:10CBB00040D0234A926893423FD1C368012B03D9E6
:10CBC000013BC3600020F8BDEFF31187402383F3DE
:10CBD0001288BFF36F8F0169806803F090FC2C68A6
:10CBE000A54207D10023C5E9023387F31188BFF3BB
:10CBF0006F8FE7E7002CF5D0D4E9003200261360F0
:10CC00005A60637BC4E9006623F002036373A66085
:10CC100004F1180003F008FFAC6094F90E302046D0
:10CC20002B61C4F8C06003F034FE3946054800F0BB
:10CC30007DFCC7E76FF01500C5E74FF0FF30C2E796
:10CC4000E41D0020F024002037B51146EFF31185D4
:10CC5000402282F31288BFF36F8F04689CB123686F
:10CC6000426823F003039442036008BF436001213C
:10CC7000204603F0CAFC044685F31188BFF36F8F8A
:10CC8000204603B030BD51EA0302F5D000F108029E
:10CC9000CDE900131046294600F0B4FB0028EFD17F
:10CCA000014B9B681C69EBE7E41D002070B5EFF3B6
:10CCB0001186402383F31288BFF36F8F0468A0426C
:10CCC0001BD0D4B1D4E90032002513605A60637BD5
:10CCD000C4E9005523F002036373A56004F1180052
:10CCE00003F0A2FE2046C4F8C05003F0D2FD314646
:10CCF000BDE87040094800F019BCD0E902329A4200
:10CD000018BF013302218360103003F042FF002876
:10CD1000EDD186F31188BFF36F8F70BDF024002032
:10CD200013B5EFF31181402484F31288BFF36F8FA2
:10CD3000846844B1013C846081F31188BFF36F8F34
:10CD4000002002B010BD52EA030406D181F311881D
:10CD5000BFF36F8F6FF00F00F3E7CDE900230246BA
:10CD6000014800F04FFBECE7F024002007B5074B2B
:10CD70004FF40062009306494FF0FF33054800F07E
:10CD800013F9002003B05DF804FB00BFA8210100E7
:10CD900038480020D01A00202DE9FF4104464027E2
:10CDA0004E4EEFF3118887F31288BFF36F8FD4F8DC
:10CDB000CC50F5B9022104F1E40003F067FC00282F
:10CDC00068D004F1DC0500220121284603F0D0FDE3
:10CDD0000028F8D100234FF0FF3202934FF0FF33C9
:10CDE0004146CDE900233E4804F1D40200F08EFD17
:10CDF000D7E7D4F8D0202B689542C4F8CC3008BFD0
:10CE0000C4F8D030D4F8E43043F00203C4F8E4307E
:10CE1000EB6823F0040343F00103EB606B6888F3D5
:10CE20001188BFF36F8F28469847EFF3118887F377
:10CE30001288BFF36F8FEB68D80623F0010236D457
:10CE4000EA60EB689A0716D5306823F00203EB60BE
:10CE500088B10021036870B14268954235D10368FA
:10CE600069BB72683360824200D17360002340F86E
:10CE7000083BFFF71BFFD4F8E43023F00203C4F8AB
:10CE8000E43088F31188BFF36F8FDB0589D400F09D
:10CE9000C3FB86E7D4F8E430D9069BD5C4F8E40098
:10CEA00088F31188BFF36F8F04B0BDE8F08123F0E1
:10CEB0001103EB6005F11000FFF7F8FEC1E70B600E
:10CEC0007368834208BF7160D0E723B11A680146D6
:10CED00018461346BFE71A46F9E700BF081E0020B0
:10CEE000F0240020F8B5C36804469A070F46C3F340
:10CEF00040062ED45B071CD40B680BB983680B600B
:10CF0000E368DD0742BFA36802263B603D6858BF67
:10CF10000126002D3CD0204B9A68D5F8C8309A42A3
:10CF20000AD0D5F8E430D807C3F3800214D46FF0E8
:10CF3000120600233B6025E003F06BFCD5F8E430DB
:10CF40000028F0D1D907C3F3C002F0D552B15B0776
:10CF500008D46FF00F06ECE7002AFAD1C3F3C00340
:10CF6000002BF6D100232360D5F8D03063B9C5E992
:10CF70003344284603F0A4FBE36843F00403E36072
:10CF80003B68A3603046F8BD1C60C5F8D040F0E7B0
:10CF90006FF01506CDE700BFE41D002001460148F3
:10CFA00003F002BCD01A0020F0B50446002089B07E
:10CFB000C4E933000E9D04F1D400C4E9350004F146
:10CFC000DC00C4E9370055B32879002840F201108D
:10CFD00008BF0120C4F8E40000204FF0FF364FF0F6
:10CFE000FF37CDE90330CDE90100CDE906672046E2
:10CFF0000C4B009400F0F0F855B1296811B12046AF
:10D0000000F070F86B791BB1237B43F001032373AD
:10D01000204600F0AFFBC4F8C84009B0F0BD0120C5
:10D02000D8E700BF99CD000037B501900846EFF36F
:10D030001184402181F31288BFF36F8FC16811F012
:10D040001E0F16D153EA020508D101A9FFF74AFFC6
:10D0500084F31188BFF36F8F03B030BD41F0080136
:10D06000C160019910308161034900F037FD012052
:10D07000EEE70020ECE700BF35070100F7B50C46EE
:10D0800016461D460190EFF31187402383F3128863
:10D09000BFF36F8F084603F004FB55EA060309D17E
:10D0A000204601A9FFF71EFF87F31188BFF36F8F9A
:10D0B00003B0F0BDE368324643F00803E360019B30
:10D0C0000449A36204F110002B4600F007FD012083
:10D0D000EAE700BF3507010001460148FFF7CEBF70
:10D0E000D01A002010B5044608B9054B9C681F22D1
:10D0F00004F1880004F016F8002084F8A70010BDA1
:10D10000E41D00202DE9F04F984685B000F158034A
:10D11000C0E91633129B002503730423D61D26F0A5
:10D1200007064373119B01EB060A0F46C0E906553B
:10D13000514685608373C5730446DDF838B0DDF869
:10D140004C90FBF7FDFC109B073020F00700C4E972
:10D150002A76C4F8B00002930F9BAAEB0006CDE933
:10D1600000B33246434639462046FCF737F80F9B5A
:10D17000C4E91D8BE367109B656584F87050C4F8A3
:10D180008030EFF31183402282F31288BFF36F8F58
:10D19000104F3A6A3C62C4F8842083F31188BFF3CD
:10D1A0006F8FB9F1000F11D01F22494604F188009A
:10D1B00003F0B8FF84F8A750BB680BB1D3F8B430C4
:10D1C0003046C4F8B43005B0BDE8F08F84F88890DC
:10D1D000F2E700BFE41D0020F0B5002587B00595FB
:10D1E000109DDDE9127604950F9D044603950E9D72
:10D1F00002950D9D01950C9D0095FFF783FFB6F1FB
:10D20000FF3F08BFB7F1FF3F05D056EA070305D13E
:10D21000204600F0AFFA204607B0F0BD3A4633464C
:10D2200004F11800014900F059FCF4E71909010064
:10D2300040F2011383810023C0E92A33C0F8B430DF
:10D24000014B9860704700BFE41D00206FF00A0199
:10D25000094A9368C3F8C0100849C3F8BC004B687A
:10D2600043F080534B60002383F31188BFF36F8F2B
:10D270009368D3F8C0007047E41D002000ED00E083
:10D2800070B590F90D20437B002A36DBD90634D1E6
:10D290001B4C63F07F032246437352F8183FE16949
:10D2A000934207D1C0E900210860E06111E0994292
:10D2B000F8D01B68002BF5D090F90E5093F90E6052
:10D2C000B542F4D0AE42F2DD5968C0E900310860E1
:10D2D0005860A569954200D005B9E568A3685A7BF6
:10D2E000D20604D1DA897F2A01D9AA6932B1AB42C8
:10D2F00002D0284600F04AFB656170BD6361FCE71F
:10D30000E41D002038B590F90D200146002A437B2A
:10D3100004DA03F07F03437303F081FA0D4D2A46CC
:10D3200052F8184FAB68944200D004B9EC688B42B5
:10D3300007D05A7BD20604D1DA897F2A01D9A269A3
:10D340002AB1A34202D0204600F020FB23466B61A5
:10D3500038BD00BFE41D0020B3F1FF3F08BFB2F1AC
:10D36000FF3F03D00249183000F0B8BB704700BF40
:10D370001909010070B590F90D200146002A437B80
:10D3800004DA03F07F03437303F049FA1C4C4B7B30
:10D39000224663F07F034B7352F8183FE0699342D3
:10D3A00007D1C1E900200160E16111E09842F8D0A5
:10D3B0001B68002BF5D091F90E5093F90E60B54221
:10D3C000F4D0AE42F2DD5868C1E900300160596026
:10D3D000A569A368954200D005B9E5688B4207D0DE
:10D3E0005A7BD20604D1DA897F2A01D9AA692AB1E7
:10D3F000AB4202D0284600F0C9FA2B46636170BDEB
:10D40000E41D0020F8B5DDE906670D4B0C46986871
:10D4100011460C4A1060EFF31182402282F3128809
:10D42000BFF36F8F9D68284603F00BFA28463246FB
:10D430003B46FFF791FF2046BDE8F840FFF706BFE7
:10D44000E41D0020101E0020F8B50446EFF31187FC
:10D45000402383F31288BFF36F8F437B49B203F0FD
:10D460001F02002A0CBF0126002639D103F07F03DA
:10D470002D4D437303F0D3F92A46437B817363F048
:10D480007F03437352F8183F934227D1E869C4E9F8
:10D4900000200460EC610FE09842F8D01B68002B7C
:10D4A000F5D093F90EC06145F6D08C45F4DD59688E
:10D4B000C4E900310C605C60AC69944200D004B9EE
:10D4C000EC68AB689C4202D0204600F05FFA6C61C9
:10D4D00087F31188BFF36F8F3046F8BDE869DEE748
:10D4E0009B071ED5856803F09AF981732B689D42CE
:10D4F00009D16B68C4E900531C606C60E8E76A6896
:10D500009342F6D01B68002BF3D093F90E20914282
:10D51000F5D08A42F3DD5A68C4E9003214605C60D9
:10D52000D6E78173D4E700BFE41D002049B9EFF3CB
:10D53000058030B9054B5A699B689A4201D0FFF7C4
:10D5400085BE81F31188BFF36F8F7047E41D002003
:10D55000034648B9EFF3058232B9064A5169926829
:10D56000914201D0FFF772BE83F31188BFF36F8F32
:10D57000704700BFE41D0020EFF31181402383F3C7
:10D580001288BFF36F8F054B9A68D37B013BD3732F
:10D5900081F31188BFF36F8F704700BFE41D002037
:10D5A00070B5EFF31186402383F31288BFF36F8FBA
:10D5B000144DAB68DA7B0132DA732A4652F8184F01
:10D5C000944200D004B9EC685A7BD20604D1DA89BF
:10D5D0007F2A01D9A2692AB1A34202D0204600F0D5
:10D5E000D5F923466B6186F31188BFF36F8FEFF394
:10D5F0001180402383F31288BFF36F8FBDE8704022
:10D60000FFF7A6BFE41D0020024B03F11802C3E997
:10D6100006227047E41D002070B5EFF31186402309
:10D6200083F31288BFF36F8F1B4CA168E0690B680E
:10D63000814214BF1A46002249680B605960A368F2
:10D64000E1692AB9154AC3E900210B60E3610CE0E6
:10D6500093F90E0092F90E50A84218D0854216DDBB
:10D660005168C3E900210B605360A5690B4B9D42D3
:10D6700000D005B9E568A3689D4202D0284600F0B5
:10D6800085F965613046BDE87040FFF7DFBD8A422D
:10D69000D8D01268D5E700BFE41D0020FC1D002093
:10D6A000F8B550EA010306460C4603D1FFF7B4FF74
:10D6B0000020F8BDEFF31187402383F31288BFF3F6
:10D6C0006F8F124D124BA8681860FFF71BFEA868F9
:10D6D000234632460F49183000F000FAAA68044683
:10D6E000537B384643F004035373FFF7AFFDAB6839
:10D6F000D3E90A23B3F1004F08BF002AD8D103F0C1
:10D70000BBF9201A20EAE070D3E700BFE41D002037
:10D71000101E00201909010038B504460D46FFF718
:10D72000BFFFB5F1FF3F08BFB4F1FF3F02462046FF
:10D7300018D000234FF47A7447F611201946C2FB23
:10D74000040147F61222904271F100020BD3084BFC
:10D75000834243F608538B4107D347F61222002336
:10D76000F9F73AF938BD1846FCE76FF00040F9E7E1
:10D77000ED85FFFF38B50446EFF31185402383F3B1
:10D780001288BFF36F8F437B5B070FD5183003F010
:10D790004BF9637B204623F004036373FFF770FDAE
:10D7A0002946BDE838400448FFF7C0BE85F311881C
:10D7B000BFF36F8F38BD00BFF0240020014B986885
:10D7C000704700BFE41D00202DE9F8430446077BA5
:10D7D000EFF31185402383F31288BFF36F8F437BF0
:10D7E000190705D585F31188BFF36F8FBDE8F8835E
:10D7F000D90943F0080260D14273A36813B12046EF
:10D8000003F015F804F1180003F00EF9A66D04F109
:10D810005808B04511D04FF0000976B1304603F0FA
:10D8200006F806F1180003F0FFF83046C6F8C0907D
:10D83000FFF726FDA66DB045EFD1DFF8C480D8F81C
:10D8400008309C4241D1EFF30589B9F1000918BFB6
:10D850004FF00109D8F818602A4A964200D00EB954
:10D86000D8F80C60B34202D0304600F08FF8204662
:10D87000C8F8146001F058FF204600F0DFF8B9F155
:10D88000000F02D02048FFF7D3FCD8F808309C42A4
:10D8900031D1EFF3058373BB227BD20718D428461E
:10D8A000FFF7D4FCFB07A1D5002383F31188BFF356
:10D8B0006F8F0423184602DF98E703F07F0343F0DD
:10D8C0000803437302F0ABFF97E74FF00009C1E78D
:10D8D00085F31188BFF36F8F83F31188BFF36F8FC8
:10D8E0000423184602DFEFF31180402383F31288EC
:10D8F000BFF36F8FD4E785F31188BFF36F8FD1E744
:10D90000E41D0020FC1D0020B81B0020D3B5DDE97C
:10D910000667089CCDE90067FFF774FD1CB1034B57
:10D920009B681B69236002B0D0BD00BFE41D0020CE
:10D930000122044BC01A044BC0105843034B1A5425
:10D94000704700BF801C0020ABAAAAAAF0240020C8
:10D95000C3897F2B12D80A4B1B6863B1094B90F91E
:10D960000E201B689A4209DB437BDB0606D1064B7F
:10D97000C31A18BF012303F0010070470023FAE720
:10D980004C040020141E00204019002070B50E4BDE
:10D990000E4C1E7C054606EB460304EBC3042046F2
:10D9A00003F042F800220A4B28469A55FFF7D0FFB1
:10D9B00048B1084B2046BDE870401A680649013A54
:10D9C000D31700F08BB870BDE41D0020801C002030
:10D9D000F02400204C04002031D9000038B5EFF3CA
:10D9E0001185402383F31288BFF36F8F104B114AC8
:10D9F0009C681068A04206D1FFF7C8FF85F3118824
:10DA0000BFF36F8F38BD00211B7C11600A4AD35CC5
:10DA1000002BF3D02046FFF79BFF0028EED0637B5E
:10DA2000DB0602D12046FFF7A5FC2046E4E700BF55
:10DA3000E41D0020101E0020F0240020EFF31181CF
:10DA4000402383F31288BFF36F8F0C4A136A83421B
:10DA500008D1D3F88430136281F31188BFF36F8F3C
:10DA600070471346002BF7D0D3F884208242F8D1B8
:10DA7000D0F88420C3F88420EEE700BFE41D002026
:10DA8000024B1868984208BF0020704750040020DD
:10DA9000034B1B680BB9FDF7EBBC0020704700BFC0
:10DAA000181E002030B570B10B4B5B6898420AD04D
:10DAB000036843B1D3E90421D0E90445121941EBCD
:10DAC0000501C3E90421D0E9003213605A60002344
:10DAD000C0E9003330BD00BF50040020B3F1FF3F68
:10DAE00008BFB2F1FF3F2DE9F84F044699461546AD
:10DAF0001F467AD08160EFF31188402383F31288A8
:10DB0000BFF36F8FB9F1000FDFF8E4A020DBFFF760
:10DB1000BFFFDAE90027013549F100092D1849EB6B
:10DB2000E07306464FF00109C4E90453AD1843EB16
:10DB30000707FFF7A5FF0346DFF8B8E0DEF804A00B
:10DB4000EBB9C4E900EACAF80040CEF8044028E086
:10DB50006FF00103DAE900125B1A4FF0FF3161EB5D
:10DB600002025B1B62EB0902012B72F10001BCBFD8
:10DB7000012300224FF00009C0E90432D9E7D3E9BC
:10DB8000041CD4E904208A4270EB0C0B24DA891AB5
:10DB90005A686CEB0000C3E90410C4E90032146059
:10DBA0005C60FFF76DFF84420ED1134B1B685BB9BD
:10DBB000B9F1000F02D1FFF76BFF0646304602F0C5
:10DBC0001CFF0021FDF768FC88F31188BFF36F8FFD
:10DBD00028463946BDE8F88F521A60EB0C009A458A
:10DBE000C4E90420ADD01B68AAE700252F46EFE763
:10DBF000981C002050040020181E00202DE9F0473A
:10DC0000EFF31185402383F31288BFF36F8FDFF8A2
:10DC1000A0900026C9F800000027FFF731FFDFF8C9
:10DC20009480D9F80030D8E900ECD91750B1D0E988
:10DC30000442A34271EB020A1BDAE41A62EB01020E
:10DC4000C0E90442002413EB0E034CEB0101204613
:10DC5000C8E90031C9F8004002F0CFFE2146FDF7C7
:10DC60001BFC85F31188BFF36F8FBDE8F047FFF70A
:10DC7000B5BE14EB0E024CEBE473C0E90467C8E9CF
:10DC80000023FFF70FFF85F31188BFF36F8F8368C1
:10DC90009847EFF31185402383F31288BFF36F8F0A
:10DCA000D9F800301B1BC9F80030FFF7E9FEB8E7D0
:10DCB000181E0020981C002010B5EFF3118440239B
:10DCC00083F31288BFF36F8FFFF7E2FE0346054A26
:10DCD000D2E90001181841EBE37184F31188BFF316
:10DCE0006F8F10BD981C002038B50346EFF31185E7
:10DCF000402282F31288BFF36F8FC16001218160DF
:10DD00000068834206D185F31188BFF36F8F00242A
:10DD1000204638BDD0E9003213605A600023C0E9C4
:10DD2000003302F0F3FE294604460248FFF7FEFBEB
:10DD3000EEE700BFF1240020F8B507460C46164672
:10DD400002F067FD08B10020F8BD0E4B9B68D3F8C8
:10DD5000B450002DF7D0221DF5D2EFF311844023EB
:10DD600083F31288BFF36F8F284647F00401B04752
:10DD700084F31188BFF36F8F0028E4D040F8045B70
:10DD8000E2E700BFE41D00200146024A0020FFF741
:10DD9000D3BF00BF3DF40000F8B50D4E0D4C0E4D45
:10DDA00033680E48984767782B680C489847336863
:10DDB0000B489847022F08D12478E31F5C425C414E
:10DDC0002B68074898472046F8BD0024F8E700BFB5
:10DDD0007C0400201C1E0020780400201C0500206C
:10DDE0000805002038B504460D46FFF7D5FF30B1D1
:10DDF0002A462146BDE83840024802F01EBF6FF0B7
:10DE0000880038BD201E002070B51D4E1D4C3368A3
:10DE10001D4898472378590744BF23F00403237013
:10DE200023789A0705D500F0C1F8237823F0020380
:10DE30002370164D14482B68984733681448984748
:10DE4000637813B1134802F0FBFE0023042111484C
:10DE5000637000F0CBF82B680D48984733680A4888
:10DE600098472378DB0705D502F0E3FE237823F0FB
:10DE7000010323702B680448BDE87040184700BFB9
:10DE80007C0400201C1E00200805002078040020CF
:10DE90001C050020201E00202DE9F041FFF77CFF2B
:10DEA00018B100242046BDE8F081364F36483B6863
:10DEB0009847044620B16FF08F04FFF7A5FFF1E704
:10DEC000324D2B78D80706D402F0B1FE04462B78E9
:10DED00043F001032B702E4E2B483368984710B146
:10DEE000002CE8D0E9E7002CE7D13B6826489847AA
:10DEF00004460028DFD12B78990706D400F04EF8AD
:10DF000004462B7843F002032B7033681E48984771
:10DF10000028E5D1002CD0D13B681B489847002849
:10DF2000C9D13368184895F8008098470028C2D1B5
:10DF30003B681848984704460028BCD16B7843B921
:10DF400018F0010F05D0144802F074FE02230446B5
:10DF50006B7033680F4898470028C1D1002CACD1B2
:10DF60003B68094898470028A5D12B7806485A07EE
:10DF70005CBF43F004032B7033689847002890D0AF
:10DF800099E700BF7C040020080500201C1E00202B
:10DF9000780400201C050020201E00200122024BD6
:10DFA000002083F880257047241E00202DE9F041D1
:10DFB0000A4C002526464FF0010803272046C4F8E6
:10DFC00020802777013502F015FE202D04F12C0466
:10DFD000F4D1002386F88035BDE8F081241E0020AE
:10DFE000014B1B68184700BF5804002010B50A46B3
:10DFF000044619B1024B00211B68984710BD00BFB1
:10E000005C04002010B50C4C206802F0D8FF0B4ACD
:10E010001368591C11604BB9094A4820D2F80034E2
:10E0200043F00703C2F80034FBF77AF82068BDE834
:10E03000104002F0CABF00BF64040020A8230020E3
:10E040000080045038B5164D286802F0B8FF154B13
:10E050001C68013C1C60ECB94820FBF76FF80722F4
:10E06000114BC3F80823D3F8002422F00702C3F8A9
:10E070000024C3F80041D3F80021C3F80441D3F8C9
:10E0800004214FF48072C3F80841D3F80831074BDC
:10E09000C3F888212868BDE8384002F096BF00BF69
:10E0A00064040020A82300200080045000E100E068
:10E0B00070B5104D104E2B68B3420DD0FFF7A2FF84
:10E0C00000F0E6FC00F022FD40B102F0C7FD04467E
:10E0D000FFF7B8FF44B92E60002405E000F0E0FA35
:10E0E000044618B1FFF7AEFF204670BD02F0C8FE2F
:10E0F000EDE700BF60040020117365004FF48073EA
:10E100002DE9F04796B0804603A80393002402F05F
:10E1100031FE4FF010091E4E0DF12F0525F01F05A1
:10E1200006F1200A012210211A4802F002FE2B19E2
:10E1300000935246102320211548CDF8049000F09A
:10E14000EDFA0746F8B9D6E90C321034013342F142
:10E150000002302CC6E90C32E4D1B8F1000F04D033
:10E1600022464146284602F0D7FD2E46084C0FCEE7
:10E170000FC496E80F00203584E80F0095E80F00E3
:10E18000103484E80F00384616B0BDE8F08700BFB1
:10E19000A01C0020C01C0020F0B5194D194FAB6B1E
:10E1A0008DB0BB4229D0184E306802F008FF4023E2
:10E1B00000221946284602F0C6FD3021684602F0CA
:10E1C000E6FD044678B96846FFF798FF044690B923
:10E1D000302302461946684602F0B5FD01220023AD
:10E1E000C5E90C23AF63306802F0EFFE204602F071
:10E1F00035FD0DB0F0BD0E24F5E70020F9E700BFB6
:10E20000A01C0020B4A5B4A5680400202DE9F04F9F
:10E2100099B00DF1570802F10F0982460E461446D7
:10E2200028F01F084FEA191922B100296DD0B2F564
:10E23000803F6AD8364F374D386802F0C0FED5E9C6
:10E240000C3213430BD15046FFF7A6FF834630B183
:10E25000386802F0BAFE584619B0BDE8F08FD5E92B
:10E260000C2319EB020243F10003B3F5803F14D3F2
:10E27000302102A802F08BFDE8B902A8FFF73EFFAB
:10E2800083460028E4D130230246194602A802F052
:10E290005AFD00220023C5E90C234FF4807302A825
:10E2A000029302F067FDDFF870A03CB92046FFF74B
:10E2B00025FF8346CCE76FF0920BC9E7102C4FF097
:10E2C00001024FF010015046A14628BF4FF010093F
:10E2D00002F02FFD102352462021CDE900830D4886
:10E2E00000F01CFA83460028B2D14A463046414627
:10E2F00002F0F3FED5E90C32013342F10002C5E928
:10E300000C32A4EB09044E44CFE76FF0860BA2E772
:10E3100068040020A01C0020C01C00200022074B25
:10E32000C3F81021C3F80C21C3F80021C3F804215D
:10E33000C3F80821C3F81421704700BF00500450EF
:10E3400008B5FFF7EBFF01230360104B0A6832B9F1
:10E35000D3F80C211AB9D3F80821002AF6D00B689B
:10E360007BB90B4B99420ED0A3F58473D3F80831D7
:10E37000002B0CBF4FF0FF306FF00200FFF7CEFF15
:10E3800008BD0020FAE74FF0FF30F7E700500450D7
:10E390000851045038B505460C4691B100210120C2
:10E3A00002F049F808480949C0F80055C0F804458A
:10E3B000FFF7C6FF00210446084602F03CF820465D
:10E3C00038BD6FF00104FAE70050045000510450CA
:10E3D000034B0449C3F800050348FFF7B1BF00BF72
:10E3E00000500450045104500450045010B5044629
:10E3F0000021012002F01FF8064B0749C3F8004531
:10E400000648FFF79DFF00210446084602F013F876
:10E41000204610BD005004500851045008500450CC
:10E4200038B50C4659B1074D0749C5F800050748EE
:10E43000FFF786FF10B9D5F80835236038BD6FF0B7
:10E440000100FBE700500450105104500C500450E0
:10E450002DE9F04F89B006460F4690461D4602F062
:10E46000ECFC044678B973690090C3F3013262F39F
:10E4700005148DF8004014F0300408D1B168890704
:10E4800010D06FF08604204609B0BDE8F08F102C44
:10E4900008D1BDF8023023F4F87343F4A873ADF843
:10E4A00002304EE0DBB2F82B02D06FF08504EAE7D1
:10E4B00000234FF0010B9E4619461846D6F808C0B7
:10E4C000DFF8CC9159F804AB1CEA0A0F08D00BFA1C
:10E4D00000F343EA0E0303F07F0E012341EA0A0131
:10E4E00001300728EED12BB19DF803306EF34703BE
:10E4F0008DF803303CEA0101D7D17388FF2B35D06A
:10E5000005D8802B34D0C02BCFD1022303E0B3F544
:10E51000807FCAD104239DF8021063F306118DF8A1
:10E52000021014B91CF0030FABD13379022B2BD09E
:10E5300020D8012BA5D1BDF8021063F3C811ADF8A6
:10E540000210012A6FD0032A23D0002A99D13388E0
:10E55000B3F5105FA9D1182D6DD0202D70D0102DDE
:10E560008FD1DFF830A101251F261AE00323D2E75F
:10E570000123D0E7032B01D0FF2B82D10221BDF86C
:10E58000023061F3C8138AE7BDF8023043F4C07368
:10E5900085E7412D3DD104254F26DFF8FCA008F189
:10E5A00001080024381902F01CFC00286CD001344A
:10E5B000AC42F7D11F2E07D02946384602F025FC81
:10E5C000044600287FF45FAF009B4FF0FF390793AC
:10E5D00000239B46CDF818A0BDF802204344C2F3A7
:10E5E000C112059201AC03F1100C2246186859685B
:10E5F000083303C263451446F7D101A907EB0B00AA
:10E60000FFF7C8FE044630B302F017FC6FF0920427
:10E6100039E7182D19D0202D1AD0102D7FF431AFE5
:10E62000DFF874A09FE7302D7FF42BAF03253F2642
:10E63000DFF868A0B5E7DFF85CA002252726B0E781
:10E64000DFF850A002252F26ABE7DFF84CA0F4E757
:10E65000DFF844A0F6E71C2101A80BF1010B02F042
:10E660007DFBAB4506D00AEB0B12CDE906294FEA3C
:10E670000B13B1E71F2E3FF406AFBA20FFF7B6FE2B
:10E6800000283FF400AFC1E76FF08A04FBE600BF4B
:10E69000B42101004000815100000020108404508A
:10E6A00010B590B01C22002101A802F023FDF82033
:10E6B00002F097FB08B3202200200DEB0201FFF7C8
:10E6C000A5FD0446F8B901A84FF4807102F093FB50
:10E6D0000E4B0F4904930F4BCDE901130E4BF8215C
:10E6E000069320230DEB0302FFF7B2FE2021044620
:10E6F0000DEB010002F032FB05E0F92002F071FBA6
:10E700000028D8D10446204610B010BD0010C00427
:10E7100000240001014B4E80F800FF7F2DE9F341FA
:10E720001D464FF48073284C8046002017460E4645
:10E73000019300F037F901AB23601123234A012133
:10E74000C4E9022304F11003636040F61103E3619E
:10E7500004F1200363612123089AE3621C4B46F015
:10E7600000561A60099A45F0005542F00052C3E97C
:10E7700001122022C4F81080A6612762A56261629E
:10E78000DA60BFF35F8F4FF0A3421460BFF35F8F77
:10E79000BFF35F8F1361BFF35F8FBFF35F8F0323FF
:10E7A0005363BFF35F8FBFF35F8F9363BFF35F8FDD
:10E7B00002F0A2FB431C0446FAD0002000F01CF932
:10E7C000204602B0BDE8F081BC23002004000020F8
:10E7D000AC230020BFF35F8F094A1368BFF35F8F3C
:10E7E00043F48071BFF35F8F1160BFF35F8F23F439
:10E7F0008073BFF35F8F1360BFF35F8F704700BFFD
:10E800000010805108B5FFF7E5FFBFF35F8F064AA0
:10E810001368BFF35F8F43F00103BFF35F8F136093
:10E82000BFF35F8F08BD00BF0010805170B5002698
:10E83000C0E9006605460C46FFF7E4FB01232B7098
:10E84000FFF7C8FFBFF35F8F204BDB68BFF35F8F1D
:10E850009B08013BACB3226842B19A4205D9FFF74D
:10E86000F1FB6FF03F002E7070BD1346D4E9011527
:10E87000E068002908BF4FF40071002808BFF120AC
:10E880002469BFF35F8F114A9360BFF35F8FBFF3BB
:10E890005F8F1564BFF35F8FBFF35F8F5064BFF36B
:10E8A0005F8FBFF35F8F5163BFF35F8F44F48024AA
:10E8B00044F00104BFF35F8F1460BFF35F8F00204B
:10E8C000D2E74FF40071F1202546DAE700108051BD
:10E8D00070B503780D461446002B53D0BFF35F8FFD
:10E8E0002D4A136BBFF35F8F5908C3F34203052B07
:10E8F0004BD011F0060F02D14FF0FF3070BD4368CE
:10E90000D3B9BFF35F8F5368BFF35F8F032BF3D986
:10E91000224B2349BFF35F8FD2F88060BFF35F8F34
:10E92000BFF35F8F43F8046BBFF35F8F8B42F1D16E
:10E93000FFF768FF01234360BFF35F8F164B9A68B0
:10E94000BFF35F8F0132B4EB021F21D8BFF35F8F9B
:10E950005A68BFF35F8FB4EB820FCDD884B1BFF399
:10E960005F8FD3F88020BFF35F8F291D05F8012B3F
:10E970008D424FEA122204F1FF34EFD0002CF5D182
:10E980000020BBE76FF02000B8E76FF05100B5E75B
:10E990006FF03F00B2E700BF0010805110108051AF
:10E9A0002010805110B50446FFF72CFB104B18685F
:10E9B00002F005FB0CB101232370BFF35F8F4FF012
:10E9C000A3430022DA61BFF35F8FBFF35F8F4FF085
:10E9D000FF321A63BFF35F8FBFF35F8F3422DA61B8
:10E9E000BFF35F8F0122034BC3F8042310BD00BFA8
:10E9F0006C0400200080045010B5044638B9FFF7BD
:10EA000021FBBDE81040074B186802F0DEBA03781E
:10EA10003BB1FFF717FB034B186802F0D6FA00234F
:10EA2000237010BD6C04002038B5164CD4F800518A
:10EA3000C5B1BFF35F8F4FF0A343996ABFF35F8FF8
:10EA4000BFF35F8F4FF0FF321A63BFF35F8F002376
:10EA5000C4F80031D4F800310B4B1868BDE83840D9
:10EA600002F0C6BAD4F8083153B100F06DF802F0E4
:10EA700074FAC4F80851D4F808310121034BECE7CB
:10EA800038BD00BF008004507404002070040020D2
:10EA900008B5074B186802F09AFA064B186802F09E
:10EAA00096FABDE80840002248201146FAF75ABB02
:10EAB000740400207004002038B5094B1C7864B140
:10EAC000084B4FF0FF311D68284602F082FA4FF0E4
:10EAD000FF310446284602F089FA204638BD00BFBF
:10EAE000EF2400207404002010B5064C236D3BB9C0
:10EAF000214651F8503B986902F033FA012323650F
:10EB0000014810BDEC2300203C24002038B500242F
:10EB10000B4D0C4BEC662B6003F5C0436B60FFF7AD
:10EB2000E3FF50B16B6D2046B3F5007FCCBF4FF4CF
:10EB300080634FF40073AB6038BD0E20FCE700BF6C
:10EB4000EC2300200020805100487047EC23002077
:10EB50002DE9F0434FF0000985B00546CDF804904B
:10EB600000F10C07EFF31188402383F31288BFF301
:10EB70006F8F8368594003EA02060A4053400E49EA
:10EB800001AACDE9023901F016FF019C3CB12046F3
:10EB9000C4F8C0900021646E01F09BFEF6E7DDE949
:10EBA000023223EA020338464146AB60FEF7BEFC60
:10EBB000304605B0BDE8F0837F1001002DE9F04F2D
:10EBC00043688DB015468046029383789A0740F1DA
:10EBD0000D8100240E78002E00F00A81252E0BD026
:10EBE0004B1C0393013441463046029B9847002852
:10EBF000C0F2F6800399EDE74E788B1C252E039327
:10EC0000F0D00027B946BB46BBF11F0F38D8A6F19C
:10EC10002003102B0AD8DFE803F02A09093009097C
:10EC2000092109090928092D09091F00A6F1300346
:10EC3000092B33D92A2E37D11BF0400F55F8043B4E
:10EC400040F08280002BA7BF4BF0200B9946C3F108
:10EC500000094BF0280B01E04BF0010B039B13F86C
:10EC6000016B0393002ECFD130E04BF0020B4BF041
:10EC7000040BF3E74BF0080BF0E74BF0100BEDE75C
:10EC8000BBF17F0F19D8A6F13003092BD2D81BF0A6
:10EC9000400F03D00A2101FB0737DFE70A214BF0C1
:10ECA000200B01FB0939D9E72E2E06D11BF0400FAE
:10ECB00040F09E804BF0400BD0E76C2E31D02BD82B
:10ECC000682E36D06A2E3CD04C2E3AD0002F46F01B
:10ECD0002003B8BF2BF04002A3F16501BCBF0027A1
:10ECE0001FFA82FB022901D9612B2FD10735072793
:10ECF000DFF8ACA225F0070508351BF0080F66D039
:10ED00000AEB070B56465E4563D1A4EB0A0AA9EB52
:10ED1000070906EB0A026FE1742E9FD07A2E9DD070
:10ED2000D4E71BF0800F18BF4BF4007B4BF0800B37
:10ED300094E71BF4807F18BF4BF4007B4BF4807B7F
:10ED40008CE74BF4207B89E71F4687E7A6F1630138
:10ED5000122900F2F080DFE811F013004F00EE00FE
:10ED6000EE00EE00EE004F00EE00EE00EE00EE00D2
:10ED7000EE00FE00E900EE00EE001B00EE00AF002A
:10ED800055F8043B01270DF1180A8DF81830B4E747
:10ED900055F804AB834BBAF1000F08BF9A461BF03D
:10EDA000400F504614BF39464FF0FF3102F0CAF908
:10EDB0000746A2E741462020029B984700280FDB28
:10EDC000013EB742F6D34C44B146A41B98E74E46E9
:10EDD000F7E7414616F8010B029B9847002892DAA4
:10EDE00098F8023043F0040388F802304FF0FF3403
:10EDF00020460DB0BDE8F08F1BF0800F34D01BF41F
:10EE0000007F2CD0073525F00705AA4669685AF817
:10EE1000080B2BF010050029ADB237DA404245F45B
:10EE2000806561EB41010DF1180B0A235A4602F08F
:10EE300095F9A0EB0B0301936B0662D5019B25F0BE
:10EE400001019F4289B240F3A180002E00F0998019
:10EE500015F0100240F09C80BB460D4623E0AA4608
:10EE60005AF8040BC117D4E7AA461BF4807F5AF85E
:10EE7000041B01D10846F5E71BF4007F19BF48B217
:10EE800041F3C01108B241F3C031C2E750EA0103B7
:10EE9000C9D11BF0400FC6D0002FC4D12BF01102F6
:10EEA000BB46019795B240F2064115EA01021CBF2C
:10EEB0000BF1010B00222CE02BF010020A231FFAA9
:10EEC00082FB1BF0800C49D01BF4007115BF073585
:10EED000AA4625F007055AF8040B1EBFAA46696822
:10EEE0005AF8080B50EA010545D12BF016051BF026
:10EEF000400FADB242D0002F40D12BF01702019746
:10EF000095B215F0100248D0019B002E42D103F1BA
:10EF1000010B29075AD4EB0706D5D9456FDDA9EBBC
:10EF20000B030199CB465F185B4649E04BF0100B91
:10EF300010237826C5E7782B04D1C6F1780343F077
:10EF40001003BEE741462520029B98470028FFF6A4
:10EF500047AF023447E608230026B2E7AA461BF46F
:10EF600080715AF8040BBDD01BF400711ABFC0B2F7
:10EF7000614680B2B6E72BF0060295B20DF1180B90
:10EF800054E725F01105BB46ADB28CE70D46B8E756
:10EF90003B460D4603F1020BBBE7DDF804B082E708
:10EFA000DF290100D8290100CDE9043241462020A3
:10EFB000029B98470028FFF613AF049B059A013384
:10EFC0009945F1DCA4EB0B019B46CC180AB34146F2
:10EFD0003020029B98470028FFF602AF8EB901341B
:10EFE0002744391B019B994224DC1D4655BB019ADD
:10EFF000A9EB0B09554622441446914433E0019F86
:10F0000092E7023441463046029B98470028E7DAEF
:10F01000E6E640F206410D42E2D015F0020F04F19F
:10F020000104414614BF2B20202015F4806F18BF27
:10F030002D20E9E741463020029B01349847002803
:10F04000CFDACDE606AB013D4146585D029B9847BD
:10F050000028CBDAC4E641462020029B01349847C1
:10F060000028FFF6BDAEA9EB0403002BF3DCC1E5DD
:10F070007047836800EBC101B3F5004F2CBF51F816
:10F08000220031F81200704700EBC1018068B0F532
:10F09000004F2CBF41F8223021F812307047012276
:10F0A00008B5FFF7E6FFD04008BD836800EBC1015B
:10F0B000B3F5004F08D34B681AB143F001034B601E
:10F0C000704723F00103FAE74B881AB143F00103BC
:10F0D0004B80704723F00103FAE753000122FFF74A
:10F0E000D3BF8368B3F5004F34BF04230823C91A84
:10F0F000081AC00870478368481CB3F5004F34BF36
:10F10000042308230833A0EBD300B0FA80F0C0F149
:10F110001F0070472DE9F041174603220E460446B2
:10F12000FFF7A7FF8642054607F104080AD101222E
:10F13000E368BA4023EA0203E360002344F828307E
:10F14000BDE8F081314602222046FFF792FF0646D5
:10F150002B4601460322204644F82850FFF794FF2F
:10F16000334629462046BDE8F0410222FFF78CBF16
:10F1700070B50D4686680446FFF791FFB6F5004F5F
:10F18000014601D3012809D02046FFF7B4FF2946E4
:10F1900002462046BDE87040FFF7BCBF70BD2DE9B8
:10F1A000F0470546FFF7A7FF05EB800ADAF8109055
:10F1B00088460646B9F1000F1BD00327DAF8104045
:10F1C00028462146FFF76BFF404507D332462146CC
:10F1D0002846FFF79FFF2046BDE8F087032221461F
:10F1E0002846FFF746FF013FCAF8100001D08145CD
:10F1F000E4D14FF0FF34EB680136B4401C40EAD054
:10F2000094FAA4F2B2FA82F2131D55F82340DEE715
:10F210002DE9F04114460E460546FFF740FFA4EBEA
:10F220000608371B0744424631462846FFF755FF7C
:10F230003A4621462846FFF750FF43460022214622
:10F240002846FFF721FF21462846FFF728FF3B46C7
:10F25000211800222846BDE8F041FFF715BF2DE92F
:10F26000F041164604460F46FFF719FF31460546A2
:10F270002046FFF714FF05442A4639462046FFF78B
:10F280002CFF31462046FFF70AFF2B46311800229B
:10F290002046BDE8F041FFF7F7BE2DE9F0410D46ED
:10F2A00086680446FFF7FBFEB6F5004F014601D322
:10F2B000012832D02046FFF71EFF04EB80010E69C3
:10F2C00096B90122E36882401343E36002220D6194
:10F2D0002B4629462046FFF7D7FE03222946204623
:10F2E000BDE8F041FFF7D0BE022231462046FFF7CD
:10F2F000C0FE0746034629462046FFF7C5FE032207
:10F30000334629462046FFF7BFFE39462B462046A6
:10F31000FFF7BAFE02223146E1E7BDE8F081F8B519
:10F320000C460546FFF7BBFE26180122314628464B
:10F33000FFF79FFEC3070CD431462846FFF718FF9E
:10F3400021462846FFF7ABFE214622182846FFF744
:10F3500086FF002221462846FFF78BFE271A01224E
:10F3600039462846FFF785FE10EA020613D13946D2
:10F370002846FFF7FDFE214632462846FFF779FE74
:10F380002246211A2846FFF76AFF214632462846C0
:10F39000FFF76FFE241A21462846BDE8F840FFF724
:10F3A0007CBF38B571B1056800222846FFF799FE89
:10F3B000044601462846FFF778FE2146BDE838405E
:10F3C000FFF7ADBF38BD70B5056809B9002070BD45
:10F3D000AB6801F00704B3F5004F2CBF08220422EC
:10F3E00007341444E40804EBD1049C4228BF1C46B3
:10F3F00028462146FFF7D3FE06460028E6D0014600
:10F400002846FFF74CFEA04209D93444314628462D
:10F410002246FFF7FDFE21462846FFF73EFF28461D
:10F4200001223146FFF741FEAB68B3F5004F34BF10
:10F430000423082303EBC6031844C8E71146FFF76B
:10F44000C2BFB2F5802F2CBF082304232DE9F04161
:10F450000026D21A8C18CD1D25F0070524F00704CC
:10F46000641BE408056021462846AC60EE60FFF7A7
:10F4700042FE421D9200013002F107074FEAD70712
:10F480003146A2F1100205F11000B8BF324601F07A
:10F4900031FE3A4631462846FFF71FFE33463246D4
:10F4A00031462846FFF7F0FDA4EB07082846314611
:10F4B0000122FFF7FAFD42463946FFF70EFE3B46B2
:10F4C000324639462846FFF7DFFD21462846FFF73A
:10F4D00004FE4346324621462846FFF7D5FD214625
:10F4E00028460122FFF7E1FD3946BDE8F041FFF76C
:10F4F000D4BE002070470FB407B504A951F8040B1F
:10F500000191F9F76DF903B05DF804EB04B07047B1
:10F510000FB407B504A951F8040B0191F9F760F98C
:10F5200003B05DF804EB04B07047038B13F00703DE
:10F5300005D10368002B0CBF002003207047022B6D
:10F5400005D1408BB0FA80F0400980007047012B54
:10F5500005D10368002B0CBF002005207047002058
:10F56000704710B50C4600B111B96FF0150010BD11
:10F57000081D00F093F80028F9D1A368032BF6D9F1
:10F58000F3E72DE9F0410D4607461946281D904640
:10F590001E4600F097F8044638B1334642462946E5
:10F5A0003846A446BDE8F0416047BDE8F08110B49C
:10F5B000EFF31182402484F31288BFF36F8F41610F
:10F5C00010BC0121F9F73EB938B50C46054658B1D3
:10F5D00051B10B6843B14B6833B11C22002101F0DB
:10F5E00089FD00202C6138BD6FF01500FBE770B578
:10F5F00005460E46FFF7B5FF041E14DBEFF311823C
:10F60000402383F31288BFF36F8F4FF6FF716B8B2C
:10F610002C8B8B4204F0070407D182F31188BFF3CF
:10F620006F8F6FF00A04204670BD022C0CD101339D
:10F630006B8382F31188BFF36F8F0023224631461C
:10F640002846FFF79EFFEEE7062C14D8DFE804F00B
:10F6500004131313041A0400002333606B683BB9CE
:10F66000C5E90066ACB902212846F9F7EBF8DAE7FC
:10F670001E606E60F6E782F31188BFF36F8F6FF044
:10F680000404D0E782F31188BFF36F8F6FF0850415
:10F69000C9E782F31188BFF36F8FC4E7034640B117
:10F6A000426802F00302022A06D0032A04D0012A8B
:10F6B00005D06FF0150070471A68002AF9D00020B5
:10F6C0009860704710B54268034602F00302022AB0
:10F6D0004FF00004816007D0032A02D05C60002054
:10F6E00001E018685C6010BD18685C600028F6D006
:10F6F000FEF7FAFAF3E7704701F0FCBC01F0EDBC4D
:10F7000001460068F9F7E8B908B5F9F715FABDE858
:10F710000840F9F735BA00210120F9F7DDB9D0F832
:10F72000A83083F30B8870476FF08500704761B68F
:10F7300062B680F31188BFF36F8F704772B60023F3
:10F7400083F31188BFF36F8FBFF34F8F30BF62B663
:10F75000BFF36F8F704772B6002383F31188BFF336
:10F760006F8FBFF34F8F20BF80F31188BFF36F8F70
:10F7700062B6704740E800F313F4803FD8B208BF88
:10F780006FF01500704730B50C684B6885B00A897A
:10F790004D890094013B24F01F04234402F01F0212
:10F7A00042EA451223F01F0369468DF808200393AF
:10F7B000F9F7B0FD05B030BD08B5F9F76BFF0020D3
:10F7C00008BD7047002303824369C3607047416AE4
:10F7D0008968F9F7CBBFEFF31182402383F31288D6
:10F7E000BFF36F8F00230B60436833B9C0E900118A
:10F7F00082F31188BFF36F8F704719604160F7E79C
:10F80000034610B5EFF31181402282F31288BFF353
:10F810006F8F006828B15C680268A0421A6008BF58
:10F820005A6081F31188BFF36F8F10BD027A0132E5
:10F830000272704783680B440360704783880268D4
:10F8400019448180D018704730B484880568A318A3
:10F850008380281930BC01F040BC10B58388026851
:10F860005C1C8480D154D01810BD034600689A886F
:10F87000401A11441860998070470268531E036053
:10F8800083880133838002F8011C70470346828815
:10F89000521A828000680844186070470346006866
:10F8A0009A88521A01449A801960704710B503680B
:10F8B00001211C78FFF7EAFF204610BD026880682E
:10F8C000101A7047012310B50621044600F8013BC9
:10F8D000FCF738FA18B9A37963F03F03A37110BDA0
:10F8E00038B50446807AF9F717FF6169054649B1D2
:10F8F000637ADB0704D4436A20461B689B689847F9
:10F900000023636121462846BDE8384000F0A0BED0
:10F91000034610B5D3E8EF0F40EA0102C3E8E42F35
:10F92000002CF7D110BD01210C30FFF7B7BF30B468
:10F930000446084602EBC3039A4201D130BC70472B
:10F94000114611F8085BA54206D1018A5378994205
:10F95000F4D330BC536818470A46EDE7D0E8EF3FD0
:10F960000B40C0E8E23F002AF8D1704708B50020FC
:10F970000021FAF777FA18B1BDE80840FAF728BA7B
:10F9800008BD072208B501F0BDFBB0FA80F04009C0
:10F9900008BD18B111B10846FAF756BD6FF0150051
:10F9A000704713B5044680B106216846FCF7CAF9D2
:10F9B00048B99DF80530694603F03F0320468DF8AD
:10F9C0000530FFF7E6FF02B010BD6FF01500FAE753
:10F9D000003818BF01207047034610F4004F0CBFD9
:10F9E00007200620DA0348BF00F005009B0348BF4C
:10F9F00000F0FB007047D0E8AF0F70472DE9F74FDC
:10FA00008A4601904FF0FF314FF0FF30FAF7A8F926
:10FA10000446002849D020210C30FFF70FFF4FF09B
:10FA2000000980464D462022002101F063FBDAF8F0
:10FA3000007008F1010BDAF80420914509D3002287
:10FA40002146019888F8005003B0BDE8F04FFAF75E
:10FA500061BA7A78A81C81181F2997F800C008D9C4
:10FA6000BCF1090FC0F11F0217D1002A15DD4FF0BC
:10FA7000080CD6B2711C0BF80510691CC9B20BF842
:10FA800001C0023679685BFA80F02E4401F025FB54
:10FA9000F5B209F101090837CDE72046F9F7E4FE90
:10FAA0006FF0150003B0BDE8F08F6FF06800F9E764
:10FAB000012303FA01F13AB1D0E8EF3F0B43C0E86C
:10FAC000E23F002AF8D17047C943D0E8EF3F0B402E
:10FAD000C0E8E23F002AF8D1704770B506460D46EF
:10FAE0004FF0FF304FF0FF3186B0FAF739F9044696
:10FAF000B0B10C3095B10121FFF7AFFE204606F101
:10FB0000100203A908230095FAF718F900222146EC
:10FB100042F20A00FAF7FEF906B070BD2946EBE79B
:10FB20006FF06800F8E7183000F060BEFAF7C2BF67
:10FB30000C220369C9B201FB0233186C00F0070004
:10FB4000704770B5C9B20369EFF31185402484F39F
:10FB50001288BFF36F8F0C2606FB0134246C14F05F
:10FB6000C00408D0A24206D085F31188BFF36F8F7E
:10FB70004FF0FF3070BD012206FB01331A6485F39C
:10FB80001188BFF36F8F436803EBC1035B6898472D
:10FB90000020EFE78022FFF7D4BFF8B5069F046985
:10FBA000C9B2EFF31186402585F31288BFF36F8F3A
:10FBB0000C2505FB0144256C05F0070CBCF1010F79
:10FBC0000CD1276486F31188BFF36F8FC4E90E232D
:10FBD000436853F8313098470020F8BD05F0C00560
:10FBE000AF4286F31188BFF36F8F0CBF6FF07700C1
:10FBF0004FF0FF30F1E713B580240094FFF7CDFFFD
:10FC000002B010BD10B41C240069CBB203FB040089
:10FC1000002110BC10471046FDF748B800F093B91A
:10FC2000FCF716B9022804D0042804D10020FAF702
:10FC3000FFBF0120FBE7704740F272607047084643
:10FC400008B51146FEF7CEF8002818BF6FF0040083
:10FC500008BD08B5FEF720F9002818BF6FF00400B2
:10FC600008BD436800205B68DB680B607047436831
:10FC700002EA01005B6821EA0201586000209960F5
:10FC80007047436800205B685960704743680020F4
:10FC90005B689960704743685A68136821EA0300FB
:10FCA0000B40506000209360704710B5036958689E
:10FCB000F8B1884219D19C680868A142586000D107
:10FCC0009860002008602AB15A680A609A685960F2
:10FCD00002B99960002010E0814206D108682060D6
:10FCE00098688142EDD19C60EBE7044600680028EB
:10FCF000F2D1002AE8D16FF0150010BDFCF7D0BAA0
:10FD000030B543681360057A446804EBC504A34228
:10FD100002D36FF0010030BD5C798C4201D0083312
:10FD2000F0E70020F7E743681B68D3F830317047ED
:10FD300043681B68D3F88004C3F8800470474268A6
:10FD40001368D3F84C0150B10020926A12780A70FF
:10FD5000C3F84C01D3F84C2101229A6270474FF04E
:10FD6000FF30704713B501AA0446FFF7C9FF00280A
:10FD700005DB019B226819791868FBF7F9F902B0D5
:10FD800010BD6FF08500704738B50546002201218F
:10FD9000C620F9F7E7F9C620F9F7C2F96C68012126
:10FDA000E068FFF7DFFF6B6819686369C1F8243505
:10FDB000E28BA38BA07E1343228C1343628C1343EC
:10FDC000627E9BB20243207E02431343C1F86C352E
:10FDD00069680B68D3F8002242F48022C3F800223D
:10FDE0000822C3F800254A6A0121C3F83C270022F3
:10FDF000C3F840271965D3F830110029FBD0C3F8A8
:10FE000000256B680021D868FFF7ACFF6D68002102
:10FE1000E8682C68FFF7A6FF0823C4F800352A7AA3
:10FE200052B9AB6AC4F804370123C4F80837C4F8E0
:10FE30004C21D4F84C21A362002038BD08B5022023
:10FE4000FAF758FF002008BD10B54FF0FF304FF013
:10FE5000FF31FBF771FB044628B9F0F785FC044637
:10FE600018B1FBF771FB204610BDFBF76DFB204678
:10FE7000F9F7B2FDF7E7FBF733BC10B531220021EB
:10FE8000044601F037F96FF03F0363712823A37331
:10FE90000223E3736FF0080363760323A3766FF006
:10FEA0003F03E37678232377802384F823300123EC
:10FEB00084F82430802384F82630402384F82D30C1
:10FEC00010BD08B5FDF7E8FF48B1002383F31188A2
:10FED000BFF36F8F0423184602DF6FF0040008BDE4
:10FEE00008B54FF0FF314FF0FF30FBF725FBF8F777
:10FEF00064F9BDE80840FBF727BB684620F007011E
:10FF00008D4601B5F5F788FCBDE801408546704790
:10FF1000684620F007018D4601B5F4F771FFBDE892
:10FF2000014085467047684620F007018D4601B5BF
:10FF3000F4F758FFBDE801408546704708B5F8F76B
:10FF40003CF8002008BD7047012802D10020F6F7D8
:10FF500041B970477047F5F737BF0346002018478F
:10FF600000F06CBA024610B5116891B1B1FA81F394
:10FF7000C3F11F000123834021EA0303D2E8EF4FBE
:10FF80008C4204D1C2E8EC3FBCF1000FF6D1EBD1BA
:10FF900010BD6FF00B00FBE710B50368CB40DB072B
:10FFA00010D401238B40026843EA0201D0E8EF4FEE
:10FFB000944204D1C0E8EC1FBCF1000FF6D1F2D19D
:10FFC000002010BD6FF01500FBE7F7B51646DDE920
:10FFD0000847019001A81D46FCF712F8019BB6F1F5
:10FFE000000C18BF4FF0010C00EB83000B1E18BF74
:10FFF0000123002D43EA4C0314BF4FF00C0C4FF0CB
:020000021000EC
:10000000000C002C43EA0C0314BF4FF4706C4FF04B
:10001000000C002F43EA0C0314BF4FF4403C4FF098
:10002000000CD0F8802043EA0C0322EA030301B15C
:1000300009780EB13678760019430DB12D78AD00F0
:1000400031430CB12478240229430FB13F783F0497
:100050000C433C43C0F8804003B0F0BD1FB50DF128
:100060000F03019300238DF80F101A4619460093D1
:10007000FFF7ABFF05B05DF804FB10B5044608467A
:10008000FBF7CEFF04EB4004A08AC0F3401010BD84
:1000900010B504460846FBF7C3FF04EB4004A08AF2
:1000A000C0F3400010BD10B504460846FBF7B8FF8A
:1000B00004EB4004A08A400B10BD70B5044608460E
:1000C0001646FBF7ADFF083034F810300D46DA0560
:1000D00009D5C3F3432304EBC3023146284654F841
:1000E000333052689847A3682BB131462846E268FE
:1000F000BDE87040184770BD10B504460846FBF7D0
:100100008FFF00B204EB4000838ADA051DD5C3F3EC
:10011000432123F4F853838204F1120204F15800BE
:1001200032F8023F13F4807F03D0C3F34323994294
:100130000BD08242F4D1002204EBC1035A6004F1D7
:100140006000BDE81040FFF727BF10BDF0B50446C2
:10015000002001270546844695420AD1D4F844314F
:1001600033B10023C4F84431D4F8443140F40030B2
:10017000F0BDEBB29B0003F580769B0807FA03F312
:10018000194208D054F806E0BEF1000F03D044F83D
:1001900006C0A65918430135DEE738B504460D46BA
:1001A000FFF76BFFB0B12046FFF772FF90B9204612
:1001B000FFF779FF012322688340C2F818332368D0
:1001C00000B203EB8003D3F8102522F00302C3F83A
:1001D000102538BD2846BDE838400021FFF73EBF56
:1001E0002DE9F0431746044685B00846FBF718FF93
:1001F000D7F800800E460546B8F1000F1FD0204604
:10020000FFF746FF18B12046FFF737FF30BB00234A
:100210000DF10F02CDE900338DF80E308DF80F305F
:10022000304643460DF10E01FFF7CFFE2AB204EB34
:100230004202938A23F0020343F0010393827B6816
:10024000002B34D03146204693F80080D3F8049038
:10025000FFF71EFF28B1B9F1000F1FD06FF0150096
:1002600028E028B204EB4000838A23F4604323F0A3
:1002700020038382B9F1000F10D0B8F1030FEDD83D
:100280007B6821685B6893F800C001EB8C01B8F1D2
:10029000000F12D1C1F81085C1F810852AB204EB05
:1002A0004202938A23F01C0343EA88039382BB68CB
:1002B00053BB002005B0BDE8F083D1F8102522F033
:1002C0000302C1F81025226802EB8C03D3F8102535
:1002D00022F4473222F47C72C3F8102541F6F07202
:1002E000D3F8101502EA061242EA08420A43C3F89C
:1002F000102504EB4C03A3F86460838A43EA4C3373
:1003000043F020038382C9E73146D3E900782046D1
:10031000FFF7F2FE002FCCD063689F4206D004F1B5
:100320006000FFF71FFE002804DAC3E7A3689845C2
:10033000F5D1002004EBC003C3E901782DB204EB32
:100340004505AB8AC0B243EA402343F48073AB82D5
:10035000AFE7C0E90312704770B504461546FFF7D2
:100360008CFE48B10846FBF75BFE04EB400400201E
:10037000A38A5B0B2B7070BD6FF01500FBE790F844
:100380007400003818BF01207047FBF77FBE2DE9CD
:10039000F34104461746FFF770FE0D46266800B38A
:1003A0002046FFF775FE8046D8B92046FFF77BFE52
:1003B00005B2AD0005F5807246F802802168B2589A
:1003C0002944D1F8102542F00102C1F810252FB1BF
:1003D0000122216802FA00F3C1F8143302B0BDE82B
:1003E000F081D6F8143328469B035CBF4FF40033EA
:1003F000C6F81433FBF714FE04EB4004A38AC3F3DE
:100400008203042B11D0052B11D001A80195FBF715
:10041000F7FD019BC168D94001F001010231284676
:1004200002B0BDE8F041FFF719BE0321F7E7022152
:10043000F5E7FFF7B2BEC9B2FCF7F0B908B1F9F7BA
:1004400083BA704710B5436904463BB90020E2689F
:100450004042537843F00103537010BD9847002881
:10046000F4D00028B8BF4042FF28A8BFFF20E368AF
:100470001870ECE740B1C368587810F001001EBF57
:100480001878B0FA80F040097047EFF311834023E9
:1004900083F31288BFF36F8FFEE708B5FFF7F5FF10
:1004A00010B400F10C04C0E9034410BCFEF7C9BF4E
:1004B00038B50446EFF31185402383F31288BFF368
:1004C0006F8FFEF76EFF04F10C0000F031FA30B1CF
:1004D000294604F11400BDE83840FDF727B885F33C
:1004E0001188BFF36F8F38BD402408B5EFF3118337
:1004F00084F31288BFF36F8FFFF720F9F6E790F9C6
:100500000E308B4201D0FCF79FBF00207047D0E92E
:10051000003213605A600023427BC0E9003322F0AE
:1005200002024273836070472DE9F8439146044606
:100530000D469DF8202000F10807EFF311864021B9
:1005400081F31288BFF36F8F02B14568D4F8088039
:10055000474518D0B8F1000F15D04046FFF7D7FF38
:1005600008F1180000F060FA00234046C8F8C030D7
:10057000C8F8109000F08DF938463146FCF7D6FFE8
:100580000020BDE8F883A3B10820FDF7FDFB00289B
:1005900038D00122C0F804900260016801F0030124
:1005A0005DB922680A430260626820606AB96060CF
:1005B0000BE04846C9F80030EFE72A68032A16D84E
:1005C0000160616869B9C4E90000042104F1100008
:1005D00000F0DFFA0028CFD186F31188BFF36F8FC8
:1005E000CFE70A6802F0030202430A60DFE722F065
:1005F00003020A4302602A6802F0030240EA02038F
:100600002B60E2E76FF00B00E6E710B5044630B16F
:100610000268930703D0446809B100F0D9FA204674
:1006200010BD0023C0E9003300F10803C0E9023324
:1006300000F11003C0E904337047012307B50093AC
:1006400000230A461946FFF76FFF03B05DF804FB6D
:10065000002307B50A4600931946FFF765FF03B06C
:100660005DF804FB00210068FFF7CFBF5AB18A4252
:1006700009D300F11003C0E90212C0E90000C0E98B
:100680000433002070476FF01500704701230268A3
:100690008B4022EA0303036022FA01F000F001001C
:1006A000704710B5032104460C30FFF7EFFF30B15F
:1006B00004F1100000F0B8F9B0FA80F0400910BD64
:1006C00020B10022D430114600F052B9704770B505
:1006D000C3680446C3F340069B0716D4856802210D
:1006E0000C30FFF7D3FF80B1D5F8CC206AB194422B
:1006F0001DD122689EB9D5F8D030C5F8CC209C42D7
:1007000001D1C5F8D02000232360E36813F01F0057
:100710001EBF43F00203E36040F0020070BD326090
:10072000D5F8D020944208BFC5F8D060EBE7164654
:100730001268DBE773B50446EFF31185402383F3BA
:100740001288BFF36F8F0023A0F110060321043835
:100750000193FFF79BFF28B1A369304601A90193DC
:10076000FCF7C0FB85F31188BFF36F8F02B070BD3B
:1007700038B504460D461022002100F0BBFC656030
:1007800038BD13B501900846EFF31184402383F37D
:100790001288BFF36F8F01A9FCF7A4FB84F31188C3
:1007A000BFF36F8F02B010BD10B5FFF7EAFF041E54
:1007B00008DDEFF31180402383F31288BFF36F8FBE
:1007C000FCF7C6FE204610BD08B5E822002100F067
:1007D00091FC08BD38B530220D460021044600F0DA
:1007E00089FC4FF480736560E36038BD38B504461A
:1007F000EFF31185402383F31288BFF36F8FFFF768
:1008000050FF2046FFF763FF85F31188BFF36F8F1A
:1008100038BDEFF30580003818BF01207047D0E9DC
:10082000003213605A600023C0E90033704708B5F6
:10083000FFF7F5FF437B23F002034373002383603C
:1008400008BD38B504460D46FCF75CFD637B43F0FC
:1008500002036373E5B1A5602B689D4209D16B6803
:10086000C4E900531C606C6012E06A689A42F6D0DA
:100870001B68002BF3D094F90E2093F90E108A42D6
:10088000F3D09142F1DD5A68C4E9003214605C6033
:1008900038BD10B5EFF31184402383F31288BFF302
:1008A0006F8FFCF7EDFC84F31188BFF36F8F10BDE1
:1008B00008B5EFF31181402282F31288BFF36F8FE6
:1008C00083680BB1FFF7B3FF81F31188BFF36F8F1C
:1008D00008BD38B5EFF31184402383F31288BFF3CA
:1008E0006F8F002390F87050427B80F870302DB1EC
:1008F00021B184F31188BFF36F8F38BD12F0280F38
:10090000F7D183680BB1FFF792FF437B23F0040319
:100910004373FCF7B5FCECE701211838FFF7D9BFAA
:1009200010B5FFF7C5FFBDE81040183000F07CB8E7
:1009300038B5054604680020AC4200D138BD002C13
:10094000FCD02046FFF7ECFF2046FFF7A2FF2C6803
:100950000120A542F1E708B5C3171F3043F100039A
:10096000400940EAC360C117FCF79AFE400108BD88
:1009700038B5EFF31185402383F31288BFF36F8FEF
:100980000468A04213D0A4B1C4F8C010226120466C
:10099000FFF74DFF04F1180000F046F82046FCF781
:1009A0006FFC012085F31188BFF36F8F38BD0020E5
:1009B000F8E72046F6E72DE9F04105460E461746D2
:1009C000EFF31188402383F31288BFF36F8F04681D
:1009D000A0420FD1002088F31188BFF36F8FBDE8CC
:1009E000F08139462046B0470028F4D16B68A34215
:1009F000F0D02468002CF4D1ECE708B50246FDF7EE
:100A00003FF870B1D0E904319B1A61EBE272B3F1A7
:100A1000004F72F1000104DA002AACBF1846002032
:100A200008BD6FF00040FBE7024638B5EFF31185D3
:100A3000402383F31288BFF36F8F0368CBB1FDF7B8
:100A40001FF804461046FDF72DF800224FF0004332
:100A50008442C0E9042306D1FDF71AF8FFF7CDFF61
:100A60000021FAF719FD002085F31188BFF36F8F7D
:100A700038BD6FF01500F7E708B5FDF71DF908BDA3
:100A8000B3F1FF3F08BFB2F1FF3F70B506461D4608
:100A9000144614D01A4316D0002B08DBFDF70CF9CE
:100AA000041941EB0501C6E90041304670BD6FF005
:100AB00001031C1B4FF0FF3363EB0501F3E74FF01D
:100AC000FF342146EFE70024FBE7B3F1FF3F08BF07
:100AD000B2F1FF3FF8B5074616461C4610D054EA5F
:100AE000020311D0FDF7E8F8B0420A46A1410346DF
:100AF0000AD2F31A64EB0204C7E900343846F8BDA1
:100B00004FF0FF331C46F7E70023FBE72DE9F041E8
:100B1000846805460E46D4B16378012B22D114F8BF
:100B2000533C9A0711D5A4F160073846FFF7F8FE49
:100B3000082E0CBF6FF003030023236614F8533C08
:100B4000DB0602D13846FFF7A4FE00232370002005
:100B5000EB68A860C3F38632164366F39433EB6008
:100B6000BDE8F081022BF0D12378002BEDD054F8B2
:100B7000048CB8F1000FE8D004F11400FFF754FF23
:100B80000023A4F1140739464046E362FFF7F9FD5C
:100B9000DBE738B5EFF31185402383F31288BFF309
:100BA0006F8F0468A04211D0D4E9003213605A60FC
:100BB00000232046C4E90033FFF7A8FF85F311881E
:100BC000BFF36F8F201E18BF012038BD0024F5E74A
:100BD00020B1011F50F8040CFFF76ABC704710B534
:100BE0000446406A10B1A16A00F02EF80020C4E962
:100BF000090010BD38B50546FFF7F1FF2B7F04460D
:100C0000012B0ED0023B012B0ED82B6A012B18BFF3
:100C10006FF096042C220021284600F06BFA204643
:100C200038BD2B6A002BF2E76FF09604F2E7FDF770
:100C30003FBA70470020FDF7AFBA0020FDF7E6BAD3
:100C4000002000F0CCB8704710B5044608B1FDF79D
:100C5000CDF92046BDE81040FDF7C2B90A2840DCB6
:100C6000C31C22DA10F1400F47D010F13F0F2BDAEE
:100C700010F1410F44D010F1550F44D010F1490F3D
:100C800008BF6FF0840018BF6FF086007047092816
:100C90002AD8DFE800F00529290816293829292F44
:100CA0006FF09800704700207047C31C0D2B1BD8B5
:100CB000DFE803F0072F1A1C1A1A1A1A1A1A1D1A3B
:100CC0001A1D6FF08500704710F1210F1ED00BDB4D
:100CD00010F1200F1DD010F1100F08BF6FF094001D
:100CE000D1E764380928D2D96FF0860070476FF0D9
:100CF000940070476FF08C0070476FF0840070476D
:100D00006FF0890070476FF0930070476FF08800B4
:100D100070476FF09200704710B501380A44914255
:100D200000D110BD10F8013F11F8014B6340037072
:100D3000F5E70144814200D1704711F8013D1A44A2
:100D40000A70120AF6E710B58B4294BFC418441813
:100D5000A04200D110BD00F8012BF9E700231A468C
:100D600082B001908B4201D102B070470198C25409
:100D70000133F7E70368D90444BF43F48063036099
:100D800003689A0444BF43F4006303607047F7B5F7
:100D900006460D46202D2F46A8BF20270021684675
:100DA000FDF744FD044670B93A4631466846FDF702
:100DB0008FFD10F1520F044608D0431CF4D0684652
:100DC00000F0C1F834B1204603B0F0BD684600F031
:100DD000BAF8E3E7EC1B3E44F5D02546DAE70020FD
:100DE000704707B501A9FDF71BFB003818BF0120AC
:100DF00003B05DF804FBCA0448BF41F480618B0472
:100E000048BF41F400618160704730B589B0054644
:100E100018220C4601A8002100F06CF9012344EAD5
:100E2000052401A9BA2007940593FDF7B3FA002819
:100E300018BF6FF0920009B030BDF7B5BA2001A914
:100E4000FDF7EEFA044610B1002003B0F0BD019D9D
:100E50002F0AEDB2AC4205D1BA20FDF7C7FA00283F
:100E6000F2D008E0E6193046FDF7C0FA30B130465E
:100E7000FFF7B7FF10B96FF09200E6E70134E9E73A
:100E800008B5F820FFF7ADFF18B9F920FFF7A9FF63
:100E900010B16FF0920008BDF820FDF799FA002814
:100EA000F7D1F920FDF794FA0028F4D0F1E738B52E
:100EB000BFF35F8F4FF0A344E569BFF35F8FBFF3CC
:100EC0005F8F10236363BFF35F8F012000F092F800
:100ED000BFF35F8F00236363BFF35F8FBFF35F8F49
:100EE000E36BBFF35F8F5B06F8D425B1BFF35F8F71
:100EF000E561BFF35F8F38BD08B5FDF7DDFD30B9A3
:100F0000BFF35F8F4FF0A343986ABFF35F8FBFF3C8
:100F10005F8F4FF0A342D36BBFF35F8F10F0240FAE
:100F200003F0230304D0FFF7C2FF6FF01F0008BDDA
:100F30004FF0FF30002BFAD1BFF35F8F1063BFF388
:100F40005F8F1846F3E710B5037804461BB1FDF731
:100F500079F800232370002010BD022203689A60F4
:100F60007047C0F30B03482B4B6028BF482310F495
:100F7000003F8B6008BF0023CB6010F4803308BFB4
:100F8000C1E9013300F47003B3F5700F14BF0023FF
:100F90008B6800284FF0010C4FF008028B60B8BF3F
:100FA0000023C1E905C2B8BFC1E905337047FBF7AB
:100FB000FBBD4FF0FF324FF0FF33FBF77DBD4FF02D
:100FC000FF324FF0FF33FBF777BDFBF7EDBD00F0CD
:100FD00074B807B54FF0FF334FF0FF32CDE900236F
:100FE000002200F077F803B05DF804FB00F06EB863
:100FF00000F068B8FFF7AFBC2DE9F3470446DDE920
:101000000A9815460E4659B302F0010AFCF7D6FBC2
:101010000746EFF31181402383F31288BFF36F8FEC
:10102000A80744BF0023A360A36803EA0600BAF13F
:10103000000F0CD086420CD16A0744BF8343A360E3
:1010400081F31188BFF36F8F02B0BDE8F0870028ED
:10105000F2D159EA080305D181F31188BFF36F8FEC
:101060000020F1E7C7E91A652246CDE9009804F1AE
:101070000C00FCF7C7F90028F2D1B86EE4E710B510
:101080004B68D0E91A4212F0010F03EA040301D0C1
:101090009C4210D17BB18366520744BF8A681A43D1
:1010A0000B6848BF8A6043660123086080F870308F
:1010B0001830FFF7B9FC002010BD0023C0E9000084
:1010C000836070474FF0FF32FDF742BD0A460021B2
:1010D000FDF73EBD5200FFF78FBF0A44431E914209
:1010E00000D1704710B511F8014B914203F8014F40
:1010F000F9D110BD02440346934200D1704703F872
:10110000011BF9E70139024410B5904201D10020DA
:1011100005E0037811F8014FA34201D0181B10BD60
:101120000130F2E710B50139044632B111F8013F40
:10113000013A00F8013B002BF7D10021FFF7DAFF5D
:10114000204610BD0246014410B58A42134603D022
:101150001C780132002CF8D1181A10BDF0B5C3F17B
:101160003707044603F01F031046FFB2082BE6B210
:1011700032D0102B3DD06508A40845EAC17544EA79
:1011800081748A082D1942EB5102290941EA027142
:101190006D1842EB1212290A41EA02616D1842EB06
:1011A0001222290C41EA02416D1842EB1242AD189D
:1011B00042F10002EC0844EA4274D10804EB8402D4
:1011C000A6EB4205EDB2092D0CD90134A5F10A05B3
:1011D00041F10001EDB212E0E40806F0070544EA2F
:1011E0004174C908303554EA010200F8015BBDD1F1
:1011F000F0BD240906F00F0544EA01740909092D20
:1012000084BFED19EDB2EDE70148006870470000BA
:04121000E01C0020BE
:081214002471FF7F01000000BE
:10121C00E9B3000000000000A598000000000000E9
:10122C0000000000AC12010095CA00000000000094
:10123C0000000000EC12010000000000CC120100C4
:10124C00000000000C130100B5BD00000000000000
:10125C003DFF000000000000000000002C13010006
:10126C00000000004C130100E9AD0000000000007C
:10127C003DFE000000000000BD96000000000000D4
:10128C00000000006C130100D98500000000000074
:10129C006DCD000000000000C3FE00000000000047
:1012AC00CE2801009C200100301C0100BC04002051
:1012BC00301D002069AB00000000000000000000A1
:1012CC00E3280100B82001000C1C0100C004002020
:1012DC00841D00200DB00000000000000000000084
:1012EC00EF280100CC2001000C1C0100C2040020DE
:1012FC00901D00200DB00000000000000000000058
:10130C00FA280100E02001000C1C0100C40400209C
:10131C009C1D00200DB0000000000000000000002B
:10132C00DB28010000000000041C0100BE040020AA
:10133C000000000053FC0000000000000000000052
:10134C000E290100002101004C1C0100C6040020E4
:10135C00A81D002089FD000083FD00000000000096
:10136C003F2901000000000068210100C804002092
:10137C00B41D002021B60000000000000000000099
:10138C000000000017F700000000000017F7000035
:10139C000000000017F700000000000017F7000025
:1013AC000000000017F700000000000017F7000015
:1013BC000000000017F700000000000017F7000005
:1013CC000000000017F700000000000017F70000F5
:1013DC000000000017F700000000000017F70000E5
:1013EC000000000017F700000000000017F70000D5
:1013FC000000000017F700000000000017F70000C5
:10140C000000000017F700000000000017F70000B4
:10141C000000000017F700000000000017F70000A4
:10142C000000000017F700000000000017F7000094
:10143C000000000017F700000000000017F7000084
:10144C000000000017F700000000000017F7000074
:10145C000000000017F700000000000017F7000064
:10146C00000000000DBE00000000000017F7000097
:10147C000000000017F700000000000017F7000044
:10148C000000000017F700000000000017F7000034
:10149C000000000017F700000000000017F7000024
:1014AC000000000017F700000000000017F7000014
:1014BC000000000017F700000000000017F7000004
:1014CC000000000017F700000000000017F70000F4
:1014DC000000000017F700000000000017F70000E4
:1014EC000000000017F700000000000017F70000D4
:1014FC000000000017F700000000000017F70000C4
:10150C000000000017F700000000000017F70000B3
:10151C000000000017F700000000000017F70000A3
:10152C000000000017F700000000000017F7000093
:10153C000000000017F700000000000017F7000083
:10154C000000000017F700000000000017F7000073
:10155C000000000017F700000000000017F7000063
:10156C000000000017F700000000000017F7000053
:10157C000000000017F700000000000017F7000043
:10158C000000000017F700000000000017F7000033
:10159C000000000017F700000000000017F7000023
:1015AC000000000017F700000000000017F7000013
:1015BC000000000017F700000000000017F7000003
:1015CC000000000029EA00000000000017F70000EE
:1015DC000000000017F700000000000017F70000E3
:1015EC000000000017F700000000000017F70000D3
:1015FC000000000017F700000000000017F70000C3
:10160C000000000017F700000000000017F70000B2
:10161C000000000017F700000000000017F70000A2
:10162C000000000017F700000000000017F7000092
:10163C000000000017F700000000000017F7000082
:10164C000000000017F700000000000017F7000072
:10165C000000000017F700000000000017F7000062
:10166C000000000017F700000000000017F7000052
:10167C000000000017F700000000000017F7000042
:10168C000000000017F700000000000017F7000032
:10169C000000000017F700000000000017F7000022
:1016AC000000000017F700000000000017F7000012
:1016BC000000000017F700000000000017F7000002
:1016CC000000000017F700000000000017F70000F2
:1016DC000000000017F700000000000017F70000E2
:1016EC000000000017F700000000000017F70000D2
:1016FC000000000017F700000000000017F70000C2
:10170C000000000017F700000000000017F70000B1
:10171C000000000017F700000000000017F70000A1
:10172C000000000017F700000000000017F7000091
:10173C000000000017F700000000000017F7000081
:10174C000000000017F700000000000017F7000071
:10175C000000000017F700000000000017F7000061
:10176C000000000017F700000000000017F7000051
:10177C000000000017F700000000000017F7000041
:10178C000000000017F700000000000017F7000031
:10179C000000000017F700000000000017F7000021
:1017AC000000000017F700000000000017F7000011
:1017BC000000000017F700000000000017F7000001
:1017CC000000000017F700000000000017F70000F1
:1017DC000000000017F700000000000017F70000E1
:1017EC000000000017F700000000000017F70000D1
:1017FC000000000017F700000000000017F70000C1
:10180C000000000017F700000000000017F70000B0
:10181C000000000017F700000000000017F70000A0
:10182C000000000017F700000000000017F7000090
:10183C000000000017F700000000000017F7000080
:10184C000000000017F700000000000017F7000070
:10185C000000000017F700000000000017F7000060
:10186C000000000017F700000000000017F7000050
:10187C000000000017F700000000000017F7000040
:10188C000000000017F700000000000017F7000030
:10189C000000000017F700000000000017F7000020
:1018AC000000000017F700000000000017F7000010
:1018BC000000000017F700000000000017F7000000
:1018CC000000000017F700000000000017F70000F0
:1018DC000000000017F700000000000017F70000E0
:1018EC000000000017F700000000000017F70000D0
:1018FC000000000017F700000000000017F70000C0
:10190C000000000017F700000000000017F70000AF
:10191C000000000017F700000000000017F700009F
:10192C000000000017F700000000000017F700008F
:10193C000000000017F700000000000017F700007F
:10194C000000000017F700000000000017F700006F
:10195C000000000017F700000000000017F700005F
:10196C000000000017F700000000000017F700004F
:10197C000000000017F700000000000017F700003F
:10198C000000000017F700000000000017F700002F
:10199C000000000017F700000000000017F700001F
:1019AC000000000017F700000000000017F700000F
:1019BC004C13010027FD00000000000017F7000089
:1019CC000000000017F700000000000017F70000EF
:1019DC000000000017F700000000000017F70000DF
:1019EC000000000017F700000000000017F70000CF
:1019FC000000000017F700000000000017F70000BF
:101A0C000000000017F700000000000017F70000AE
:101A1C000000000017F700000000000017F700009E
:101A2C000000000017F700000000000017F700008E
:101A3C000000000017F700000000000017F700007E
:101A4C000000000017F700000000000017F700006E
:101A5C000000000017F700009C030020FDFC0000B4
:101A6C000000000017F700000000000017F700004E
:101A7C000000000017F700000000000017F700003E
:101A8C000000000017F700000000000017F700002E
:101A9C000000000017F700000000000017F700001E
:101AAC006DC700005BFF00000000000017F700008E
:101ABC000000000017F700000000000017F70000FE
:101ACC000000000017F700000000000017F70000EE
:101ADC000000000017F700000000000017F70000DE
:101AEC000000000017F700000000000017F70000CE
:101AFC000000000017F700000000000017F70000BE
:101B0C000000000017F700000000000017F70000AD
:101B1C000000000017F700000000000017F700009D
:101B2C000000000017F700000000000017F700008D
:101B3C000000000017F700000000000017F700007D
:101B4C000000000017F700000000000017F700006D
:101B5C000000000017F700000000000017F700005D
:101B6C000000000017F700000000000017F700004D
:101B7C000000000017F700000000000017F700003D
:101B8C000000000017F700000000000017F700002D
:101B9C000000000017F700000000000017F700001D
:101BAC000000000017F7000057FF00005BFF00006B
:101BBC000000000017F700000000000017F70000FD
:101BCC000000000017F700000000000017F70000ED
:101BDC000000000017F700000000000017F70000DD
:101BEC000000000017F7000024030020FDFC00009B
:081BFC000000000017F70000D3
:081C04003FFC0000000000009D
:101C0C0039AE000063FC00006FFC000083FC000098
:101C1C008DFC000097FC000055B00000ABFC0000F0
:041C2C0000000000B4
:101C3000C1AB000095FB0000F7FB000000000000B6
:0C1C400031FB000000000000000000006C
:0C1C4C003FFD0000F1B2000031FD00007F
:101C5800040000000F000000010000000800000060
:101C68002000000074000000840000000D00000047
:101C78000C0000000E00000050000000880000006A
:101C8800BC000000FFFFFFFFFFFFFFFFFFFFFFFF9C
:041C9800FFFFFFFF4C
:101CA000000000000400000040060000800C00005E
:101CB0000000000000A0105000820D5000040550EC
:101CC0000500000004000000010000000100010008
:101CD00000010100000100010000010001000000FE
:101CE00001000B0002000A00050009000A000800BC
:101CF000140007001E000600320005004B0004001F
:101D00006400030096000200FA000100F4010000E4
:101D100002030100F401FA00960064004B00320057
:101D20001E0014000A000500020001000C08021742
:101D30000D01010209090101060209181803010138
:101D40000909030305030201230202240910040404
:101D500005050B0B040B2B1B1B151A1A1C021D1659
:101D6000130501490D150508061B1B0F1D1D0A064D
:101D70000601010000FEFEFEFEFEFEFEFEFEFEFE71
:101D8000FEFEFEFEFEFE16FEFEFEFEFEFEFEFEFE5B
:101D9000FEFE1F1FFEFE26FEFEFEFEFEFEFEFEFEF9
:101DA000FEFEFEFEFEFEFEFEFE3E3EFEFEFEFE3B96
:101DB0003B00A201B003BE05EE024806A209C4051D
:101DC000F40B24120E021C045A03B4063006600CF5
:101DD0009C0C00200200000B680000200200000B99
:101DE000A80C00200200000C0E0D00200200000BC9
:101DF0000E0D00200100000C0C0D00200100000C55
:101E000001000000070000000000000000000000CA
:101E1000000000000406080A0C0E10121416181C0C
:101E20001E20222426282A2C2E30323436383A3CE2
:101E30003E40424446484A4C4E021A5000000000C0
:101E4000280000001800000000000000F02300003F
:101E500024130000000000004006000040060000BF
:101E6000000098086B03000000000000F023000051
:101E7000241300000000000048A3000014A000008C
:101E8000000040060C0300010302000000000000F7
:101E90000000010101010101010101010101020232
:101EA00002020202030304040505060607070808E8
:101EB000090A0B0C0D0E0F1011121314151617181A
:101EC000191A1B0010010000D200000030010000B0
:101ED000D800000001000000E40000000200000043
:101EE000EA00000002000000EC0000000300000017
:101EF000EE00000004000000F000000005000000FB
:101F0000F200000006000000F400000007000000DE
:101F1000F600000008000000F700000009000000C3
:101F2000F80000000A000000F90000000B000000AB
:101F3000FA0000000D000000FB0000000F00000090
:101F4000FC00000011000000FD0000001300000074
:101F5000FE00000015000000FF0000001800000057
:101F6000000000001B000000010000001F00000036
:101F70000200000023000000030000002800000011
:101F8000040000002D0000000500000033000000E8
:101F90000600000039000000070000003F000000BC
:101FA0000800000000100200FA000000000000001D
:101FB0000338FDD87047000000000000000000005A
:101FC0000338FDD870470000FF1D0000800400208A
:101FD0004000002000000000060001000200000098
:101FE000E41F01000000000071270100060000004E
:101FF000E04F1600000000207927010021000000BA
:10200000E0EF02204997000000000000C3F7000045
:102010000420010020200100470000000000000013
:102020003850002004200100342001002E00000060
:102030000000000018540020042001004820010086
:102040000201000000000000EC5400200E0300001C
:10205000ADA300000F040000E9A300003E01000052
:10206000659A0000FF010000259A00003E01000073
:10207000459A00001001000027F90000042001002B
:102080008C200100470000000000000008560020DE
:1020900025AB0000F5AA0000000000007DAC0000A8
:1020A000FDAB000021FC00001DFC000000A0105052
:1020B00000820D50000405501F00000000A01050C9
:1020C000240300200000000000000000FFFF0000CB
:1020D00000820D509C030020000000000100000061
:1020E000FF07000000040550000000000000000091
:1020F0000200000000A0105000820D5000040550A6
:1021000000600C5000000000000000002C210100C5
:1021100000C201000000D6010000000000000040E5
:10212000000000005E2400205D24002000600C50B0
:1021300038210100020000005821010004000000C5
:1021400048210100040100002480000025800001D6
:1021500026800002278000032400000026000002E1
:10216000250600012706000399B5000049FE00007E
:10217000E9B7000000A0105000820D500004055087
:102180000800000002000000040000000100000040
:102190001C120100241201007C12010084120100B3
:1021A000AC120100AC120100862901000001000000
:1021B0000000000000010000000200000014000008
:1021C00000280000004000000100000002000000A4
:1021D0005374617274696E672046696E64204D792C
:1021E00020456D756C6174696F6E0A00426C75658F
:1021F000746F6F746820696E6974206661696C65BC
:10220000642028657272202564290A00426C756575
:10221000746F6F746820696E697469616C697A653E
:10222000640A004661696C656420746F206372659E
:1022300061746520424C45206964656E74697479E7
:102240002028657272202564290A0041647665722F
:10225000746973696E67206661696C656420746F68
:102260002073746172742028657272202564290AB3
:102270000046696E64204D792061647665727469E8
:1022800073656D656E7420737461727465640A00A1
:10229000424C4520616464726573733A2025303284
:1022A000583A253032583A253032583A253032588B
:1022B0003A253032583A253032580A005061796C4C
:1022C0006F616420282575206279746573293A004E
:1022D0002025303258002A2A2A20426F6F74696EF6
:1022E00067206E524620436F6E6E656374205344C0
:1022F0004B2076332E322E312D64383838376636FF
:102300006633326466202A2A2A0A002A2A2A20559D
:1023100073696E67205A6570687972204F53207612
:10232000342E322E39392D656337383130346631E9
:10233000353639202A2A2A0A0072302F61313A2094
:1023400020307825303878202072312F61323A20C1
:1023500020307825303878202072322F61333A20AF
:10236000203078253038780A0072332F61343A20D3
:1023700020307825303878207231322F69703A2039
:1023800020307825303878207231342F6C723A2022
:10239000203078253038780A0020787073723A201F
:1023A000203078253038780A004661756C74696E83
:1023B0006720696E737472756374696F6E206164EF
:1023C000647265737320287231352F7063293A2047
:1023D0003078253038780A00556E68616E646C6517
:1023E00064204952516E3A2025640A002A2A2A2A7A
:1023F0002A205553414745204641554C54202A2A0E
:102400002A2A2A0A0020204469766973696F6E209F
:102410006279207A65726F0A002020556E616C69BE
:10242000676E6564206D656D6F72792061636365A9
:1024300073730A002020537461636B206F7665729A
:10244000666C6F772028636F6E7465787420617294
:102450006561206E6F742076616C6964290A0020C2
:10246000204E6F20636F70726F636573736F72209D
:10247000696E737472756374696F6E730A002020DD
:10248000496C6C6567616C206C6F6164206F6620BD
:102490004558435F52455455524E20696E746F2023
:1024A00050430A002020496C6C6567616C2075738D
:1024B00065206F662074686520455053520A0020DD
:1024C00020417474656D707420746F206578656345
:1024D00075746520756E646566696E656420696EE5
:1024E000737472756374696F6E0A002A2A2A2A2A25
:1024F00020425553204641554C54202A2A2A2A2A44
:102500000A002020537461636B696E6720657272E4
:102510006F720A002020556E737461636B696E6779
:10252000206572726F720A002020507265636973B1
:1025300065206461746120627573206572726F72C8
:102540000A00202042464152204164647265737340
:102550003A20307825780A002020496D7072656332
:10256000697365206461746120627573206572729D
:102570006F720A002020496E737472756374696FFC
:102580006E20627573206572726F720A0020204699
:102590006C6F6174696E672D706F696E74206C6109
:1025A0007A792073746174652070726573657276D0
:1025B0006174696F6E206572726F720A002A2A2A2E
:1025C0002A2A204D5055204641554C54202A2A2A6B
:1025D0002A2A0A002020537461636B696E672065A4
:1025E00072726F722028636F6E74657874206172E6
:1025F0006561206D69676874206265206E6F742064
:1026000076616C6964290A0020204461746120416C
:1026100063636573732056696F6C6174696F6E0ACA
:102620000020204D4D464152204164647265737311
:102630003A20307825780A002020496E737472752C
:102640006374696F6E204163636573732056696FAD
:102650006C6174696F6E0A005265736572766564A9
:1026600020457863657074696F6E2028005370751B
:1026700072696F757320696E7465727275707420FB
:10268000284952512000535053454C20696E207404
:102690006872656164206D6F646520646F65732086
:1026A0006E6F7420696E6469636174652050535065
:1026B0000A002A2A2A2A2A20484152442046415503
:1026C0004C54202A2A2A2A2A0A00202042757320E4
:1026D0006661756C74206F6E20766563746F72200E
:1026E0007461626C6520726561640A002020446533
:1026F000627567206576656E740A002020466175F4
:102700006C7420657363616C6174696F6E202873EB
:1027100065652062656C6F77290A00415243485F06
:102720004558434550542077697468207265617339
:102730006F6E2025780A0A002A2A2A2A2A20446550
:10274000627567206D6F6E69746F7220657863655E
:102750007074696F6E202A2A2A2A2A0A002A2A2AD5
:102760002A2A20257320256429202A2A2A2A2A0A8F
:1027700000464C4153485F30005352414D5F30009A
:1027800000000000000000FFFFFFFFFFFF0000004F
:102790000000000104000200000002000000000030
:1027A0000000050000000000000000000000000024
:1027B000000005574553545F544F504449522F7AF7
:1027C00065706879722F7375627379732F626C7597
:1027D00065746F6F74682F686F73742F6863695FB7
:1027E000636F72652E63006576745F666C616773F4
:1027F0002026202831554C203C3C20283029290017
:10280000415353455254494F4E204641494C205B59
:1028100025735D20402025733A25640A0062745FA9
:102820006863695F6576745F6765745F666C61672E
:1028300073286864722D3E6576742920262028311D
:10284000554C203C3C2028312929006275660073D4
:102850007563636573730009636F6D6D616E6420EA
:102860006F70636F64652030782530347820746928
:102870006D656F75740A00657272203D3D203000F1
:1028800009436F6E74726F6C6C657220756E726541
:1028900073706F6E736976652C20636F6D6D616EFA
:1028A00064206F70636F6465203078253034782041
:1028B00074696D656F7574207769746820657272CC
:1028C0002025640A00425420525820575100636C5E
:1028D0006F636B40313065303030007073612D7242
:1028E0006E67006770696F4031306130303000676B
:1028F00070696F406438323030006770696F4035FE
:10290000303430300000010405020608090F7561FB
:10291000727440633630303000536F6674446576AD
:1029200069636520436F6E74726F6C6C65722041D1
:1029300053534552543A2025732C2025640A0062D3
:10294000745F6863695F736463004D50534C20414A
:1029500053534552543A2025732C2025640A004DC8
:1029600050534C20576F726B00000718232323230A
:1029700023232323232323232300010269646C657B
:10298000006D61696E00737973776F726B71009B74
:102990008FACC31D42AE44FACD1FC348A0B42FCFA5
:1029A00029EE3D00FFFFFFFF1F00647261676F6F3C
:1029B0006E2F6C6962732F73636865642F73726323
:1029C0002F73636865645F68616C5F74696D6572BD
:1029D0005F677274632E6300286E756C6C29002A21
:0829E000666C6F61742A0000AF
:1029E800FFFFFFFFFF1F00001F00000000000000A6
:1029F8001D40000000000000FFFFFFFF1FFF000058
:102A0800BAABBABA101010100100000000000000A4
:102A18000050085000000000000000000C000000FA
:102A280000FF7F0000000000000000000000000020
:102A3800F9140000000000000B7600000000000000
:102A4800000000000000000000000000B0000020AE
:102A5800E97F0000EF7F0000F17F00001780000091
:102A6800F57F000021800000FB7F00002B80000024
:102A780001800000378000000D80000011800000F8
:102A880003800000098000002780000031800000DA
:102A9800F800002001FF00001983000025830000D2
:102AA8002983000031830000358300000000000006
:102AB800000000000000000000000000000000000E
:102AC80000000000000000000000000000000000FE
:102AD80000000000000000000000000000000000EE
:102AE80000000000000000000000000000000000DE
:102AF80000000000000000000000000000000000CE
:102B080000000000000000000000000000000000BD
:102B180000000000000000000000000000000000AD
:102B2800000000000000000000000000000000009D
:102B3800000000000000000000000000000000008D
:102B4800000000000000000000000000000000007D
:102B5800000000000000000000000000000000006D
:102B6800000000000000000000000000000000005D
:102B7800000000000000000000000000000000004D
:102B880089A3000000000000000000000000000011
:102B9800000000000000000000000000000000002D
:102BA800000000000000000000000000000000001D
:102BB800000000000000000000000000000000000D
:102BC80000000000000000000000000000000000FD
:102BD80000000000000000000000000000000000ED
:102BE8000000000000000000000000006C1301005D
:102BF80000000000598600000000000000010000ED
:102C080000000000000000000000000000000000BC
:102C180000000000000000000000000000000000AC
:102C28000000000067000000000000000000000035
:102C3800000000000000000000000000000000008C
:102C4800000000000000000000000000000000007C
:102C5800000000000000000000000000000000006C
:102C6800000000000000000000000000000000005C
:102C7800000000000000000000000000000000004C
:102C8800000000000000000000000000000000003C
:102C9800000000000000000000000000000000002C
:102CA800000000000000000000000000000000001C
:102CB800F3F4000000000000B9F700000000000075
:102CC8000000000000C010500000000000000000DC
:102CD80000000000000000000000000000000000EC
:102CE80000000000000000000000000000000000DC
:102CF80000000000000000000000000000000000CC
:102D080000000000000000000000000000000000BB
:102D180000000000000000000000000000000000AB
:102D2800000000000000000000000000000000009B
:102D380000000000000000000001000000A00D508D
:102D4800000000000000000000000000000000007B
:102D5800000000000000000000000000000000006B
:102D6800000000000000000000000000000000005B
:102D7800000000000000000000000000000000004B
:102D8800000000000000000000000000000000003B
:102D9800000000000000000000000000000000002B
:102DA800000000000000000000000000000000001B
:102DB80000000000000000006DF9000000000000A5
:102DC8000000000000000000A99C000000000000B6
:102DD80000000000A5B3000000000000FF00000094
:102DE8000090D003FF0000000F00000071020000F7
:102DF8005004002050040020470C0100F510010089
:102E080067742000CC040020F4040020E0040020B3
:102E18005005002044050020AF0F0100B30F01004A
:102E28004C00121900000000000000000000000023
:102E380000000000000000000000000000B1227A3D
:102E48004121A548BBD1C9A83132639C4C29733DA7
:092E5800CF1B9ACC1A25A99D5A42
:102E61000000000000000000000000000000000061
:032E71000000005E
:102E7400CC040020CC04002000000000000000006E
:102E84000E000000E0040020E00400200000000028
:102E9400000000000E000000F4040020F4040020F0
:102EA40000000000000000000E00000008050020E3
:102EB4000805002000000000000000000E000000D3
:102EC4001C0500201C05002000000000000000007C
:102ED4000E00000030050020300500200000000036
:082EE400000000000E000000D8
:102EEC00440500204405002000000000500500208F
:082EFC00500500200000000059
:102F040000000000000000006405002064050020AB
:102F14006C0500206C050020030003000000000085
:102F24000000000024200100A45400200000000040
:102F34000000000090050020900500209805002066
:102F440098050020010001000000000000000000BE
:102F54007C2001005056002000000000000000000A
:102F6400BC050020BC050020C4050020C4050020C9
:102F74000A000A00040000006D99000010200100FE
:102F8400005300200000000000000000E8050020BD
:102F9400E8050020F0050020F005002001000100F4
:102FA400000000000000000038200100F05500205F
:042FB40015E015E02F
:0400000300008F91D9
:00000001FF
