:020000040000FA
:10000000E8500020D1900000D9F80000BD90000019
:10001000BD900000BD900000BD900000BD900000AC
:100020000000000000000000000000003D92000001
:10003000BD90000000000000D5910000BD900000C0
:10004000C5930000C5930000C5930000C593000050
:10005000C5930000C5930000C5930000C593000040
:10006000C5930000C5930000C5930000C593000030
:10007000C5930000C5930000C5930000C593000020
:10008000C5930000C5930000C5930000C593000010
:10009000C5930000C5930000C5930000C593000000
:1000A000C5930000C5930000C5930000C5930000F0
:1000B000C5930000C5930000C5930000C5930000E0
:1000C000C5930000C5930000C5930000C5930000D0
:1000D000C5930000C5930000C5930000C5930000C0
:1000E000C5930000C5930000C5930000C5930000B0
:1000F000C5930000C5930000C5930000C5930000A0
:10010000C5930000C5930000C5930000C59300008F
:10011000C5930000C5930000C5930000C59300007F
:10012000C5930000C5930000C5930000C59300006F
:10013000C5930000C5930000C5930000C59300005F
:10014000C5930000C5930000C5930000C59300004F
:10015000C5930000C5930000C5930000C59300003F
:10016000C5930000C5930000C5930000C59300002F
:10017000C5930000C5930000C5930000C59300001F
:10018000C5930000C5930000C5930000C59300000F
:10019000C5930000C5930000C5930000C5930000FF
:1001A000C5930000C5930000C5930000C5930000EF
:1001B000C5930000C5930000C5930000C5930000DF
:1001C000C5930000C5930000C5930000C5930000CF
:1001D000C5930000C5930000C5930000C5930000BF
:1001E000C5930000C5930000C5930000C5930000AF
:1001F000C5930000C5930000C5930000C59300009F
:10020000C5930000C5930000C5930000C59300008E
:10021000C5930000C5930000C5930000C59300007E
:10022000C5930000C5930000C5930000C59300006E
:10023000C5930000C5930000C5930000C59300005E
:10024000C5930000C5930000C5930000C59300004E
:10025000C59300000F010100C5930000C593000085
:10026000C5930000C5930000F9000100C59300008C
:10027000C5930000C5930000C5930000C59300001E
:10028000C5930000C5930000C5930000C59300000E
:10029000C5930000C5930000C5930000C5930000FE
:1002A000C5930000C5930000C5930000C5930000EE
:1002B000C5930000C5930000C5930000C5930000DE
:1002C000C5930000C5930000C5930000C5930000CE
:1002D000C5930000C5930000C5930000C5930000BE
:1002E000C5930000C5930000C5930000C5930000AE
:1002F000C5930000C5930000C5930000C59300009E
:10030000C5930000C5930000C5930000C59300008D
:10031000C5930000C5930000C5930000C59300007D
:10032000C5930000C5930000C5930000C59300006D
:10033000C5930000C5930000C5930000C59300005D
:10034000C5930000C5930000C5930000C59300004D
:10035000C5930000C5930000C5930000C59300003D
:10036000C5930000C5930000C5930000C59300002D
:10037000C5930000C5930000C5930000C59300001D
:10038000C5930000C5930000C5930000C59300000D
:10039000C5930000C5930000C5930000C5930000FD
:1003A000C5930000C5930000C5930000C5930000ED
:1003B000C5930000C5930000C5930000C5930000DD
:1003C000C5930000C5930000C5930000C5930000CD
:1003D000C5930000E3000100C5930000C593000031
:1003E000C5930000C5930000C5930000C5930000AD
:1003F000C5930000C5930000C5930000C59300009D
:10040000C5930000C5930000C5930000C59300008C
:10041000C5930000C5930000C5930000C59300007C
:10042000C5930000C5930000C5930000C59300006C
:10043000C5930000C5930000C5930000C59300005C
:10044000C5930000C5930000C5930000C59300004C
:10045000C5930000C5930000C5930000C59300003C
:10046000C5930000C5930000C5930000C59300002C
:0C047000C5930000C5930000C593000078
:10048000064A074B02604FF490725B7A8280082222
:10049000C371FF2382710372704700BFB77B0000F6
:1004A000F8050020F8B5C41D0028054624F007040F
:1004B0000CBF0020204600F0D1FA071E02DA6FF0D0
:1004C0000B00F8BD254EB18870880331F3790330F5
:1004D000B27989B280B206F042FD0028EFDB3C44DD
:1004E00073783178002D04F10304194424F00304D7
:1004F00000FB01F10CBF0020204600F033FC231864
:100500000DB9002BDBDB717A184679B10333002D6E
:10051000728923F003040CBF0020204600F078FC11
:100520000028CCDB20440DB90028C8DB317A91B11A
:10053000737A83B1C41D002D24F007040CBF002082
:10054000204601F067FC0028B9DB0DB10020B8E7B8
:100550002018B6D5B3E7002DF8D1B2E7F805002092
:100560001FB572B6194BDC68ECB9BFF34F8F184951
:10057000184BCA6802F4E0621343CB60BFF34F8F9D
:1005800000BFFDE7B2FBF6F22B465D1C002AF9D155
:10059000DBB203F110056D4405F80C2C0A2233B9C7
:1005A00001A8A047E1E7024600230A26EDE7013B48
:1005B000DBB203F110050DEB0506B0FBF2F502FB13
:1005C0001500303006F80C0C2846E8E7F805002046
:1005D00000ED00E00400FA050A4B07B5DA8868462A
:1005E000ADF800209A885B88ADF80420ADF80230A1
:1005F00000F064FF18B1FC219C20FFF7B1FF03B0AD
:100600005DF804FBF805002038B5054640B305F059
:10061000B5FF10B94FF0FF3038BD05F045FEB0F51D
:10062000FA7FF7D8104C1148E56000F093F90023E9
:1006300023744FF4807323801B236380A38040F2D4
:100640000323E3804FF4847323811F236381EFF33B
:10065000108472B600F0B2FC04B962B60020DBE789
:100660006FF01500D8E700BFF8050020D90500009D
:1006700010B5002840D1234C237C032B39D059B12D
:10068000002A3CD00239052936D8DFE801F00312F0
:1006900027352A2D137863700020FFF703FF002809
:1006A000B7BF012302236FF00B002374A8BF23748C
:1006B00010BD13791BB353790BB31188FB291ED8D6
:1006C00053881B3B9BB2E02B19D81A2917D9136802
:1006D0009288C4F802300C4B9A80DDE7137863727D
:1006E000DAE713886381D7E71388FF2B07D82372D3
:1006F000D2E74FF0FF30DBE76FF02C00D8E76FF068
:100700001500D5E7F8050020FA050020F8B50D46DC
:10071000064620B319B311F0070420D1114F3B7CDA
:10072000012B02D16FF00B00F8BD032B02D14FF06B
:10073000FF30F9E700F054F80028F8D02846FFF71A
:10074000B1FE0028EEDB07F0FCFB3046214600F04E
:10075000F9FEFFF741FF032320463B74E4E76FF007
:100760001500E1E7F805002010B5064C237C032BAB
:1007700003D100F0FFFE01F07BFA06F0E9FC002057
:10078000207410BDF805002050B1074B03F114028E
:1007900053F8041B934240F8041BF9D10020704722
:1007A0006FF01500704700BF2C2D010008B500F058
:1007B000AFFE03490120BDE8084000F047B900BF83
:1007C0008104000002680020014B1A60704700BFDE
:1007D0000C060020014B1B68184700BF0C060020C8
:1007E000024B1868003818BF012070470C06002023
:1007F0002DE9F7430446264E071D2548376001F0D2
:1008000047FA0228054607D12149204606F0FEF89E
:10081000284603B0BDE8F0830428F9D13378072BCC
:1008200018D13E2000F04AF878B9F37801A932795E
:10083000684643EA0223ADF8003006F0E4FA0028E7
:10084000DBD053210820FFF78BFE052000F06EF867
:100850000028EAD03146204606F010F9B0F5817F35
:1008600001D37221EEE70028C7D094F8008094F8F5
:100870000290404600F022F80028BED0B8F13E0FAA
:10088000C6D1484600F052F80028C1D1B5E700BFF4
:1008900010060020074B4FF0FF3141F6FF72C3E90D
:1008A000001205490022C1E900221F21C3E90212FA
:1008B000704700BF40000020540600203F280CD89D
:1008C00001380B4BC0F3421200F01F0053F82230E6
:1008D00023FA00F000F001007047FF2806D04038EE
:1008E000044BC0F3421200F01F00EFE701207047F5
:1008F0004000002054060020074B0146006849686C
:100900001A4603C240F48C221A6041F0107242F47D
:10091000FF625A60704700BF400000200246024B51
:100920000068516803C3704748000020431EF42844
:10093000DBB21FBF064A590903F01F0302EB810215
:100940001DBF9068D84000F001000020704700BF34
:1009500040000020014B1860704700BF5C0600207B
:1009600010B5FFF797FF06F052FC034B04461B68D7
:1009700003B19847204610BD5C0600200A8870B578
:1009800095B2C67CC2F30E020488023602F1180347
:100990003444C35AA4B233442344013BB3FBF4F3BD
:1009A00003FB0422438892B29342044B8BBF2B403B
:1009B000AB4313439BB20B8070BD00BF0080FFFFB1
:1009C0004A1E062A08B50346084604D84FF4D171DA
:1009D0001520FFF7C5FD094A914202D940F2A31143
:1009E000F6E711B903B1196008BD2BB11B680022ED
:1009F000C3E901211A1D1A600430F5E7FAFFFF7FF1
:100A000010B5114B00EB41041A786389B3FBF2F384
:100A100003FB0223013A1A44B2F5706F0279807821
:100A200028BF00231A440B18B2FBF0F100FB112180
:100A30005B1AB3FBF0F100FB113313446FEA43433D
:100A40006FEA5343638110BD60060020024B03EB45
:100A500080035960704700BF600600202DE9F04F09
:100A600010F0070A85B0054604D040F26111172046
:100A7000FFF776FD524F044607F10C06B146B0462B
:100A800057F8043B8DF80BA03BB101A898479DF89F
:100A90000A30082B01D9E821E9E79DF80B1041BB8A
:100AA00005B131604F4506F10406E9D1002D6ED045
:100AB0000022DFF810910227964689F8002058F8A6
:100AC00027A0013FBAF1000F54D09AF804609AF8B9
:100AD00002C0FF2E5FD039460023481C37D19C440A
:100AE000BCF1FF0F3ED90AB189F800E040F22711AE
:100AF000BDE79DF80AC04B1D60465A0004EB430356
:100B0000022838BF0220441E40422344BDF808405A
:100B10006444CCF1000C0340013C04EA0C04B4F53D
:100B2000803F01D3F821A2E775B19A1A0120326003
:100B300091701480D0709DF80C00107101984FEAEC
:100B4000104C1081A2F806C004FB0134AAE758F843
:100B5000210028B190F804B0B34504BF80781B1879
:100B60000139BAE7DBB2E6458AF804303CBF5FFAE8
:100B70008CFE01227B1CA2D10AB189F800E002267A
:100B800040F6FF6A58F82670B7B9013EFAD2601BEA
:100B900005B0BDE8F08F0023E5E707EB410309F15D
:100BA00001093846A3F80AA0FFF72AFF5FFA89F186
:100BB000BB788B42F1D8E8E74FF00009F6E700BFB9
:100BC000640600206006002038B54FF6FF73024629
:100BD0000380184B03EB81031869A8B1847803796B
:100BE000B3FBF4F104FB1133DBB2194600EB410512
:100BF000B5F90A50002D0EDB0131B1FBF4F504FB11
:100C00001511C9B28B42F1D1002038BD6381BDE816
:100C1000384006F080B900EB41046389C3F30E034A
:100C20001380C278002AF1D14FF4D5711720FFF755
:100C300097FC00BF600600201C4B03EB810370B5DE
:100C40001C69054644B3030404D54FF4DC71172036
:100C5000FFF786FC0146204606F040F9FF280146D2
:100C600004D02046BDE8704006F055B9A078B5FB29
:100C7000F0F300FB1353DBB219460A1D04EB4206E6
:100C8000B6F90260002E09DB0131B1FBF0F200FB86
:100C90001211C9B28B42F0D1002070BD8B4201D03D
:100CA0000023E37004EB42025580DAE7600600207F
:100CB000094B03EB8103014610B51C69204606F081
:100CC0000DF9FF28014604D02046BDE8104006F08B
:100CD00022B9002010BD00BF60060020F8B5104BFF
:100CE000074603EB810301461C69204606F0F6F82F
:100CF000FF28054611D0E288238953EA024606D030
:100D00000146204606F007F901463846B04720461E
:100D10002946FFF775FE0020F8BD0520FCE700BF5F
:100D20006006002038B50E4B0446827903EB82033F
:100D3000186908B9052038BD8278E1799142F9D265
:100D40004B1CE37100EB41035D89B3F90A30002BC2
:100D5000F3DBA58006F0DFF820600020EBE700BFA2
:100D60006006002070B5044610F003000E4603D064
:100D70004E211820FFF7F4FBFFF722FE054624B1B1
:100D8000034831460460FFF71BFE284670BD00BFD4
:100D90007C0600202DE9F14FDFF870B01E460746B3
:100DA0000D46DBF8003090469DF828A09DF82C9069
:100DB0001BB960211820FFF7D3FB5246092140469A
:100DC00006F04AF84A4684B20921304606F044F853
:100DD00081B2DBF80000214406F05BF8386018B9F6
:100DE000286001B0BDE8F08F044453464146092213
:100DF0002C60386806F00FF84B4609223146286807
:100E000001B0BDE8F04F06F006B800BF7C06002038
:100E10001F2AF8B5044613460ED89200033222F07A
:100E20000303B3F5803F2DD2184DACB1A00710D00D
:100E30005F210920FFF794FBFF2B4FEA420204D900
:100E4000FF339A42A8BF1A46E8E77C2AB8BF7C2243
:100E5000E4E729706C602B8122F00302282301272C
:100E6000120403FB01F06B680025120CEEB2B142D4
:100E700000D8F8BD14B126181F705E60104401350B
:100E80002833F3E74FF0FF30F3E700BF8006002080
:100E9000154A002170B553681578C8B2854203D849
:100EA000AB210920FFF75CFB1C461846013114F802
:100EB000286B0EB92346F0E70021997001241289AE
:100EC000996103F126055C709208D96103F11E0453
:100ED000596824F8022FA54243F8041F1144F8D1A1
:100EE00000234361037070BD800600204B782DE91C
:100EF000F04106460C4602F0040702F0FB05E3B1A0
:100F0000A5BBFF23A3707B0804EB57073A7D032A98
:100F100002D1022D18BF0133E2180121117503F12E
:100F20000C01002204EB830324F811205B68A270FB
:100F300030463360B280BDE8F081002DE1D101235D
:100F400001F11E028D6120464B7004F1260C1A4BF4
:100F5000CD611B8949689B0822F8023F944540F8FF
:100F6000041F1944F8D100236361CAE7D1F8048053
:100F700014220021A018617007F0ADF90E4B1B89F7
:100F8000B3F5FF7F0FD25A089B1A9BB208EB0301FF
:100F9000C4F804802384A1606284C4F80C80A38414
:100FA0002161E284ADE7B3F5EE6F4FF0FF02EBD9BC
:100FB00040F27263EAE700BF800600201F4B4FF04B
:100FC000FF3000211A6801235360C2F80803C2F8F9
:100FD0000015C2F804351A4A12685360C2F80803B3
:100FE000C2F8001540F6FE71164A1748C2F80815F7
:100FF000B0F90020002A0CDB510902F01F029340D7
:1010000001F12002114941F82230BFF34F8FBFF3A5
:101010006F8FB0F90030002B09DB5A09012103F072
:101020001F03994002F16003084A42F82310054B60
:1010300040F6FE72C3F80825704700BF600E00201E
:101040005C0E002000200850740E002000E100E03B
:10105000014B1876704700BF9006002010B50121A3
:101060000020FFF725FE044670B90121FFF7E4FDDB
:10107000044620B940F293313920FFF771FA034B4F
:1010800093F9061006F069FD204610BD30070020D8
:1010900008B506F0CCFA00F0EDFB00F08DFA06F092
:1010A000F0FB00F0C9FE00F0E5FC0022084B1B211C
:1010B0004FF4A4701A60074B98801A805980064834
:1010C000064B186099805A745A829A829A7508BDA4
:1010D000880000203007002003021B005C0B00206A
:1010E000044B41F64C52C3E902221B221A74FFF74B
:1010F000CFBF00BF5C0B002073B5234D0446AB6827
:101100000363224B836106F047FC064600F044FA75
:101110008306297C53BF1B236B88AA881A46A4F830
:101120005A301B4BA4F85C201B6884F83810668783
:101130001BB194F9701020889847164E204631460E
:1011400006F001FB01236A8804F110006978E38549
:101150000332AB88019192B216F8121C033300914E
:101160009BB204F11401FFF715FE236923B940F285
:10117000CC613920FFF7F4F9636913B940F2CD610E
:10118000F7E7002002B070BD5C0B002000093D00B5
:101190008C0000206E0B0020F7B504460D4606F0CB
:1011A0000FFD00286DD0204606F0E6FD38B1B5F8F9
:1011B0000130013B7F2B02D9122003B0F0BD204645
:1011C00006F0DEFD08B90C20F7E7204606F076FCB5
:1011D0000028F8D1204606F0B1FC06460028F2D1DE
:1011E000204601F011FB0028E6D042F21073B5F85A
:1011F0000170E97820465F4306F0AAFD204606F01C
:10120000B3FD014648B93A46204600F0E7FEB0B3C8
:1012100041F6A5413920FFF7A3F931460DF106004B
:10122000FFF7D2FC054608B90D20C6E7314606F0A7
:101230003EFABDF80630204629462B8006F0AAFD6E
:10124000204606F0A3FD88B9216A204606F0A0FDDD
:1012500001462846FFF750FF3A462946204600F04F
:10126000BDFE024620B141F6C841D3E70121F0E7B7
:10127000054B9B681BB105F58D71284698470020EA
:101280009BE7422099E700BF30070020034B5A88B4
:1012900002801B7883700020704700BF5C0B002029
:1012A000F7B5077805460C46EF2F0FD890F90120C7
:1012B0004378002A0ADB8278900707D113F01000E8
:1012C0001DD1990603F0030202D51AB1122442E09F
:1012D000032AFBD01E07F9D42979EA78EE7942EA8D
:1012E0000122697942EA0142A97941EA06212E7A6E
:1012F00041EA06418A42E9D81F2A0FD8E6E713F0EF
:10130000600FE3D103F00702052A05D003F00F01B7
:101310000D22CA40D107D9D51A07DDD56A7A013A1C
:10132000062AD3D8AA7A032AD0D813F0040102D10E
:10133000023A012A03D8EA7A012AC7D811B9AA7C4D
:10134000032AC3D82A7D48B1012ABFD12A7E012AA7
:10135000BCD830B91124204603B0F0BD022AF5D123
:10136000B4E7DB0712D46B782A7D03F01803082B4F
:1013700011D1022AEED101213846FFF799FC064629
:1013800078B106F09BFBB8B10C24E4E700F0D4F888
:101390000028E8D1DEE7022AEDD02B7F002BEAD02F
:1013A000D8E701213846FFF747FC064640B3154B06
:1013B00093F9061006F0D1FB304606F0D2FC294620
:1013C0002070E874304606F017FCEB7E0446002BD4
:1013D000C1D00028BFD10246316B6846FFF786FDB9
:1013E0002246306B012105F001FE316B6846042274
:1013F000FFF77CFD22462146306B05F0F7FDAAE79A
:101400000724A8E73007002030B502798BB00346E7
:10141000042A4FD84088B0F5804F4BD82649002485
:101420008D5C1144ADF800404A798DF8084042F0D7
:1014300010028DF8244042EA45028D7AC97B42EAC7
:10144000850242EAC102694602F01F028DF80020BF
:10145000BDF80020ADF809201A888DF80E00000AAA
:101460008DF80B20120A8DF80D408DF80C208DF8A8
:101470000F008DF810405A7BD3F807008DF811202B
:101480005A79059002A88DF812209A798DF81320C8
:10149000B3F80B209B7BADF818208DF81A307F2312
:1014A0008DF81B304FF00113CDE90734FFF7F8FE3C
:1014B0000BB030BD1220FBE7EC1E010002780346A2
:1014C00072B1427862B142881A2A09D982881A2AEE
:1014D00006D90068034A106000209B8893807047FB
:1014E000122070475C0B002002680020014B9A60BC
:1014F000704700BF5C0B002008B501F07DF900F0DB
:1015000059FE0248BDE8084001F060B93C070020E0
:1015100010B5064C064904F5027006F068F804F5AB
:1015200003700449BDE8104006F061B83C07002094
:101530009000002098000020014B93F802017047B2
:101540003C07002010B5074C00F07EFBD4F80802E1
:1015500006F045F8FFF7C4FD00F000FC012384F815
:10156000143210BD3C070020014B93F81402704761
:101570003C07002010B5074CD4F80C0206F02FF8F9
:10158000D4F8100206F02BF8FFF782FD002384F850
:10159000143210BD3C070020014BD3E90001704715
:1015A00050000020034B1868C0F30020400040F0BA
:1015B000010070475000002008B504F075FE0023BC
:1015C000074A32F82310814205D302EB8302937855
:1015D000044A137008BD01330C2BF2D10023F7E746
:1015E000001F010051090020054B9A8C824201BF67
:1015F000002283F822204FF6FF729A84704700BFC2
:101600005209002050B90A4A0120134603F8010B81
:101610000868C2F801008A889A807047012805D1BD
:10162000034B0A68D8719A608A889A81704700BF14
:101630007C09002050B90B4B187888B1D3F80120F1
:10164000B3F805300A6001208B807047012806D16D
:10165000044BD87920B19A689B890A60F3E700208F
:10166000704700BF7C09002010B9044B1878704700
:10167000012806BF014BD879002070477C09002063
:10168000F7B58A8800238DF80600ADF804200868B5
:101690000B4A8DF807300146147802F5A872019DB7
:1016A000D8B2844201D8082007E052F8087F0133FD
:1016B0005668AE4208BF8F42F2D103B0F0BD00BF02
:1016C00090090020084B0146002230B55C7803F2F7
:1016D0000113D0B2844201D8082004E013F8015F5E
:1016E00001328D42F5D130BD90090020F0B5254D75
:1016F00089B095F8984105F299116846224605F09F
:10170000E5F82146684605F0B1FF0446B8B300EBA2
:10171000400102A8C9B2FFF75DF8631E95F8A16108
:101720000124DBB295F8981105E0721CB2FBF1F0D0
:1017300001FB1022D6B206F120020DEB020010F8D8
:10174000202C002AF1D103EB430100F8204C06EBDA
:10175000460220312A44694411F8187C82F8A271AB
:1017600011F8177C11F8161C82F8A37182F8A411E5
:10177000013BAA19DBB282F89941FF2BD2D109B003
:10178000F0BD00BF9009002070B5064688B00C4639
:10179000002A4ED0294A92F8A131D01890F8991118
:1017A00019B9FF212820FEF7DBFE03EB43010133CB
:1017B000114491F8A251E57091F8A35191F8A41148
:1017C00025716171002180F8991192F89811B3FB8D
:1017D000F1F001FB103382F8A13192F8C23123B944
:1017E000174902F5DD7006F06EF865790D220021CB
:1017F000684605F03F0545F04005657106F06BFD54
:10180000E37804AA69468DF80F30304623798DF8C5
:101810000D508DF80E30042306F0C7FC9DF81F30E4
:1018200023709DF81E3063709DF81D30A37008B0C2
:1018300070BD03216018FEF7CDFFD6E790090020A8
:10184000ED160000044B5A78824286BF1B1893F8AD
:101850004A010020704700BF90090020044B5A78CD
:10186000824286BF1B1893F842010020704700BFD8
:1018700090090020064B00224FF461711A8083F812
:10188000C32183F8C421A3F8C61183F8C22170478D
:1018900090090020014BB3F8C60170479009002061
:1018A0000A4B30B55C7884420ED9184490F8020196
:1018B0002B3003EBC004A5790D7053F83000106095
:1018C0000120A388938030BD0020FCE79009002010
:1018D0000246074810B590F8C34124B1417821B1C0
:1018E000023001F029F9204610BD0C46FBE700BF8D
:1018F000900900202DE9F74F2F4C9A4680468946E3
:101900006378834256D9231893F8425185F0010534
:10191000F9B193F84A31E3B945F002070135BAF15C
:10192000000F18D1FA070AD5062104EB0810524619
:1019300001FB0841823001F58571FFF725FFBB07E8
:1019400034D504EB0810524649460230FFF71CFF1D
:101950002CE02F46E3E794F8A1614FF0010B002D36
:10196000E0D0A31993F89911019399B90092DAB1D3
:1019700000F0C4F9019B06EB4601009A4FEA102CD7
:1019800083F899B1214481F8A201000C81F8A3C128
:1019900081F8A401013694F89831013DB6FBF3F1CA
:1019A00003FB1166F6B2DAE747F00407384603B0E6
:1019B000BDE8F08F0027F9E790090020074B5A781F
:1019C000824209D91A1892F842212AB9062202FB4A
:1019D000003000F5857070470020704790090020A6
:1019E000064B5A78824281BF1B1893F83A01B0FA2D
:1019F00080F0400998BF0020704700BF9009002088
:101A000030B5002442F21075A0F84040B0F84440D0
:101A10004C43B4FBF2F4A0F84440541E05FB0343CE
:101A2000B3FBF2F3A0F84230084BB3FBF2F30133FF
:101A3000A0F84830838F05FB0344436B5943B4FB44
:101A4000F2F4B1FBF2F18463416330BD005A6202EB
:101A5000074B93F900301844142804DC10F17F0F71
:101A600003DB40B27047142070476FF07E00704770
:101A7000580B0020024B00221A705A70704700BFAA
:101A8000580B002083230B70014B1B78CB707047E1
:101A9000740B00202DE9F34782468946052700266E
:101AA000DFF84881D9F8103053B11B7A1BB9802177
:101AB0001020FEF755FDD9F81040B4B9002071E0B0
:101AC000D9F80440237A012BF8D0EFF3108372B6D3
:101AD000D9F804201268C9F8042003B962B6C9F81D
:101AE0001040237A0BB9A621E2E7257AEDB22772DE
:101AF0006B1E0B2B6AD8DFE803F066061C346369A3
:101B00003D6969696958636813B94FF4D771CFE7C4
:101B10002046514698470420EFF3108272B6237A8C
:101B2000052BD9B25CD12672C9F81060B2B962B681
:101B300014E0636813B940F2B711B9E75146204683
:101B400098470346ADF80400C0B2C3F30723012B46
:101B50003FD0022BE0D10023C9F810300028A1D0DB
:101B600020E0636813B940F2BF11A1E7204698470F
:101B70000020D1E763680BB9B52199E70B22002457
:101B80008AF800200122198818698AF80220AAF828
:101B900003108AF805208AF8064005F070F9042041
:101BA000C9F8104002B0BDE8F087D8F800305146BF
:101BB00020469847034660B10220C9F81060F1E75B
:101BC0004FF4FB7174E740F2F91171E74FF4FE71C5
:101BD0006EE725720028E5D1002B7FF463AF6DE737
:101BE00011B940F21D2163E700209FE7A400002007
:101BF00038B5134C14220021201D06F06CFB012582
:101C0000257404F108031422002104F11800C4E92A
:101C1000013306F060FB84F8245004F11C03094AE8
:101C2000C4E906330023E362236384F83430C4F844
:101C30003530C4F8393084F83D30136038BD00BF0A
:101C4000740B0020A000002010B5084C2378FF2B57
:101C500004D04FF4A0711020FEF782FC04F06AFD5E
:101C60002070BDE81040FFF7C3BF00BF5D0000203B
:101C700010B5034C207804F077FDFF23237010BDCE
:101C80005D000020014B187804F07EBD5D0000204F
:101C900010B506490446FFF7FDFE28B92046044961
:101CA000BDE81040FFF7F6BE10BD00BF8C0B002052
:101CB000780B0020134610B5027A22B140F2992128
:101CC0001020FEF74DFC0A4601460248BDE81040D0
:101CD00005F0D9BD780B00200346064890F83E2059
:101CE0003AB190F83D2022B9034900F8353B05F0A0
:101CF000E7BD7047740B0020851A0000094AD2E93D
:101D00000003434083EAB01181EA43214FEAF343E1
:101D100011605360044B58434FEAF06000EB8000C1
:101D2000704700BFB40B0020BB79379E094AD2E947
:101D30000003434083EAB01181EA43214FEAF343B1
:101D400011605360044B58434FEAF06000EB800091
:101D5000704700BF60000020BB79379E10B50A4C69
:101D600008210948FEF736FDD4E900321343F7D0C5
:101D7000064CFFF7DBFF2060FFF7D8FF23686060A9
:101D80001843F6D010BD00BF60000020B40B002047
:101D9000F0B51F4D00242B7814709BB1013B6D688A
:101DA000DBB21E1B012E0FDC05EBC40655F83470A8
:101DB00076688E4208BF874227D0B84271EB06068C
:101DC00012D214700020F0BD1E197710C6F347061A
:101DD00055F837C005EBC70E8445DEF804708F4117
:101DE0002CBF33463446DCE705EBC30455F83350CB
:101DF00064688C4208BF854206D0A84271EB040497
:101E000028BF01331370DDE71C4601201470DAE7A8
:101E1000DC0B002010F0070208B503D06321482036
:101E2000FEF79EFB18B1034B197258601A70C80078
:101E300008BD00BFDC0B0020014B00221A70704768
:101E4000DC0B0020F7B5044618B9E2213020FEF77C
:101E500087FB072900F2BC80DFE801F004844646D6
:101E600041BA33B703F0DCF9C4E94001204600F081
:101E7000F3FDD4F8F400A43803F028FA10B940F2C6
:101E80007B21E3E7204605F077FF0546F8B90146D8
:101E9000204605F09AFE00F1AE06D4F8F400B042F8
:101EA00009D2301A0321192838BF192003F029F963
:101EB000051E18BF0125C4F8F460204605F076FF22
:101EC0003DB1204603B0BDE8F04005F070BF0025ED
:101ED000F3E7D4E94023C4E93A2303B0F0BD03B0EB
:101EE000BDE8F04001F02CBC05F07AFE0023074667
:101EF0000E4684F8F93002F0F7FF0722A7FB0235FF
:101F000002FB0655D4F8EC200192D4F8E8209B1887
:101F1000019A45EB0205D4F8CC2032B157EA06020B
:101F200003D0984271EB050216D2022284F8F82001
:101F3000D4F80821D4F80CC1121A6CEB010C94F8F7
:101F400018E1BEF1000F09D1012A7CF1000E11DA6F
:101F5000204600F089FD05E00122E7E7012A7CF137
:101F6000000CF5DB94F8C80002F0D6FF002384F8DB
:101F70001031B2E7984271EB050E0ED23E430CD001
:101F80001B1A65EB01019A427CEB010005DB012B7A
:101F900071F10000A4BF1A468C460F49012394F842
:101FA000C800914284F811314FF0000384F8F030FA
:101FB00073EB0C03B8BF0A4604F1F00103F0A6F975
:101FC00000288AD140F2EF6140E74FF480713DE78D
:101FD0004FF482713AE700BF0040420F2DE9F04113
:101FE00004460E46154690F8103103F0FF071BB16A
:101FF0000C273846BDE8F0810146474802F09CFFB7
:1020000020288046F4D05722394604F1C90006F052
:1020100062F984F8C880C4F8CC60FF2384F81031DA
:1020200036B1FFF783FE00F00700013086F8CC01DF
:1020300002234FF00008A4F8F83084F8F08004F090
:102040003DF900F14906204605F096FE0146B6B27C
:10205000002839D005F0E9FA00F5CD61284689B2AB
:1020600004F0D6F82844AE3DC4F8F40002F03CFF7A
:102070003018A4F8268041F10001C4E94001012094
:1020800084F8D00005F02FFF2D1AC4F8D4504FF07B
:10209000FF356FF0004194F8C800D4E94023C4E94B
:1020A0004251002504F1F001C4E93823C4E93A2380
:1020B00084F8115142F2107203F028F938BB40F253
:1020C000EB113020FEF74CFA2046DFF8508005F087
:1020D0007CFDAE30C4F8F400B8F8000048B1E08CE4
:1020E00038B1FFF723FEB8F80030B0FBF3F202FB83
:1020F0001300064402F0F8FE361841F10001C4E96D
:102100004061002DC3D0AD1941F10001C3E729465C
:10211000204605F04EFE6CE7451E0000080C00202E
:10212000F0B5002385B0CDE9003301238DF80630EA
:102130006846FEF7F7FD70B11D4E01230027B3700E
:10214000CDE9027702A8FEF7EDFD0546C8B10023F0
:10215000B37005B0F0BD009805F0E7FBE8E790F834
:10216000F70102F099FF94F8F70103F03FF894F8B3
:10217000F70184F8DC5102F0CFFE202384F8F73118
:10218000DEE7029B002BDDD093F8F721202AD9D07F
:1021900018884FF6FF739842D9D02946FEF788FD7C
:1021A00004460028DBD140F237113020FEF7D8F981
:1021B000080C0020044B0022DA709A7042F2107270
:1021C0001A80FFF7ADBF00BF080C0020014BD8708C
:1021D000704700BF080C0020014B1880704700BFFB
:1021E000080C00200346074A1068D3F85120C0F8B5
:1021F0000320B3F85520A0F8072093F8501005F0FD
:10220000C5BA00BF100C002070B504460E46134638
:10221000407F6588324615F0040118BF04F15F0164
:10222000FFF768FB4107054621D4C2070BD5012300
:10223000607F84F85030FFF7C1FB0368C4F8513069
:102240008388A4F85530AB0701D4012070BD094B39
:1022500001211868D4F85F3084F85E10C0F80930A6
:10226000B4F86330A0F80D3005F099FAEDE70020DE
:10227000ECE700BF100C002038B5C38D04460F4DAD
:102280000133C3F30E03C385AB7C2BB101F03EFADF
:1022900000F0B0FC0023AB7400232B7194F8713074
:1022A0002BB101212046BDE8384005F085BB637C99
:1022B00013B1E28D9A42F4D20021F3E7100C002012
:1022C00010B5094C2379012B02D02379022B05D1BB
:1022D000A37C1BB101F01AFA00F08CFCE069BDE8A8
:1022E0001040FFF7C9BF00BF100C002070B5294C8B
:1022F0002379012B07D02379022B04D040F65C41CF
:102300002D20FEF72DF9A0B90125A37C1BB101F00A
:10231000FDF900F06FFC002D3AD0E06905F02AFBD2
:10232000002830D001F0F0F8236ABDE870409B68C7
:1023300018472168E26911F8095B02F1510392F82C
:102340005020E80905F074F90028DDD0002120684C
:1023500005F04AFA0028D7D02379E069012B05D08F
:102360002379022B02D040F63541C9E7237905F0E5
:102370000F01226A03F180435269013B52F8233076
:1023800098470546C1E7E069BDE87040FFF774BFB4
:1023900070BD00BF100C00200346074AD06903B986
:1023A00009B9FFF769BF1379126A03F18043126913
:1023B000033B52F823301847100C002003292DE965
:1023C000F043054685B0174607D14388980723D4C4
:1023D0000024204605B0BDE8F083428890F87030B4
:1023E000D107DBB2F4D5002BF2D14FF00108DFF8B2
:1023F000D49099F81260C6B105F04FF908283870EA
:1024000016D002AA0DF10701FFF74AFA38B940F6D3
:10241000D4612D20FEF7A4F84FF00208E7E702A9E7
:102420009DF8070005F06CFA06463B78082B08D1AA
:10243000D9F8001011F8030BC0F3801005F060FA12
:102440000646D9F8001005F1580395F8572011F801
:10245000030BC0F3801005F0EBF8D9F80010044628
:1024600011F8030BC0F3801005F00DF98146FFF75A
:10247000B7FA40B1B9F1080F1BD04846FFF7E2F9AF
:1024800080F00103D8B23A78082A14D01CB96C7FC6
:10249000A21A544254416A8853079AD4002897D10B
:1024A00076B9EC7C444518BF002C0CBF01240024F5
:1024B0008FE70020E7E780F001022240D4B2EAE78C
:1024C000344686E7100C0020032973B5044604D077
:1024D000052956D0012002B070BD08230DF1070276
:1024E0008DF80730FFF76AFF0028F3D0237C294DD1
:1024F00003B39DF8070094F8BE30DBB923780828B1
:1025000004F1C10284F8BF302CD004F1C001FFF700
:10251000C7F920B940F64A712D20FEF721F894F84A
:10252000C03043F0020384F8C0301B4904F1B60008
:1025300005F0C6F92B680622042620465A701E7044
:10254000FFF750FEE16B94F84020286805F03DF954
:1025500028682E7101F090F80021286805F00EFD22
:102560000020B8E72868034613F8031BC1F3801165
:1025700084F8C010D0F80310C4F8C1109B88938071
:10258000D3E7064B1B68002BEAD0984780F0010088
:10259000C0B2A0E7100C0020C97A0000A8000020FB
:1025A000F8B504460F4619B300F12805284605F092
:1025B00077FCA0B963881A072ED5284605F085FC5C
:1025C0000646284605F06CFC301AC0B205F08BFCBC
:1025D000494A936803442846936005F040FC284626
:1025E00005F042FC00F0E2FE2179252000F040FEDB
:1025F000414E002394F85E20306803704370638876
:10260000103B0D2B68D8DFE803F063675F0C67446D
:1026100067676767676767442046BDE8F840FFF76C
:102620002BBE06234370202303702046FFF7DAFDFC
:10263000638823F008039BB2152B05D094F838204B
:10264000616B306805F0B2F8306801F015F80021D0
:10265000306805F093FC032321790020337100F0EA
:10266000CFFE054607B9F06063881B0704D505F067
:1026700037FC0544C4F8D8506388103B0D2B36D87E
:10268000DFE803F038352F2F352F35353535353523
:10269000352F0C2321214370034603F8091B52B147
:1026A000D4F85F200121C0F80920B4F863209A8093
:1026B00005F075F8B9E7A26DC0F80920B4F85C2000
:1026C0009A8094F85710F3E7062303704370ACE741
:1026D000022303700623F9E740F236612D20FDF74F
:1026E0003FFF21790120BDE8F84001F01DB840F618
:1026F000CF41F3E7F8BD00BF100C002038B5438888
:102700000446102B04D10121BDE83840FFF748BF33
:102710000B4DAB7C23B100F041FA402000F0EAFF02
:10272000286800F0A9FF608810F0040002D1217928
:1027300000F0FAFF002000F0BBFF01232B7138BD31
:10274000100C0020024B0121D869FFF729BF00BF00
:10275000100C002010B5134CA37C1BB100F0D6FF69
:1027600000F048FAE06905F005F970B12379012B12
:1027700010D12379226A03F18043E069D268013BDA
:10278000BDE8104052F823301847E069BDE810401A
:10279000FFF772BD2379022BEBD040F65E312D207E
:1027A000FDF7DEFE100C0020074810B5037903F09A
:1027B000FF0433B918222146043005F08CFD204671
:1027C00010BD0C24FBE700BF100C002010B5002347
:1027D000084C23712060FFF7E7FF20B140F2EF21A2
:1027E0002D20FDF7BDFE236A13B940F2F221F7E771
:1027F00010BD00BF100C0020014B024A1A62704746
:10280000100C0020AC2A0000F8B5057D0446AF1E70
:10281000FFB2002D3AD0012F2DD800F1580190F8C9
:10282000570004F030FF0828064624D0FFF716F8BA
:1028300010BB023D18BF0125012F84F85050667768
:102840008CBF002701272777FFF724F8054602F001
:102850004BFB0022164B84F85E20E5FB0301C4E924
:10286000120111462046FFF7CFFC70B940F27A41C1
:102870002D20FDF775FE0826022D09D104F1510126
:102880000020FEF7D7FE80B90020F8BD0826F5E746
:10289000E37E002BF8D0D4F815300125C4F8513070
:1028A000B4F81930A4F85530C6E70025C4E700BFD6
:1028B00040420F00F0B5464E85B00446327902F032
:1028C000FF0312B90278FF2A04D140F6B9112D2076
:1028D000FDF746FE3382B3607371B37180F87130D7
:1028E0003C4B684604F1280500933B4B01933B4B5E
:1028F0000293336A5B68039300F0B6FE00F0EAFCD3
:1029000000F004FF00F076F9354800F045FD354849
:1029100000F0A4FE284605F0A2FA284605F0A4FA25
:1029200000F044FD2179252000F0A2FC94F912006A
:1029300000F02CFD04F13401206B04F075FB074618
:1029400004F13C01206B04F096FB0546E7B194F8D6
:102950002430CBB1B4F92E50ED43ED0F237F13B9E2
:1029600063885B0709D56FF00043D4E912129A42DD
:1029700008BFB1F1FF3F0ED1A5B930680330FEF7B3
:10298000A7FFB07405B0F0BD002DE7D094F8255036
:10299000002DDFD1E2E702F0A7FAD4E9122390423A
:1029A0009941E9D3012229462046FFF72DFC50B179
:1029B000FEF770FF054602F097FA0B4BE5FB0301AB
:1029C000C4E91201D9E7002DD7D040F6F6117EE711
:1029D000100C002055270000ED2200009923000074
:1029E000D6BE898E5555550040420F0073B504463A
:1029F000FFF760FF00212046FFF7D2FDA36E0BB169
:102A000001221A606388DB0720D50023104E256A57
:102A1000CDE90033FF23F3746846FEF783F9A8B9C4
:102A2000009CA542F8D005F10A036A7A04F10A0174
:102A3000607A04F0FDFD0028EED0A378F374D4F89A
:102A40000300044B7061B4F807209A8002B070BD97
:102A5000100C0020240C0020024BD8611B6A1B685C
:102A6000184700BF100C002043881B0710B5044610
:102A70000ED5036A3C220849723042721B8843819A
:102A8000FF2380F827304FF6FF73038504F018FF0B
:102A9000FF2384F8713010BDE17A0000337B000021
:102AA000FD260000397B0000C9240000ED2900004C
:102AB000C1220000452700009C2A0000A02A000037
:102AC000A82A00000138022808B503D9C3212F2005
:102AD000FDF746FD13290A4B05D811290CD81029FA
:102AE00007D0D121F3E71529FBD103EB4003D888A8
:102AF00001E033F8100008BD03EB40039889FAE7C2
:102B0000D21F0100064B1B68D3F8000138B1D3F87F
:102B1000040120B1D3F80801B0FA80F040097047F1
:102B20005C0E0020034B00221A705A7010229A701B
:102B3000704700BF500C0020F8B50646022014462E
:102B40000D4600F01FF9114B114A0127191D5C6059
:102B50009A6002F1807203342D011F70DC601D83C6
:102B6000C3E904260022243303F80A2C0D2203F8BB
:102B7000092C084A1268C2F830150749C2F80875CE
:102B8000C2F8383503C983E80300F8BD500C0020B3
:102B90000300000B5C0E0020F01F010008B50220AE
:102BA00000F0F0F80D4B01221A7000220C4B1B684C
:102BB000C3F80021C3F80421C3F80821094AC3F867
:102BC0008020094BC3F88C20084B1B68C3F88C216C
:102BD0000822074BC3F8042508BD00BF500C002095
:102BE0005C0E00200300008000300850680E0020BA
:102BF00000200450154A08B51378FBB1144B19682E
:102C00000023C1F880301349C1F88C30124909689B
:102C1000C1F88C310821114BC3F80815FFF772FF7A
:102C200088B101235370938EFF2B03D9BA213B2027
:102C3000FDF796FCDBB29370002313700020BDE813
:102C4000084000F09FB810235070F4E7500C0020AB
:102C50005C0E002000300850680E00200020045058
:102C60000A4B1A786AB10A4B1B68D3F8002152B19B
:102C7000D3F8040140B1D3F80801B0FA80F040095C
:102C80007047587870470220704700BF500C0020F2
:102C90005C0E0020064A08B513782BB1FFF732FF0F
:102CA00020B192F8340008BD9078FCE71020FAE7D4
:102CB000500C00200A4B02211A680023C2F8803011
:102CC000084AC2F88430084A1268C2F88431074AB8
:102CD000C2F8081502F58022C2F80835704700BF17
:102CE000600E002000300850680E002000200450C4
:102CF000024B00221A809A70704700BF880C002097
:102D0000054808B503781BB1FFF7D4FF0023037013
:102D100000234370837008BD880C002038B50A4D2D
:102D200000242B68D3F80025032A04BF01225A602F
:102D3000064A1268C2F80045C3F80045FFF7E0FFF5
:102D40002B68C3F8804038BD5C0E0020600E002068
:102D50000A4BB3F90030002B0DDB5A09012103F0B7
:102D60001F03994002F12003054A42F82310BFF3E4
:102D70004F8FBFF36F8FFFF7D1BF00BF740E0020DE
:102D800000E100E010B50446FFF7C8FF012C06D0B3
:102D9000022C0AD044B18C213D20FDF7E1FB084B09
:102DA00002221B68C3F8002510BD064B03221B68D6
:102DB000C3F8002502F10042C3F88020F4E700BF09
:102DC000600E00205C0E0020024BD3F8A00300F040
:102DD0000100704700C0FF00084BD3F8A423D3F8CC
:102DE000A833511C9BB203D14FF6FF718B4203D025
:102DF00002608380012070470020704700C0FF0000
:102E00000B4B30B5D3F89053D3F89443D3F89813C1
:102E1000D3F89C2305EA04030B401340013317BF8A
:102E200005600020446081601CBFC260012030BD8D
:102E300000C0FF000B4B30B5D3F88053D3F8844368
:102E4000D3F88813D3F88C2305EA04030B4013400E
:102E5000013317BF05600020446081601CBFC26061
:102E6000012030BD00C0FF00064B0022C3F8002245
:102E7000C3F81822C3F82022C3F80C22C3F8142286
:102E8000704700BF00A00850024B00221A809A70C1
:102E90001A717047F80C002038B5144D03460846E7
:102EA00095F83D2022B940F6B2113E20FDF758FBBF
:102EB0006BB9012AAC6B95F83C1005D100F0D4FD3C
:102EC00020442B6BC01A38BD05F05EF8F8E7012BE3
:102ED0000AD1012AAC6B95F83C1002D100F0B6FD86
:102EE000EEE705F05CF8EBE70020EAE7F80C0020DD
:102EF00008B50128084B83F82400084B06D00228A7
:102F000008D040F6DC613E20FDF72AFB0322C3F81F
:102F1000002508BD0422FAE7F80C002000A00850A4
:102F200008B5144B93F84A30D90720D59A070ED527
:102F3000114BD3F8002442F00102C3F80024D3F867
:102F4000200500F0F600023818BF012008BD5B071D
:102F50000DD5094B094AC3F80821A3F5A043D3F8BE
:102F6000403123B140F28A713E20FDF7F9FA012089
:102F7000ECE700BFF80C002000A008500B00008018
:102F800008B570B9104B28311846D9600F4900F0C8
:102F900013FE0130012816D940F66D013E20FDF7E1
:102FA000DFFA01280CD1084B29311846D9600749AE
:102FB00000F008FE0130012805D940F67701EDE761
:102FC00040F67B01EAE708BD6C00002020200100EC
:102FD00008B50C4B9B78012B09D100F0F9FD0130AD
:102FE00001280ED940F604213E20FDF7B9FA022B44
:102FF00007D100F0F3FD0130012802D940F60A2183
:10300000F2E708BDF80C00200A4B40F409000A4A18
:103010001B8D40F04000B3F5166F36BFA3F6381392
:10302000A3F5166343F48073C2F80837C2F840056D
:10303000704700BFF80C002000A0085037B50C46C0
:103040000546FFF755FF20462146FFF7DDFF104AF2
:1030500001AB284692F9252000F048FD9DF80500B7
:1030600000F0C2FD20B140F255713E20FDF778FA24
:103070009DF9040000F086FC064B40F20312C3F8F1
:10308000442E40F25B62C3F8482E03B030BD00BF4F
:10309000F80C002000A008502DE9F8430C46174614
:1030A0008046434D00283FD10123AB702B78012B84
:1030B00023D1404B33F812304FF47A7203F5FA7390
:1030C000B3FBF2F3CC1A2B6B3B4E1C443B4BC6F8C4
:1030D0004045C6F8C0312B78002B57D195F84A30BF
:1030E00043F0020385F84A30FFF71AFF054600282F
:1030F00053D100252846BDE8F883104695F82610E0
:10310000FFF79CFF2E4B4FF47A7253F8273003F5EC
:10311000FA73B3FBF2F3E41A2B78002BD3D1294BCB
:10312000264AC3F80021CEE701282AD10223254EE2
:10313000AB702B78012B06D1D6F8003443F0100386
:10314000C6F80034BFE795F826901046FFF7D0FE8A
:10315000293C4846FFF758FFD6F8003443F01003E7
:10316000C6F8003440F20313C6F8443E40F25B63F5
:10317000C6F8483E2B78002BA5D1104BC6F8043179
:10318000A1E74FF413613E20FDF7EAF9012BABD123
:1031900095F84A3043F00403A4E70123F364D6F81A
:1031A0004C35A342A5DA21464046FFF7E9FEA1E7E8
:1031B000F80C0020A0200100005008500B000080F7
:1031C0009420010000A0085008B5602200210348A7
:1031D00005F081F8BDE80840FFF756BEF80C002066
:1031E000024B0344187D00F5166070472020010053
:1031F0000A4B93F83C20D3E90C30C01A084B03EB80
:103200008203DB6BC01A074B53F822304FF47A72FB
:1032100003F2F313B3FBF2F3C01A7047F80C00206B
:1032200020200100882001000F4A08B592F83C10C8
:10323000012906D0022914D040F2C6213E20FDF714
:103240008FF940F61C40D2E90C239B1A074A02EB87
:103250008102D26B9B1A4FF47A72B0FBF2F01844E1
:1032600008BD4FF4AF60EEE7F80C0020202001000D
:10327000FF2808B504D940F2E5213E20FDF770F99A
:10328000124B0129A3F8480004D0022919D040F2BA
:103290004131F2E7002343F4801340F000700C4A00
:1032A00043F4847340F44030C2F8203EC2F8280E44
:1032B000D2F8203503F0F703032B05D14FF45671F4
:1032C000DBE74FF08073E6E708BD00BFF80C002095
:1032D00000A00850F8B5244E4FF48067C6F89070EF
:1032E000BFF34F8FBFF36F8F204C0121204DC4F8E7
:1032F000A410FFF7B9FD0323C4F8401E85F824107D
:10330000C4F800354FF40023C4F80034194B187C7E
:1033100000F07CFC03F0B0FA174B184AC4F83833BD
:10332000174BC3F8C820013AC3F8C42040F6FE7218
:10333000144BC4F81433144BC3F804250023AB8793
:10334000AB6385F84A3001F0CCFF4FF480732863FB
:10335000C6F89071C4F888342B6E376103B1984772
:10336000BDE8F84000F01CBC00E100E000A00850FF
:10337000F80C00206C000020030000800600008094
:10338000005008500100008000200850014B83F8D5
:1033900025007047F80C0020020E034B0002C3F812
:1033A000342EC3F82C0E704700A00850044B054A79
:1033B000034482F826001B7D03F5166313857047CE
:1033C00020200100F80C002010B504460068FFF72B
:1033D000E3FF094B6268C3F84C2E207AFFF7E6FF43
:1033E000617A6089FFF744FF607AFFF781FD227BF5
:1033F000024B83F8252010BD00A00850F80C0020D7
:103400002DE9F041324C06460F4694F84A30DA076F
:1034100004D440F6BE013E20FDF7A2F82D4D43F046
:103420000203D5F8002442F00102C5F8002484F814
:103430004A3028BB012394F826103846A370FFF7C2
:10344000FDFDA378012B02D040F6CA01E3E7224A32
:10345000D3642B60204B3046D3F84C552946FFF7F8
:103460008FFD236BED1A7EBB1C4B4FF47A7253F821
:10347000273003F5FA73B3FBF2F35819BDE8F08176
:103480000128E7D1022394F826800846A370FFF7AD
:103490002FFD4046FFF7B8FDD5F8003443F0100388
:1034A000C5F8003440F20313C5F8443E40F25B63B4
:1034B000C5F8483EA378022B02D040F6D201AAE715
:1034C000054BDE646E60C5E705F12900D6E700BF55
:1034D000F80C002000A00850005008509420010073
:1034E00008B5FFF7D9FD58B9064B0122C3F84005CE
:1034F00003F5A04302201A61BDE80840FEF7ECBBCB
:1035000008BD00BF0050085013B5264B4FF4806132
:10351000254A4FF0FF30D3F88844C3F89004C2F82E
:1035200090114FF40022214904F48074C3F8002460
:10353000002281F84A201E49C1F84025C3F808211D
:10354000C3F80021C3F80421D3F82015C9B2D1B1C2
:103550008DF80700C3F8202201221A619DF8072088
:1035600012B1D3F820223AB19DF807305BB940F68A
:10357000F2113E20FCF7F4FF9DF80720013AD2B289
:103580008DF80720EAE7FFF723FD06490023C1F87D
:103590002032FFF779FC1CB14FF48073C1F88834F6
:1035A00002B010BD00A0085000E100E0F80C0020BF
:1035B0000050085070B50024234D244EC5F84845EE
:1035C000C5F84445C5F84045C5F84C45FFF79CFF94
:1035D00000F0ECFAC5F8C441C6F80841C6F800414D
:1035E000C6F80441C5F8C840C5F8C44003F05CF90A
:1035F000174B40F6FE72C6F83843C6F81443C5F8B8
:10360000C041C3F808254FF48062124B1C77C3E910
:103610000D44114BC5F84845C5F84445C5F840452B
:10362000C5F84C45C5F84841C5F84441C5F8404186
:10363000C5F84C41C3F89020BFF34F8FBFF36F8F95
:10364000C3F8902170BD00BF0050085000A0085082
:1036500000200850F80C002000E100E0014BC3F806
:103660004C0E704700A0085010B50FC8014C84E8FC
:103670000F0010BD5C0D002008B50B4BC3F8D00E39
:103680000A4B93F84A20586442F0010283F84A201A
:10369000FFF746FC30B9FFF737FF0320BDE80840CD
:1036A000FEF71ABB08BD00BF00A00850F80C0020B0
:1036B00010B50E4C0346022294F83D0022770128F3
:1036C00094F83C1094F824204FF096000BD100F0B1
:1036D000D7F9074A00232062C2F84431A36B0344A0
:1036E000C2F8443510BD00F0E5F9F2E7F80C00200F
:1036F00000500850044BC3F8940ED3F8002442F055
:103700004002C3F80024704700A00850054BD3F8CE
:10371000002422F04002C3F800240022C3F8942EB3
:10372000704700BF00A008500022044B90421A705E
:10373000D97014BF022201225A707047F80C002081
:103740002DE9F0470123824C824DB4F84870EB64B8
:10375000D5F84C25236BA2EB030801F0C5FBC4F898
:103760005880C4E91401FFF733FC7B4A0023C2F8F8
:103770000831C2F80031C2F80431D2F8001421F047
:103780001D01C2F8001484F84A30237F23B1D5F814
:103790004431003B18BF0123A17801290AD1D2F896
:1037A0001852002D43D16C4BD3F82032ABB145F009
:1037B000100512E0022938D1674AD2F81852D2F81F
:1037C0000C2E003D18BF0125D6074FEA450558BF0E
:1037D00045F004052BB345F00105FFF745FBE8066E
:1037E000A37803D5012B08BF45F02005594A94F86A
:1037F0000190D2F84815A163D2F8442584F83D30F1
:1038000094F82430626384F83C30B9F1000F10D191
:10381000FFF73AFB84F81C90E9077DD5636E984763
:1038200044E015F00B0FD8D1BDE70025BBE7082514
:10383000D3E715F0110F0ED1B9F1010A23792678DB
:1038400018BF4FF0010A012B43D0022B56D02BB1E9
:103850004FF4446145E0FFF757FEDDE796215046FF
:10386000FFF71AFB0146FFF70FFB012E50D1B9F10C
:10387000010F14BF272333239844884543D90220DE
:10388000FEF72AFA344B30461E61AA0746D5636C10
:1038900001465B78BB42A36E88BF45F00405C5F3C3
:1038A000800585F0010505F001009847A378022BFB
:1038B0000DD1237F5BB1022B264A3DD1A36B216A38
:1038C0000B44C2F84435234B244AC3F8C421BDE855
:1038D000F0872348FFF778FD94F83D3023B940F690
:1038E000B5013E20FCF73CFE012B04D1FFF79CFC08
:1038F000A369C118B7E7FFF77BFCF9E71848FFF7A2
:1039000063FDA169AFE7134B00222670C3F8402185
:10391000E2785046FFF7E4FD0020B6E715F0280FE7
:1039200005F0200104D0B1FA81F1E36E4909BCE74A
:10393000EB06BBD5236F72E7012B02D040F69F51F7
:10394000CFE7236AA16B8B42BBD84FF45A61C8E71B
:10395000F80C00200050085000A00850090000801A
:10396000000D0020024B03EB8003D86B704700BFB3
:1039700020200100024B03EB8003986C704700BFCE
:10398000202001002E3008B5362854D8DFE800F09A
:103990005053535353534D53535353535353535300
:1039A00053534B53535353535853585349534753FB
:1039B00045534353413F3D3B39373533312F2D2B51
:1039C00029272523215A1C003F231F4AC2F81037FC
:1039D00008BD3323F9E72D23F7E72823F5E7232351
:1039E000F3E71F23F1E71B23EFE71823EDE7152388
:1039F000EBE71323E9E71123E7E70F23E5E70D23BF
:103A0000E3E70B23E1E70A23DFE70923DDE70823E8
:103A1000DBE70723D9E70623D7E70523D5E7042308
:103A2000D3E70323D1E70123CFE74FF49873CCE723
:103A30004FF48873C9E74FF486713F20FCF790FD7F
:103A40000223C2E73923C0E700A00850054B4FF41A
:103A50007A72023833F8113003F2E733B3FBF2F332
:103A60001844704780200100044B4FF47A7233F8F9
:103A70001130B3FBF2F3013318447047802001008A
:103A800038B51D460A4B33F8114003EB8203053568
:103A90009B681C444FF47A7304F6B73403FB00446C
:103AA0001046B4FBF3F42544FFF75CFF284438BD0F
:103AB0008020010070B5064608461546FFF75AFFFC
:103AC000094B03EB85039C684FF47A7304F6B73413
:103AD00003FB0644241A2846B4FBF3F4FFF742FF25
:103AE0000530204470BD00BF802001002DE9F04F5B
:103AF000264C87B0074698460D46164601F0BAFE9A
:103B000023788146BB4211D16378AB420ED194F940
:103B10000230B3420AD1E378834207D1A388A8F8E0
:103B2000003094F9060007B0BDE8F08F7B1EDBB2D1
:103B3000032B0DD8164A294612F803A00DF11703DE
:103B40003246504601F09CFE38B14121A92002E0E6
:103B500040F2FE410620FCF703FD039028469DF944
:103B600017B0FFF73DFB039A0346414658460092C3
:103B7000524600F03FF8B8F80030A071A3802770DB
:103B80006570A67084F80390CBE700BF800000202A
:103B9000A6200100014B1B681B681847AC000020E1
:103BA000014B1B685B681847AC000020014B1B6889
:103BB0009B681847AC000020014B1B681B69184725
:103BC000AC000020014B1B685B691847AC0000206B
:103BD000014B1B689B691847AC000020014B1B6818
:103BE000DB691847AC000020014B1B689B6A184733
:103BF000AC00002030B4044C9DF8085024680295B5
:103C0000E468A44630BC6047AC00002000220D49A7
:103C1000134610B540FA02F4E40744BFCA545C1CD2
:103C200002F1010248BFE3B2042AF3D1054AFF249E
:103C3000D118032B01D9107110BD013301F8014BCC
:103C4000DBB2F6E7C014002008B5074801F05AF8C7
:103C5000054800F03FF801F009FD01F003FC00F019
:103C6000A7FB012008BD00BFBC0E002008B501F075
:103C700025F801F0D1FC01F019FCBDE8084000F086
:103C8000B3BB01F035BD01F06FB810B5EFF3108490
:103C900072B601F069F804B962B610BD01F076B8E9
:103CA00001F08EBD01F044BD01F054BD01F054BDE2
:103CB00001F058BD01F07ABD08B5054B1A781AB16C
:103CC0002721032002F0B8FB5860197008BD00BF1F
:103CD000C40E0020024B986000221A705A60704790
:103CE000C40E0020F7B51E4C2378012BDAB204D0A5
:103CF000022A2ED0012003B0F0BD0DF1070160684B
:103D000000F07EFB65686B7DDB071CD5AB7F042B69
:103D100019D001F083F80646A8B101F085F82B69A7
:103D2000D5E900279A18B36847F100070A332CBF7A
:103D3000012500251B1845EB01059342BD4102D327
:103D4000606800F02DFC0023636023709DF807007D
:103D5000D1E70DF10701606800F05CFBF3E700BFFD
:103D6000C40E002010B5837F8BB9034601F1180201
:103D700051F8044B914243F8044BF9D10124847764
:103D80002146FFF799FF00F0E1FF204610BD00201B
:103D9000FCE773B505460C4601F040F80646AB7FDC
:103DA000012B1AD021462B4604F1180251F8040BBE
:103DB000914243F8040BF9D101230DF10701284684
:103DC000AB7700F01DFB16B1012002B070BD044BB3
:103DD0000421986804F055F9F6E70020F5E700BFE4
:103DE000C40E002010B5FFF7D4FF044620B1034BEA
:103DF0000621986804F045F9204610BDC40E002045
:103E0000024B0621986804F03CB900BFC40E0020A4
:103E100010B5EFF3108472B601F000F818B9C9219B
:103E2000032002F009FBFFF7EBFF04B962B610BDF7
:103E300010B504460221FFF73FFF00F087FFA07F87
:103E4000B0FA80F0400910BD38B50446A37F03B92D
:103E500038BDA37F032B02D0A37F042B0FD1EFF338
:103E6000108572B6204600F0F0FA05B962B6A37F5D
:103E7000002BEDD040F20D11032002F0DDFAA37FFC
:103E8000012B02D14FF48971F6E704F098F9DDE7D0
:103E900010B50446FFF7CCFF20B92046BDE810401E
:103EA000FFF7D2BF10BD13B50DF1070100F0B2FA54
:103EB000044600F0B3FF20B940F22F11032002F0B6
:103EC000BBFA204602B010BDF8B504460F4600F01C
:103ED000ABFF0025A4682418384641F100062246AD
:103EE000334600F001FBA04271EB060309D3001B2F
:103EF0006FF0010361EB0601834275EB010102D310
:103F0000F8BD2846FCE74FF0FF30F9E710B5EFF3B6
:103F1000108472B6FFF7D8FF04B962B610BD2DE960
:103F2000F04185681746002306464A190C465B4156
:103F300013B10020BDE8F08100F076FF2A18384662
:103F400041F1000314EB020843F1000500F0CCFA44
:103F50004045A941EDD301F0CBFB00F075FAB36801
:103F6000012037752344B360E4E710B5EFF3108404
:103F700072B6FFF7D4FF04B962B610BD837F012B80
:103F800001D100F08DBB00207047D0E900017047DF
:103F90000069704700F048BF10B5EFF3108472B6A7
:103FA00000F042FF04B962B610BD80687047007D22
:103FB0007047F8B50369044623B140F2D5110320D8
:103FC00002F03AFA01F094FB05460E4602F056F96B
:103FD00070B36435D4E9003246F10001AB4272EBB4
:103FE000010001D22B460A46C4E90032EFF31085E6
:103FF00072B600F013FF064698B100F015FFB368E3
:104000000B332CBF012200221B18D4E9006042EBC5
:104010000101B34271EB00023CBF33460146C4E9E3
:10402000003105B962B62046BDE8F84000F0D2BACA
:1040300002F044F9074600F00DFFB84238BF384699
:10404000963546F100024319D4E9000142F100021D
:10405000834272EB0105C7D20346C4E7042300F193
:10406000180283770023037643768376C376044B66
:10407000196811B91A605A60704759680A60FAE7FE
:10408000D00E00202DE9F843DFF86C8000240646AE
:104090000F46D8F80830204633B950B3174B18787C
:1040A000BDE8F84302F070BB53E90612D3F8009064
:1040B000B14272EB07051AD253F8085C6D1842F151
:1040C0000002B542BA4112D24CB122681268226095
:1040D000A3F11800FFF7C2FF01204B46DCE7D8F838
:1040E0000820002AF4D01268C8F80820F0E71C461F
:1040F000F3E7BDE8F88300BFD00E0020F5000020F4
:104100002DE9F047304B4FF0000E05469446C2F8BB
:1041100000E09868002855D018380746BA69002A88
:1041200050D0D0E9009352E906684E4578EB03047D
:1041300003D2BF219F2002F07FF9A94573EB010450
:104140000BD2046914EB090443F10003A542A14614
:1041500071EB03043CBFA9460B46AE4278EB010469
:104160000BD252F8084CA41948F10008A542264683
:1041700071EB08043CBF2E46884684680A344EF131
:10418000000A14EB090443EB0A03A64278EB03038D
:1041900018D2047D12F8043C9C420DD08CBF012340
:1041A00000232BB107F11803A2F11800CCF800305E
:1041B000BF693FB1183FB1E79388848B1B1BC3F3E2
:1041C000C033EEE7BDE8F087D00E00202DE9F04FB8
:1041D00085B082834E4A04460091D2F808C094F814
:1041E0001580D0E90030BCF1000F40D0ACF11801CF
:1041F000002708F00109D1E90026934270EB06057B
:104200006DD3B9F1000F2CD0277D0D7DAF4228D39F
:104210008D68AD1846F1000615F10A0A46F1000E48
:10422000534570EB0E0219D22269D21840F10007F3
:1042300092457EEB070B01D252467746AA42B74120
:104240000FD220460024FFF709FF324B187802F006
:104250009BFA009B1C7005B0BDE8F08F1A4607461C
:10426000ECE78A690F4622B1A2F11801C3E7624662
:10427000674618F0010F37D0A168C91840F1000B4C
:1042800001918AB3019DD2E9001615F10A0E4BF196
:1042900000058E45B54127D394F814E0157DAE4551
:1042A00019D395686D1846F1000615F10A0946F113
:1042B00000084B4570EB080113D22169C91840F181
:1042C000000E894578EB0E0A01D24946C646A9423E
:1042D0007EEB060EB5D3926932B1183AD2E70A46A0
:1042E000C7E719468646F2E704F118035FB1BA69D9
:1042F000A261BB6103AA00200021FFF701FF231A7E
:104300005C425C41A5E7024AC4F818C09360F1E73B
:10431000D00E0020F5000020F8B5244C0023E36007
:10432000EFF3108272B621686360E160236002B926
:1043300062B60026E36803B9F8BD9A79A3F11800C4
:10434000032A07D11A6801219E7153F80C3CE260E0
:104350009847EFE7196851B1A1F118030746002209
:104360009D7F042D09D09B7F032B02D1B2B9E16060
:1043700017E063219F2002F05FF8B0F81CC09D8B0E
:10438000A5EB0C052D049D6944BF07F118021846E2
:10439000002DEBD01F46A5F11803E1E713681B6859
:1043A0001360C36802218677D2E700BFD00E0020D9
:1043B00010B50A4C2378FF2B04D04FF484719F2052
:1043C00002F03AF8064802F0B5F9064B00222070D8
:1043D0009A601A605A601A8210BD00BFF500002072
:1043E00019430000D00E002010B5044C2078FF289F
:1043F00003D002F0B9F9FF23237010BDF5000020AF
:10440000034B1A8A10B4541C1C8210BCDEE600BF99
:10441000D00E002037B504460D4601AA0021002029
:10442000FFF76EFE231A04F1180158425841287014
:10443000044803F04CFE10B100230120A37703B021
:1044400030BD00BFD80E00201CE638B5114B044625
:1044500000F118011A68B2B11A6800209AB19142AD
:104460000ED108B1A56905601D68A94204BF126894
:104470001A605A68914200D158600023A37707E080
:1044800010461268EAE7044803F021FE0028F4D140
:1044900038BD00BFD00E0020DC0E002037B5054629
:1044A0000C46FFF7EFFD01AA28462146FFF728FE3C
:1044B00028B100F11803034A536103B030BD03462D
:1044C000F9E700BFD00E002010B5064C616904F179
:1044D000080003F0FCFD18B160690023183863611F
:1044E00010BD00BFD00E00209C46144BF0B59D6857
:1044F000FDB115F8043C183D834218D812F10A04A6
:10450000D5E900364CF10001A34276EB01070BD24E
:104510002F69FF1846F10006A7428E4107D3B4F178
:104520000A0041F1FF31F0BD1C463146F7E7AD69A5
:10453000DEE74FF0FF300146F5E700BFD00E002068
:1045400008B5837F022B1CD1437D13F0020302D0F8
:104550000023837708BD0322037643768376C376F0
:104560000D4B827700F11802196839B91A605A6048
:104570000A4B1878BDE8084002F006B959680A608D
:10458000F5E7837F012BE5D0837F042BE2D04FF446
:10459000FB719F2001F050FFD00E0020F50000209D
:1045A00010B500F118010446084803F090FD20B949
:1045B0004FF400719F2001F03FFF2046FFF74EFDB2
:1045C000034BBDE81040187802F0DEB8D80E00208A
:1045D000F50000202DE9F74FD0F810E0BEF1000FF4
:1045E00004D040F21F219F2001F026FF836890F83D
:1045F00014800193D0E90014EFF3108972B6274BB1
:10460000B3F810C09B686BB1019D183B0A35D3E924
:1046100000264EF1000A6D1844EB0A0A95427AEB27
:10462000060707D2B9F1000F35D0C0E9001403B076
:10463000BDE8F08F8A4276EB04070CD31F69BF18E0
:1046400046F1000BAF427BEB0A0B34BF012500257E
:1046500075B99B69D7E712F10A0A9D6846F1000710
:1046600015EB0A0547F10007A94274EB0707ECE7D1
:104670001D7DA84509D0ECD912F10A019D6846F1CB
:104680000004691844F10004E3E79D8BA5EB0C05D9
:104690002D04DED5F0E762B6C7E700BFD00E0020DC
:1046A000F7B50C460DF107010646878BFFF7B2FE02
:1046B00020B940F24A219F2001F0BEFE0FCC3546C2
:1046C0000FC594E803003A4685E8030030460DF133
:1046D0000701FFF77BFD012003B0F0BD034B187805
:1046E00000F0FD00431E584258417047E80E00207C
:1046F00038B5FFF7E9FE002580B1094CC4E9010592
:10470000E56000F0E7FE6068022329468377C3680E
:104710009847D4E90401FFF797FE012038BD00BF98
:10472000E80E0020024B0521986903F0AABC00BFE7
:10473000E80E0020042938B5054613D005D8023903
:10474000012915D940F2C91109E00529FAD1FFF76D
:10475000C5FF10B1114C607F60B140F2BF11B020B5
:1047600001F06AFEFFF7BEFA10B10C4B01221A7776
:10477000002012E0236A98470123206B6377084AE0
:10478000D4E90A31323B41F1FF31181841F10001FF
:1047900000F07EFF034B02202B6038BDE80E0020A6
:1047A00025470000DD4A0000064B586810B520B9C7
:1047B00040F28D21B02001F03FFEC3680621BDE824
:1047C00010401847E80E00202DE9F84F2B4D814688
:1047D0006B7F2E6B002B3AD1FFF780FF074618B195
:1047E000AB8E9E4238BF1E4600F082FF0446801901
:1047F0008B4641F10001FFF751FE68B3D0E9008A12
:10480000B0457AF1000324D3B8EB06006AF1000149
:10481000844223465A467BEB01043CBF03460A46CA
:104820009B1942F10002C5E90432154A00F030FF3D
:104830004046514600F08EFEEFB1A98E114B124A50
:104840008E4218BF1346C9F80030BDE8F88F002724
:10485000CAE700200146DBE76B7F33B12B78023BD0
:10486000012B02D82B6A0120984700236B7700F0B8
:1048700072FE064BE7E7044BE5E700BFE80E0020B9
:1048800025470000574900009148000029490000D1
:10489000042938B5044624D007D80239012938D96B
:1048A00040F26B11B02001F0C7FD0529F8D100F0EE
:1048B00053FE194D01F0D6FCFFF710FFD8B16B7F06
:1048C000CBB900F015FFAA8E2B6B9B1A134AC5E9D2
:1048D0000A01181841F1000100F0DAFE104B2360C4
:1048E00007E0FFF7FFF9A0B100F0F2FE2046FFF766
:1048F0006BFF022038BD00F0FBFE2B6B074A323BFA
:1049000065EB0505181845EB010100F0C1FE054BEC
:10491000E5E70020EEE700BFE80E00202547000095
:1049200035470000DD4A0000032910B5044606D8CB
:1049300001290ED840F21711B02001F07DFD0429A5
:10494000F8D1FFF7CFF920B12046FFF73DFF022055
:1049500010BD0020FCE7042938B5054613D005D862
:104960000239012929D940F23B1109E00529FAD180
:10497000FFF7B4FE10B1124C607F70B140F23311FA
:10498000B02001F059FDFFF7ADF9B0B100F0A0FE85
:104990002846FFF719FF022038BD236A98470123F4
:1049A000084A6377236BD4E90401C01A61F100015E
:1049B00000F06EFE044B2B60EDE70020ECE700BF3B
:1049C000E80E002025470000914800002DE9F0473F
:1049D00080468A4691463A4C002B5ED0D3E9005679
:1049E000854276EB01033CBF0E460546314628461C
:1049F000C4E9045600F0AEFDA38EB5EB080803F140
:104A0000640366EB0A0A43454FF0000373EB0A03A5
:104A100021DA637F43B12378023B012B02D8236A5A
:104A20000120984700236377FFF758FE0746236B62
:104A300003F5E17398457AF1000A15DA6FB1A08E9B
:104A4000204A281A66F1000100F022FE1E4BC9F828
:104A50000030BDE8F0870027E9E71A4A28463146CA
:104A600000F016FE194BF2E700F077FD01F000FCB4
:104A7000A38E206B4FB1834207D9E81A114A66F121
:104A8000000100F005FE124BE1E7281A0D4A66F11D
:104A9000000100F0FDFD0F4BD9E7637F33B12378B0
:104AA000023B012B02D8236A012098470023637739
:104AB00000F053FD01F0DCFB00F04DFD064BC6E7B6
:104AC000E80E0020254700006D4B0000ED4B000074
:104AD000574900009148000029490000023970B58B
:104AE0000446032938D8DFE801F00502070E1D4B04
:104AF00000221A77002012E0FFF7F4F80028F9D01E
:104B0000184B0122F5E700F029FDB0B1154B1B7FD2
:104B100033B9FFF7EDFD18B1134B2360022070BDD0
:104B200000F0E6FD06460D46FFF7B8FC22460346B8
:104B300029463046FFF74AFFF0E700200021FFF743
:104B4000ADFC08B1FFF72CFD00F007FD01F090FB74
:104B50002046FFF739FEE1E740F2A511B02001F051
:104B60006BFC00BFE80E0020454C0000042970B526
:104B7000044613D005D8023901292ED94FF40F71FC
:104B800009E00529FAD1FFF7A9FD10B1144D687F9E
:104B9000B8B14FF40D71B02001F04EFCFFF7A2F850
:104BA000D8B100F095FD00F0A3FD06460D46FFF7D5
:104BB00075FC2246034629463046FFF707FF0220D0
:104BC00070BD2B6A98470123064A6B77D5E904012B
:104BD00000F05EFD044B2360F1E70020F0E700BF2A
:104BE000E80E002025470000ED4B0000042970B5B9
:104BF000044611D007D8023901291FD940F21721E4
:104C0000B02001F019FC0529F8D1FFF771FD40B182
:104C10000B4B2360022070BDFFF764F870B100F009
:104C200057FD00F065FD06460D46FFF737FC2246AE
:104C3000034629463046FFF7C9FEEBE70020EAE7C6
:104C4000454C000002392DE9F041064604292ED8D2
:104C5000DFE801F003090B2D0E00174A1378003B23
:104C600018BF0123537700201FE0FFF73BF8FAE756
:104C7000DFF8448000F044FC00F03AFD0C460546A5
:104C8000FFF70CFC0746D8F80400FFF759FC002397
:104C900000222846C8F8043000232146C8E904232E
:104CA0003B463246FFF792FE0220BDE8F08140F21B
:104CB000EF11B02001F0C0FBE80E002010B5EFF3BB
:104CC000108472B60B4B0C4A9B691B6893420DD043
:104CD0000A4A93420AD00A4A934207D000F03DFCA8
:104CE00001F0C6FA00F037FC00F0F2FC04B962B63D
:104CF00010BD00BFE80E0020294900005749000000
:104D000091480000054B10B5054C03600023A061DD
:104D1000237001F0D3FA3230206310BD294900001E
:104D2000E80E002008B5074B9A691168064A9142BF
:104D300004D040F27221B02001F07EFB32301863C3
:104D400008BD00BFE80E00202949000010B5EFF3B0
:104D5000108472B6034B0421986903F092F904B9E8
:104D600062B610BDE80E002008B5064B5B6823B99B
:104D700040F29321B02001F05FFB034ABDE80840F8
:104D800000F086BCE80E0020A947000008B5064BDD
:104D90005B6823B940F29921B02001F04DFBBDE8DA
:104DA000084000F095BC00BFE80E002008B5054B98
:104DB0005A6822B940F29F21B02001F03DFB986073
:104DC00008BD00BFE80E002008B5054B5A6822B99F
:104DD00040F2A521B02001F02FFBD86008BD00BF34
:104DE000E80E0020054BDB6810B523B940F2AB217B
:104DF000B02001F021FBBDE810401847E80E00206C
:104E0000054B9B6810B523B940F2B121B02001F0E9
:104E100013FBBDE810401847E80E0020014B58680E
:104E2000704700BFE80E002008B5054B5A6822B94C
:104E30004FF42F71B02001F0FFFAD3E9040108BD4F
:104E4000E80E0020024B323118701A6299867047C2
:104E5000E80E002008B5FFF741FC08B1014B988E21
:104E600008BD00BFE80E00200028ADBF00F1604083
:104E700000F00F00044B00F56140B4BF185C90F8DF
:104E800000034009704700BF14ED00E0064B1B68AB
:104E900010B51BB97621452001F0CEFA1A6A05211A
:104EA000586ABDE810401047200F0020064B1B68D1
:104EB00010B51BB97021452001F0BEFA1A6A042111
:104EC000586ABDE810401047200F0020FFF76EBF62
:104ED000FFF77ABF034800214022C0E900110830E3
:104EE00003F0F9B9200F0020FEF7CBBE704708B5DC
:104EF000074B1A681AB9C121452001F09DFA0549EE
:104F0000D1600022C3E90022BDE80840FEF778BF67
:104F1000200F0020455200001F2801D900207047B3
:104F2000044B03EB4000037A002BF7D000230372FD
:104F300001207047200F0020F8B50E4A0C460023D0
:104F400002EB4306357A05F0FF0175B9DDB2FF27A4
:104F50003772282673431A44C2E91A0406482022ED
:104F6000184403F0B8F92846F8BD0133202BE7D1E7
:104F70001D46F8E7200F0020680F00201F2810B5FD
:104F800001D9002010BD064B03EB4004247A002C0D
:104F9000F7D0282404FB0030C0E91A120120F1E701
:104FA000200F002030B587B00C460546182200219E
:104FB000684603F090F9237853BBD4E904310A3BE7
:104FC0006268207A41F1FF310A328DF814000292B2
:104FD0009DF81520154822F003020390CDE9003119
:104FE000637A6946C3F340035B0043F00103134354
:104FF0008DF815300E4B5868C0F3080088B1103892
:10500000FFF732FF68B92846FEF7C3FE07B030BD90
:10501000FEF737FE226910F10A03049241F1000104
:10502000CDE72846FEF79EFEF0E700BF45520000A0
:1050300000ED00E01F2830B411D80A4A02EB40040A
:10504000257A65B14B7A4832C3F3800383F00103BC
:105050006372282330BC03FB0020FFF7A3BF0020AE
:1050600030BC7047200F002008B50A4B0246586834
:10507000C0F3080040B11038FFF7F6FE20B9104623
:10508000BDE80840FEF70FBF1046BDE80840FEF738
:10509000CFBE00BF00ED00E0024B282202FB003033
:1050A000FFF7E2BF680F002010B5037886B0044612
:1050B00023B14FF4AA71452001F0BEF90593416870
:1050C000CDE90333D0E90432007A0A310A3B8DF886
:1050D0001400684642F1FF320291CDE90032FEF73A
:1050E00068FF009B019A01200A3342F10002C4E9E3
:1050F000043206B010BD4FF4BA71452008B501F076
:105100009BF908B5094B0A46596821B940F2791153
:10511000452001F091F901461868FEF700FF18B12B
:10512000FEF7BCFD002008BD0220FCE7200F002098
:10513000194B70B50446586886B0C0F3080010B922
:10514000002006B070BD1038FFF78EFE0346002821
:10515000F6D1C3F307230E7A4D6823F003030A3513
:10516000CDE90400D1E904208DF814600A3A0B4E11
:10517000029540F1FF300396CDE900204A7A20469F
:105180006946C2F34002520042F0010213438DF817
:105190001530FEF7F3FED4E700ED00E045520000C5
:1051A0001F280AD8064B03EB4002127A2AB1483373
:1051B000282202FB0030FFF7BBBF0020704700BF72
:1051C000200F0020034B5A6812B11868FEF7EFBE9B
:1051D00002207047200F0020024B01461868FEF79E
:1051E00073BE00BF200F0020FEF72EBE1F2808B59B
:1051F00004D940F2E511452001F01EF9074B03EBFD
:105200004002127A12B94FF4F371F4E748332822BE
:1052100002FB0030BDE80840FEF716BE200F00205C
:1052200008B5074B5B6823B94FF4F671452001F0D0
:1052300003F9FEF7AFFE0A3041F1000108BD00BFDF
:10524000200F00202DE9F0411C4F05461C4B0E4657
:1052500007F14804041BE4105C43E4B2620007EB6E
:105260004404237A19BB3B681BB18E21452001F011
:10527000E3F87B680BB18F21F8E707F108031344CB
:10528000C7E900030F48FFF791FD0F48FFF79CFDAA
:10529000FFF7C6FF637A80464BB1FEF701FDA8EB2E
:1052A0000000C7F8480500F035FA0028FBD02B6A4B
:1052B0003146686ABDE8F041184700BF200F002062
:1052C000CDCCCCCCAD4E00008D4E000010B50446C8
:1052D000FFF7A6FF201841F10001FEF7D4FC0120E2
:1052E00010BD024BD3F84805704700BF200F0020C7
:1052F000FEF7DABC7047FEF7D5BCFEF7D7BCFEF769
:10530000D7BC08B5FFF79EFD002008BD70B50B782F
:1053100086B023B140F23121452001F08DF805938C
:105320000E7A4D68049228228DF814600A35124EC8
:1053300002950396D1E904340A3B44F1FF34CDE9E8
:1053400000344B7A4FF00001C3F34004C3F38003F1
:1053500064F3410183F001038DF81510074901EB57
:105360004004637201F14803694602FB0030FEF716
:10537000F9FC06B070BD00BF45520000200F0020B0
:105380007FB5FEF77EFC002305930B4B039340F2A1
:105390001E2302934FF0FF33CDE900016946074811
:1053A0000493FEF7F6FC18B9CB21432001F044F832
:1053B00007B05DF804FB00BFC1530000701400206B
:1053C00038B5062937D8DFE801F0043833363636E9
:1053D000170002F041FEFEF7DDFD044617480D46BA
:1053E000FEF7E3FD1E3C45F1FF312018BDE83840D3
:1053F00041F10001FEF747BC00F040FF38B10F4B10
:10540000002283F82020BDE83840FEF7F9BC02F006
:1054100025FE08B902F020FE00224FF40071074873
:10542000FEF77DFD0028D6D1EA21432001F004F8E3
:10543000BDE83840A4E7F921F7E738BD7014002033
:1054400010B5074C94F8203043B900F017FF28B985
:10545000012384F82030BDE8104091E710BD00BF63
:10546000701400204FF000430D4A0E480021C2F88E
:105470008030A2F58022C2F88031012302F5783213
:10548000C2F80435A2F58022C2F804352022064B6A
:1054900080F820101B68D3F81835436202F01BBF58
:1054A00000400C50701400206C0E00200023084AAD
:1054B000C2F88030A2F58022C2F88031012302F5C3
:1054C0007832C2F80835A2F58022C2F80835704754
:1054D00000400C5008B506F089FD074AD2F858374D
:1054E00043F00103C2F858370122044B1B68C3F88C
:1054F0001825BDE80840A3E700200E506C0E0020E0
:1055000008B506F079FD0E4AD2F8583723F00103AA
:10551000C2F858370B4B0C4A1B68526AC3F818255F
:1055200001220A4B5A604FF0FF32C3F808232022B1
:10553000074BC3F89021BDE8084000F0C9B800BF90
:1055400000200E506C0E00207014002000500850F7
:1055500000E100E0704770477047704708B500F001
:105560008DFEB0B90D4BD3F800314BB90C4A936A9C
:105570000133312B93620BD99C21432000F05CFF57
:1055800002F06CFD08B1A021F7E702F063FD0120F5
:1055900008BD034B00229A62F9E700BF00E01050FB
:1055A000701400204CE700BF1848202208B5C0F84E
:1055B0009020BFF34F8FBFF36F8F154BC0F8902132
:1055C000D3F8041521F00301C3F80415D3F8081526
:1055D00041F00301C3F8081592FAA2F1B1FA81F182
:1055E000092904DD4FF473710A4800F01BFFC3F86A
:1055F000101501215960D9604FF00041C3F88010A7
:105600004FF0FF31C3F80813026108BD00E100E06C
:1056100000500850472D0100124B4FF4E062C3F8D0
:1056200038230022C3F8AC25C3F8BC25C3F8CC2529
:10563000C3F82021C3F82421C3F8282120220A4BD3
:10564000C3F89C21C3F89C20BFF34F8FBFF36F8F2B
:10565000C3F89020BFF34F8FBFF36F8FC3F8902133
:10566000704700BF00200E5000E100E008B5FFF7D2
:10567000D3FF054B4FF4A062C3F834232022034B21
:10568000C3F89C21DA6108BD00200E5000E100E063
:105690000C4B10B51C681CB14B21042000F0CCFE53
:1056A000B1F5801F1A6004D340F2E141064800F0D2
:1056B000B9FE064B0122C3F8A005C3F8A415C3F830
:1056C000AC2510BDA0140020472D010000200E5075
:1056D000054A136833B100230449C1F8AC35C1F859
:1056E00020311360704700BFA014002000200E502E
:1056F00030B54FF0FF30064C6FF04041D4E9002345
:10570000904271EB0305F9D31046C3F3130130BD8A
:1057100040270E5008B5FFF7EBFF044BD3E90223F7
:10572000904299412CBF0120002008BDA014002008
:1057300010B5029C241841F10001A01A61EB03018D
:10574000B0F1004F71F1000103DB7721042000F07C
:1057500073FE10BDFFF7CCBF014B1861704700BF4F
:10576000A014002008B50E4B1B691BB9872104202B
:1057700000F062FEEFF3108272B6B1F5801F04D321
:1057800040F2E141074800F04DFE074BC3F8C00569
:10579000C3F8C4150121C3F8CC1502B962B608BD1F
:1057A000A0140020472D010000200E5008B5FFF77F
:1057B000FBFE024B01221A6008BD00BF00500850DA
:1057C00010B5FFF7F1FE114C0023C4F8BC35C4F846
:1057D0002431FFF78DFF0A3041F10001B1F5801F40
:1057E00004D140F2E1410A4800F01CFE4FF00043B2
:1057F000C4F8B005C4F8B415C4F8A4310123C4F842
:10580000BC35044BC3E9020110BD00BF00200E509F
:10581000472D0100A0140020144BD3F8342312F4B8
:10582000A06F10B503D1C821042000F005FED3F805
:1058300020215AB100220E49C3F8AC25C3F820211B
:105840000B680BB9D021EFE70A609847074BD3F8F4
:1058500028214AB10022C3F8CC25C3F82821044BE3
:10586000BDE810401B69184710BD00BF00200E5056
:10587000A0140020014B187D704700BF700D002060
:10588000042810B511D883B104280CBF1024282493
:10589000A1420AD2064C54F8200018B141568A425F
:1058A000A8BF0A4600201A7010BD6FF01500FBE774
:1058B000700D00200728034611DC10F12D0F10DBBE
:1058C000094A101890F82E0002EBC00292F93C2011
:1058D0009A4207D0002918BF0130C0B270471B2080
:1058E00070470020704700BFAC200100072808B5B2
:1058F00007DCFFF7DFFF044B03EBC00393F93C0029
:1059000008BD0820FCE700BFAC20010010F0FF003C
:1059100008B5094B05D0012807D05121B52000F06A
:105920008BFD01229A601A6008BD044A1268292A78
:10593000F3D15862F8E700BF00E01050540E002089
:1059400010F0FF0008B5174B05D0012820D08421A6
:10595000B52000F071FD01225A60DA60C3F8000141
:10596000114B18700F4BD3F80824D2070FD40F4AED
:105970001268292A03D1D3F86834DB0707D4094B0E
:105980000022C3F81021C3F81821C3F8142108BD60
:10599000064A1268292ADAD100229862C3F81C212B
:1059A000E0E700BF00E01050850D0020540E0020FD
:1059B000014B01221A707047850D002008B50D4B70
:1059C00028B101280BD0D021B52000F035FDD3F847
:1059D000103113B9084B187808BD0120FCE7074ABD
:1059E0001268292AEFD1D3F81C01003818BF012012
:1059F000F2E700BF00E01050850D0020540E00209B
:105A0000024BD3F8080400F00100704700E010508A
:105A1000024BD3F8480400F00100704700E010503A
:105A2000024BD3F84004C0B2704700BF00E01050F2
:105A300007490246D1F84C04D1F84C1410F48030D8
:105A400005D0D0B201F003031B1A584258417047E9
:105A500000E0105038B51A4BD3F80C34DA0304D4F4
:105A600040F27F116D2000F0E7FC164A0124164B2E
:105A7000106A536620F03F0094645464136CDB0397
:105A8000FCD4136A116C03F03F03C1F30A01C1F5A2
:105A9000806181EAE1750B29A5EBE17509DD3F2BFA
:105AA00004D0013303431362172DE6DC0023936413
:105AB00038BD0B31F8DA002BF8D0013BF2E700BF1C
:105AC00000E01050000812500100008038B50B4C67
:105AD00023781BB100232370FFF7BCFFEFF3108581
:105AE00072B6637803F0FF000BB9FFF729FF05B921
:105AF00062B6034B00225A6638BD00BF880D0020F5
:105B000000081250002808DB4309012200F01F00A2
:105B100002496033824041F82320704700E100E0F1
:105B200070B5174D012204460E462B18DA7002F0AC
:105B300084FAA0B934B1012C0FD04FF494716D20C8
:105B400000F07AFC11232A19012105EB840451711C
:105B50000C4AA660C2F8043370BD8023F3E7002E20
:105B6000FAD034B90220B047002305EB8405AB60BE
:105B7000F2E7012C01D12046F5E740F24311DEE7C0
:105B8000880D002000E01050044B0022191803EB90
:105B900080034A719A60CA70704700BF880D002068
:105BA000014B1882704700BF880D0020014B988A76
:105BB000704700BF880D0020014B188A704700BF56
:105BC000880D002010B5EFF3108472B6064B034425
:105BD0005A780132D2B25A705B78012B01D1FFF7AB
:105BE00095FE04B962B610BD880D0020034610B5BD
:105BF000EFF3108472B611490B445A7822B940F27F
:105C000067216D2000F018FC5A78013AD2B25A7020
:105C10005B7883B98B7D43B1094BD3F80C34DB033C
:105C200006D44B7803F0FF002BB9FFF789FE02E0A2
:105C3000C87D00F0A9FD04B962B610BD880D002032
:105C400000E0105010B502F0FBF90C4C02F0F5F931
:105C500060B1237E3BB90A4B01229A61042363762B
:105C60000023A37610BD02F0EEF9F9E70323012229
:105C70006376034BC3F80423F2E700BF880D0020CE
:105C800000E01050014B01221A62704700E01050F2
:105C9000044BD87E28B1044BD3F81001B0FA80F041
:105CA00040097047880D002000E0105038B50C4BBB
:105CB000DD7E5DB90124DC7602F0C2F9094B1022C9
:105CC000C3F81051C3F80423DC6138BDFFF7E0FFCF
:105CD0000028FAD040F2A3216D2000F0ADFB00BFF8
:105CE000880D002000E01050024B587E003818BF8D
:105CF00001207047880D002038B5174CA37D23B9CB
:105D000040F216316D2000F097FB01232370237EB3
:105D1000C3B9237FB3B1A27E013B9A4212DA02F0EB
:105D20008CF9054600F0CAFC237F012B82BFA37EBD
:105D30000133A37655B1236AC31A0133022B09D963
:105D400035B12062BDE83840FFF77CBF636AF3E7F6
:105D50006062F7E738BD00BF880D002037B5184CEA
:105D6000237E63B9A06A00F00300FFF761FE30B143
:105D7000EFF3108372B6627E1AB103B962B603B054
:105D800030BD0122627603B962B608230D4DC5F815
:105D900008334FF42073ADF80630BDF806309BB2DF
:105DA0005A1E92B2ADF80620002BF6D1C5F80C3180
:105DB00084F82C30FFF746FF0823C5F80433DEE7EC
:105DC000880D002000E010502DE9F74F544CA37DC2
:105DD000002B00F0A1800323524AADF80430524B4F
:105DE0001268D3F80051003D18BF0125292A07D1B8
:105DF000D3F81C2122B1012245F080058DF8052041
:105E0000D3F80881D3F8142112B9D3F8183173B13B
:105E1000454B0026C3F81461C3F81861C3F810613C
:105E2000E37E0BB102F00FF9E676FFF7BBFB3E4BCA
:105E3000D3F810316BB3E37E1BB102F004F90023F9
:105E4000E376637913B102238DF8043045F0100531
:105E5000364E0DF1040A344B4FF00009F71EC3F81B
:105E600008531AF8010B03280AD03B7843B14FF0CE
:105E7000000B336887F800B013B19847C6F800B03C
:105E800009F10103043601374FF00109022BE8D173
:105E900001E0002DDCD1B8F1000F08D0224B002228
:105EA000C3F808210422C3F80823FFF757FF94F82A
:105EB0002C60EA071C4BF6B2D3F80C7108D5627E51
:105EC000032A05D1227E82B90422627601229A61D8
:105ED000A7B1154B0022C3F80C21637E042B09D017
:105EE00040F279316D2000F0A7FA02F0ACF80223FD
:105EF0006376EDE70223637602F0A5F866B100232E
:105F000084F82C30637E022B01D1FFF79BFE03B097
:105F1000BDE8F04F02F097B803B0BDE8F08F00BFC6
:105F2000880D0020540E002000E01050900D00203D
:105F300010B5054CA06A00F00300FFF779FD0028BA
:105F4000F8D0002010BD00BF880D00202DE9F041E1
:105F5000054650B10278022A07D8437842B9013B7E
:105F60001F2B02D88378212B07D96FF01500A0E0F2
:105F7000002BFAD18378002BF7D1754EB6F900309B
:105F8000002B0DDB5A09012103F01F03994002F198
:105F90002003704A42F82310BFF34F8FBFF36F8F77
:105FA000B6F90000FFF7AEFD6B4AFD236B4CC2F85B
:105FB00008336B4B1B68292B4FF0000308BFC2F856
:105FC0001C31C2F80031C2F80831C2F80C316370DC
:105FD000A370AB88A382FFF713FD10B10123E37018
:105FE00063705D4F40F25633D7F80C04238210F4EF
:105FF00080301BD0FFF7DCFC5A4800F09BFB564F6B
:106000006023E0750022C7F804332B78A978012BB0
:10601000E276A26223762177A2761FD0022B16D0D9
:10602000EBB140F22E516D2000F006FAC7F81001D6
:10603000FFF76CFCD7F81031002BFBD0FFF70AFDFF
:106040000020FFF77DFC484B00225A66D4E701F0A0
:10605000F7FFD7F80C34D903FBD50223A362FFF76F
:10606000D7FC68B3FFF7DCFCA36A03F00303984294
:1060700026D1AB79FBB9FFF75BFF237F63B12B78A8
:1060800053B901F0DAFF054600F018FB6FF000434A
:10609000002D52D0C4E9080300230125B6F9000001
:1060A0006376A575FFF72EFDB6F90030002B47DAB1
:1060B0000020BDE8F081284B0422C3F80423DCE76C
:1060C000254B012200215A61C3F8081194F82810C9
:1060D000C3F840141A610422C3F80423AA79002AE1
:1060E000CBD1D3F80423520702D440F2E1419AE71E
:1060F0001E4A116901F01008116941F01001116187
:10610000D3F808310BB902F05CF8134FD7F8083117
:1061100083B1FFF70DFFB8F1000F04D1134A1369E3
:1061200023F0100313610423C7F808330023C7F8D2
:106130000831A2E702F043F8E8E7C4E90830ABE72A
:106140005A0903F01F039D40024B43F82250AFE76A
:10615000700E002000E100E000E01050880D0020EB
:10616000540E0020CD5A00000008125000ED00E04F
:1061700040B1012808D1054B1868A0F12903584205
:10618000584170470120704700207047540E00208E
:106190000F4A38B5137904460D461BB18D216F2087
:1061A00000F04AF9FFF7E4FF70B1224453790BB1D4
:1061B000002038BD012320465371FFF703FD294617
:1061C0002046FFF7ADFCF3E76FF01500F1E700BFE5
:1061D000B80D002070B50D4D04462E791EB1A421D6
:1061E0006F2000F029F9FFF7C3FF60B125446B79F8
:1061F0000BB9002070BD2046FFF7C6FC20466E712B
:10620000FFF7F4FCF5E76FF01500F3E7B80D002099
:1062100010B501B3F0B14FF0FF33104A1C46E0FB5C
:106220000134944203D9E5216F2000F005F91A0DDD
:10623000C3F30F100A4B42EA04324FF22444B2FB7C
:10624000F4F100EB024003FB1100B0FBF4F040EA74
:106250000140013010BD0846FCE700BF3F420F007F
:10626000000024F4014B9B68184700BFB80D0020C4
:10627000014BDB68184700BFB80D0020014B1B69BC
:10628000184700BFB80D002008B5064B1B7923B195
:1062900040F241116F2000F0CFF8BDE80840FFF751
:1062A0002BBD00BFB80D0020034B1A790AB9FFF7C8
:1062B0007DBC988D704700BFB80D0020034B1A7944
:1062C0000AB9FFF779BC988A704700BFB80D002063
:1062D000024B1B790BB9FFF741BD7047B80D002089
:1062E000014B9B69184700BFB80D002038B51D4C05
:1062F000237933B3FFF7C2FF50B91B4DC5F8100126
:10630000FFF7B0FFD5F81031002BFBD0FFF7B0FF3F
:10631000154B6022C3F80423636A9847002806DB04
:1063200094F82E3023B10123002084F8303038BD9A
:10633000FFF7D6FF0028F6DA40F2A5116F2000F033
:106340007BF80A4BA3610A4BE3610A4B23620A4BB9
:10635000A3600A4BE3600A4B2361FFF7F7FD0028B7
:10636000E1D0E4E7B80D002000E01050315F0000FC
:1063700053800000E95C000041800000478000007D
:106380004D80000038B5084B04461D7925B140F218
:10639000F9116F2000F050F8FEF7C4FC2046FFF71B
:1063A000FFFB284638BD00BFB80D0020014B18790F
:1063B000704700BFF00D0020044B1A79824283BF62
:1063C0001B68302202FB003000207047F00D0020D7
:1063D000BFF34F8F0549064BCA6802F4E0621343CE
:1063E000CB60BFF34F8F00BFFDE700BF00ED00E0C3
:1063F0000400FA05094B01221B685A604FF0FF3276
:10640000C3F808234FF40062054BC3F88820BFF39C
:106410004F8FBFF36F8FC3F888217047640E002041
:1064200000E100E008B572B6024B5B6803B1984723
:10643000FFF7CEFFF80D00201FB572B6144B5C6855
:1064400094B9FFF7C5FFB2FBF6F22B465D1C002A9C
:10645000F9D1DBB203F110056D4405F80C2C0A22CA
:1064600033B901A8A047ECE7024600230A26EDE76E
:10647000013BDBB203F110050DEB0506B0FBF2F5B5
:1064800002FB1500303006F80C0C2846E8E700BF88
:10649000F80D0020F8B5294F05460C4616463B7806
:1064A000002B47D100F0B0F9254B1B681C2B06D1FF
:1064B000244B1B681BB99E211120FFF7BDFF01F083
:1064C000BBFD7E60204B01263C814FF48062C3F807
:1064D000A4601E4BC3F89020BFF34F8FBFF36F8FA4
:1064E000C3F89021FFF786FF194B002D14BF2846F3
:1064F0001846FFF7FBFE0546D0B9FEF7EBFCFFF7A9
:10650000E7FE01F0ADFDFDF79FFB08B9BE21D3E723
:10651000002C0BDB04F01F036409A4009E4004F16F
:10652000604404F56144C4F88061266001233B7037
:106530002846F8BD4FF0FF35FAE700BFF80D002000
:10654000540E0020580E002000A0085000E100E08A
:10655000C4210100074BB3F90830002B09DB5A09AD
:10656000012103F01F03994002F14003024A42F85F
:1065700023107047F80D002000E100E0014B18786F
:10658000704700BFF80D00202DE9F74FFF27454D5C
:10659000DFF81481B946CDE90012444A1478E4B218
:1065A00082F8009004B157704FF0010CDFF800E161
:1065B000EFF3108B72B629684FF0000A009EC1F805
:1065C00004C0C1F800A1C1F804A1C2E9016E019E96
:1065D000C2E9056E0668C1F810654668C1F8146521
:1065E0008668C1F81865C668C1F81C65314EC1F8E7
:1065F00030651036C1F83865C1F800C0BBF1000F36
:106600001DD162B61BE0D8F810A01AF0100F17D0F9
:106610004FF40061284EC6F88811EFF3108A72B665
:106620004FF0030B2968C1F804B3D1F800B1BBF1F6
:10663000000F01D1D1F80411BAF1000FE1D029689F
:10664000D1F800A1BAF1000F04D1D1F804A1BAF138
:10665000000FD8D04BB10C9E3EB1D1F840A5C3F885
:1066600000A0D1F83CA5C6F800A0D1F8041100297B
:106670009ED1A4B95678F6B254704FF0030C296835
:10668000C1F808C34FF4006CC1F80441C1F80041DF
:106690000949C1F888C11470002E7FF47FAF03B0A0
:1066A000BDE8F08F640E002000ED00E0040E002035
:1066B0001000000B080E002000E100E01A4B4FF420
:1066C000000270B5C3F89820BFF34F8FBFF36F8FF0
:1066D000164C0021164DC4F80011C3F898212E69FC
:1066E0002B6906F0100643F010032B610123C4F858
:1066F00004332360D4F800319BB11EB92B6923F019
:1067000010032B610123D4F808054FF400026360E5
:10671000C4F808330023C4F80031034BC3F89821B0
:1067200070BD01F04CFDE5E700E100E000700D50A8
:1067300000ED00E038B50B49042301EBC3021579E5
:1067400005F0FF042DB1013BF7D240216920FFF78E
:1067500073FE41F8330001215471D8B29471117164
:1067600038BD00BF280E0020042808B503D94721F2
:106770006920FFF761FE034B002203EBC0031A718F
:1067800008BD00BF280E0020042808B503D95021F9
:106790006920FFF751FE094B03EBC0000379012B81
:1067A00001D05121F4E7437982790133DBB29A4277
:1067B00018BF4371BDE80840FFF7CCBE280E00208B
:1067C00038B505240F4D95F8281005EBC1031A794B
:1067D000012A09D158799A79904205D05A79D2B2D2
:1067E0009A7155F83130984795F82830013C0133BB
:1067F000DBB2052B28BF002314F0FF0485F82830F6
:10680000E1D138BD280E00201249134BD1F84023A6
:10681000292AF0B51A60D1F8447312D0272A00D182
:106820007FB10E4A40F205100D4E46210D4D0E4C23
:10683000C3E90172C3E90326C3E90554C3E90701AB
:10684000F0BD0A4A4FF48770074E4A21084D094CA3
:10685000EEE700BF00C0FF00540E002000600450AF
:10686000007004500030045000B0045000A00450E8
:106870000040045000E00450094B0A4AC3F80023CA
:106880000132C3F80C230132C3F818230132C3F8D4
:1068900020230132C3F81C230132C3F810217047B2
:1068A00000A0085004000080074B0022C3F800231A
:1068B000C3F80C23C3F81823C3F82023C3F81C2300
:1068C000C3F81021704700BF00A00850844641EA79
:1068D000000313F0030359D1403A33D3F0B4F0C9A5
:1068E000F0C0F0C9F0C0F0C9F0C0F0C9F0C0403A43
:1068F000F5D2F0BC26E0403A24D300BF0B68036019
:106900004B6843608B688360CB68C3600B6903612D
:106910004B6943618B698361CB69C3610B6A036215
:106920004B6A43628B6A8362CB6AC3620B6B0363FD
:106930004B6B43638B6B8363CB6BC36340304031E2
:10694000403ADBD230320BD30B6803604B684360B4
:106950008B688360CB68C36010301031103AF3D27B
:106960000C3205D351F8043B40F8043B043AF9D209
:10697000043208D0D2071CBF11F8013B00F8013BDC
:1069800001D30B8803806046704700BF082A13D3E9
:106990008B07B0D010F00303ADD0C3F10403D21ABB
:1069A000DB071CBF11F8013B00F8013BA3D331F812
:1069B000023B20F8023B9EE7043AD9D3013A11F892
:1069C000013B00F8013BF9D20B7803704B78437020
:1069D0008B7883706046704753B94AB9002908BF65
:1069E00000281CBF4FF0FF314FF0FF3000F00CB813
:1069F000ADF1080C6DE904CE01F09EFCDDF804E079
:106A0000DDE9022304B07047704700BF8B88043073
:106A100010B500F8043C0C4610F8033C03F0F003FA
:106A200000F8033C8A88C2F30322134300F8033CB6
:106A300003F0CF03CA8800F8022CCA8800F8033C90
:106A4000120A00F8012C0A7A120102F030021343F4
:106A500003F03F0300F8033C4A7A43EA821300F84C
:106A6000033C0968814205D0E288FB2A28BFFB224B
:106A7000FFF72CFFE0880430C0B210BD70B50B7872
:106A800005460C46192B12D8CBB1013B182B16D852
:106A9000DFE803F01A2615999FA5ABB1B5B7C7CDAE
:106AA0001515152ABBC1D1D7DDE3E9EFF500822B1F
:106AB0004FF0FF0200F0E980832B00F0EA8040F203
:106AC0006721C720F9F74CFD0C230B700823637076
:106AD00066782146284602363246FFF7F7FE49E03F
:106AE0001A230B700123F2E72920F9F71FFF30B1B9
:106AF0003E232370222363702923A370E8E70A2032
:106B0000F9F714FF3E2305F1080204F108012B7088
:106B100090B30A231F26AB70E378EB70A3882B7128
:106B2000A3881B0A6B71A379AB71E379EB71A3683E
:106B3000AB608B889380D4F80E30C5F80E30638A32
:106B40006B8263696B61238B2B83638BAB76638B67
:106B50001B0AEB76A38B2B77A38B1B0A6B77E38B3C
:106B6000AB77E38B1B0AEB7794F8203085F8203065
:106B70006E700236304670BD01231326AB70E37889
:106B8000EB70A3882B71A3881B0A6B71A379AB717F
:106B9000E37903F00103EB71A368AB608B8893800A
:106BA000638BAB73638B1B0AEB73A38B2B74A38B6D
:106BB0001B0A6B74E38BAB74E38B1B0AEB7494F8C6
:106BC00020302B75D4E73E230B7004234B70142325
:106BD00093E73E230B700C234B7004238DE73E2379
:106BE0000B700A234B70032387E73E230B700D23A2
:106BF0004B70052381E705232370042367E70823EF
:106C0000FAE730230B70032361E73E230B700B235D
:106C10004B70072371E73E230B7006234B700C2348
:106C20006BE713230B708B789B0001334FE75723DF
:106C30000B7002234BE73E230B7006234B7012238D
:106C40005BE73E230B7009234B70132355E73E236C
:106C50000B7005234B7020234FE73E230B70092355
:106C60004B70212349E7FF230B700B234B70A223AA
:106C700043E7FF230B7005234B70A3233DE7FF235E
:106C80000B700D234B70802337E70A700D22627062
:106C900033E70A700222FAE710B50C4648B141B159
:106CA000F9F7A6FD002820700CBF6FF0220000202D
:106CB00010BD6FF01500FBE708B5F9F71DFE0020C9
:106CC00008BD0346022200201A70052258709A70EF
:106CD0009B22D8705A716FF0700218719A716FF020
:106CE0005302DA716FF03C021A721D225A7242226C
:106CF0009A726FF05102DA72704700F0CFBA70B535
:106D00000446FCF761F8012805461AD1601CFCF71F
:106D100063F8B0B1A3790020E61D63F03F03A371CF
:106D2000FAF7A2FC38B110220021304601F0D3FA64
:106D30000020257070BD3046FCF762F80028F2D0C4
:106D4000F6E70025F4E710B504461022002101F013
:106D5000C2FA04F1100310220021184601F0BBFA18
:106D6000FCF768F80020FAF77FFC20B12046FCF71A
:106D700047F8002010BDFCF727F80028F6D0F8E708
:106D800010B50446FFF79AFCB0F5007F09DA10F55C
:106D9000007F08DD031EB8BF03339B100020237063
:106DA00010BD7F23FAE76FF07E03F7E701207047FD
:106DB00000F0FDBB0078003818BF012000F08CBA4D
:106DC000FAF792BB00F0DCBB00F007BC00F024BA7D
:106DD00000F059BA08B5F9F7A1FD002008BDFAF78F
:106DE00055BA00F07EBA00F06ABAFAF70DBB00F0AF
:106DF00036BA00F072BB00F03CBB00F083BB00F081
:106E000039BA00F015BA03880B8000F0ACBB00F073
:106E100015BA00F0D5BBF8B5941C0E4605461746CA
:106E20000C446343B3F5004FA8BF4FF0FF3310F09D
:106E300003019CB203D0B0211420F9F791FBB4F503
:106E4000004F01D9B121F7E71422043001F043FAD1
:106E5000EF746C802E80F8BD023101444A43B2F5D4
:106E6000004FA8BF4FF0FF3290B21B3020F003005C
:106E7000B0F5004F34BF00B24FF0FF307047838849
:106E8000014602899BB29A4202D00831F9F776BDD9
:106E900070470729034670B504D84FF4EC711520EC
:106EA000F9F75EFB0068C0B1446806461A688C4278
:106EB00010D0106860B901F10805AC420DD35468D8
:106EC00050501868651A541800686560505002E008
:106ED0001346E9E7146830461C6070BD30B590B1C8
:106EE0008478B1FBF4F304FB131300EB43025289E3
:106EF0008A4201D1D8B230BDC27822B900F108036C
:106F0000D0B2844201D8FF20F5E733F8025F0132A6
:106F10008D42F5D1EFE78278038805324B4303EBCE
:106F200042031844704737B500240546CDE90044B4
:106F30008DF806006846ADF80440F9F7F3FEBDF899
:106F4000044008B103B030BD29462046F9F7C6FE1B
:106F50000028EFD040F215211720F9F701FB70B59A
:106F60001E460D460921FFF777FF044632460921E8
:106F70002846FFF771FF40EA04031B0454BF0019C1
:106F80004FF0FF3070BD012303707047F8B50C4619
:106F9000054611461E4684F001046400E4B2FF2356
:106FA000837003191B7D012B05D00134E4B2031952
:106FB0001B7D012B0AD105EB44073B8B3A8C9819BA
:106FC000904205DD00232C443B8323750020F8BD4F
:106FD00005EB8404324660681844FFF777FC3B8B6E
:106FE0001E443E830023AB700120F0E781F00101D5
:106FF000490010B5C9B2FF23837043181C7D012CD2
:1070000007D10C3120F8112002221A750023837059
:1070100010BD0131C9B243181C7D012CF1D04FF4D1
:107020008C710920F9F79CFA024630B5837803F099
:10703000FF00F3B9137D022B19D0537D022B15D11C
:107040000346012089B10024D5180C332C7522F891
:107050001340131803241C7502EB80035B680B605C
:1070600000F10C0332F813308B80012030BD012376
:10707000E8E70020FAE7034630B5827802F0FF0027
:10708000E2B99A7D022A17D0DC7D022C13D10322AB
:1070900081B11D1900200C34287523F814009818AC
:1070A0000324047503EB82000C32406833F812307D
:1070B00008608B80012030BD0324E9E70020FAE757
:1070C000037D012B01D1008B7047437D012B0CBF49
:1070D000408B00207047837D012B01D1808B70474E
:1070E000C37D012B0CBFC08B00207047038B23B9DD
:1070F000408B003818BF0120704701207047838BF8
:1071000023B9C08B003818BF012070470120704799
:10711000027D022A01D1008B7047437D022B01D1F1
:10712000408B7047032AF6D0032BF9D0002070471C
:10713000827D022A01D1808B7047C37D022B01D151
:10714000C08B7047032AF6D0032BF9D0002070477C
:10715000F9F734BF002307B5CDE9003301238DF8DB
:1071600006306846F9F7DEFD08B1002004E000981B
:1071700000F0A4FC0028F4D003B05DF804FB1FB5B8
:10718000002240F6881303A90092FCF733FD05B0F6
:107190005DF804FB38B5054600F012FDF0B1284655
:1071A00000F08CFC08B9002038BD284600F0BAFB7E
:1071B0000446284600F0B9FB054688B9002CF2D0F9
:1071C0002088FAF711FA29462088F9F787FD002868
:1071D000E9D041F6EB413920F9F7C2F94220E3E763
:1071E0000C20E1E710B5FFF7B5FF60B1F9F736FF06
:1071F000044600F0BDFD40B9204600F0B5FD80F02A
:107200000100C0B210BD0120FCE70020FAE708B57C
:10721000FAF7B0F9002008BD102243F220030270F3
:10722000C2705922A0F801308280C38000207047CC
:10723000082108B5F9F7CEFA002008BD10B50446BC
:107240006FF07F00FFF79BFFFAF702FC20707F20B2
:10725000FFF795FFFAF7FCFB6070002010BD10B53A
:107260000446F9F7FBFE00F07CFDFAF7F1FB207015
:10727000002010BD0A4600F1100108B5072300F0F8
:1072800094FF002008BD10B5014604460020FAF71F
:10729000D1F908B92060A080002010BD10B50446C7
:1072A000FAF762F928B900202146FAF7ABF9002075
:1072B00010BDFFF797FF0028F5D10C20F8E710B5B7
:1072C0000446FFF78FFF28B101202146FAF79AF90B
:1072D000002010BD0C20FCE708B5F9F7B9FE00202E
:1072E00008BD10B50446FAF757F920600020616028
:1072F00010BD2DE9F3410546477801210078F9F7E3
:10730000D7FC044600285ED000F01BFDEE788642D4
:1073100028BF0646042FB6B22FD1002E39D1204601
:1073200000F034FD6B78032B37D107F0FD08B8F17E
:10733000010F44D1204600F029FD00283CD1012F47
:1073400008BF4FF002084246216B6846F9F7CEFDB0
:1073500033466A680121206BFFF718FE002834D0FD
:107360006B78023B012B2CD8206BFFF7A9FE012183
:107370000246206BFFF73AFE23E0206BFFF7A0FEEA
:10738000304480B21F2804D8FB1E012BC7D9002E21
:10739000C5D1122002B0BDE8F0810028F9D1042B3C
:1073A000C3D1204600F08AFB0028F2D0206BFFF703
:1073B0009DFE0028B9D1ECE74FF00008C3E7042F89
:1073C000C6D10020E6E74220E4E70720E2E72DE906
:1073D000F3410746457890F8038001210078F9F7DA
:1073E00067FC044600283CD000F0C2FC0028206B5B
:1073F00008BF4FF00008FFF76EFE00EB0806B6B2BC
:107400001F2E30D8042D2ED0032D0CD1204600F095
:10741000BDFC20BB012D14BF05220622216B68464E
:10742000F9F764FD08E0B8F1000F1CD0204600F029
:1074300045FBD0B9012DE9D043467A680021206B85
:10744000FFF7A4FD98B1023D012D04D8324600217A
:10745000206BFFF7CBFD002002B0BDE8F0810422D5
:10746000DCE74220F8E71220F6E70C20F4E70720DB
:10747000F2E713B50446F9F7F1FD4FF4407368469F
:10748000ADF8003000238DF8023014F8013B8DF880
:1074900003300194FFF79BFF02B010BD38B5012106
:1074A00005460078F9F704FC0446A0B100F006FB9D
:1074B00028B92046691C00F096FB002038BD204604
:1074C00000F056FC08B10C20F8E7204600F04CFC18
:1074D0000028EED0F7E74220F0E713B50446F9F7AD
:1074E000BDFD684614F8013B8DF803304FF440733E
:1074F0000194ADF8003000238DF80230FFF7F9FE5B
:1075000002B010BD73B50546F9F7A8FD04462B7807
:1075100063B100230DF1010101208DF80030FAF76D
:1075200089F818B16846FFF7B9FF88B900262046E8
:107530008DF8006000F020FC2B78C0018DF803600E
:10754000012BADF8010005D169462046F9F724FE6C
:1075500002B070BD2BB9204602B0BDE87040FFF705
:1075600019BE1220F4E708B500210088F9F7A0FB46
:1075700020B10021BDE8084000F0B9BC022008BDE0
:1075800010B504460078FF280AD00121F9F790FBD6
:1075900058B16378A27843EA0223C384002010BD67
:1075A000B4F80100FAF718FEF8E74220F7E708B54B
:1075B0000078003818BF0120FAF708FE002008BD47
:1075C00010B50446F9F74AFD6178C1F3400201F0B5
:1075D000010100F0F1FB002010BD1220704710B532
:1075E000044604B910BD236898476468F9E7036846
:1075F0000BB9016070471A465B6813B18A42FAD131
:1076000070478A4218BF5160704708B5FAF788FD85
:10761000FBF7CAF820B140F241119320F8F7A0FF20
:107620000120BDE80840FFF77EBCFEF73DBE704775
:1076300030B542401C7808785D7860404C786C40EA
:107640009D7820448C786C40DD782044CC786C4068
:107650001D795B7920440C7949796C404B4020447A
:1076600018441044B0FA80F0400930BD02460020B2
:107670000139C9B2FF2900D17047535C83F001037F
:107680000344D8B2F4E708B5F9F7FAFF082803D0A5
:10769000BDE80840FAF716B808BD08B500F05CFC74
:1076A00018B1BDE80840FBF7F5BA082008BD70B571
:1076B00004460D4659BB4FF41A7200F00CFE01232C
:1076C00084F8DE5084F88E306FF0360384F8D930B9
:1076D000042384F8DA306FF03B0384F8DB306F2347
:1076E00084F8DC306FF03C0384F8DD306FF07F030A
:1076F00084F8DF302B2384F8D830FE2384F80E3151
:107700007F2384F88530202384F8F73170BD012968
:1077100011D10023A0F8B43180F8AB3140F6B83372
:107720008269A0F8B4301146438C04F17800BDE8BA
:107730007040FAF765B90229E8D1B0F84A32D0F8BA
:1077400044228169F1E738B50D460446F9F72AFF6E
:107750002B78002B08BF034684F864306B78002B2D
:1077600008BF034684F865306B88A4F8663038BDDE
:10777000002307B501A80193FCF70CFA019810F05B
:10778000030018BF012003B05DF804FB03788901F2
:1077900023F0400301F040010B430370704703786E
:1077A00003F07F0343EAC113037070471F2A38B503
:1077B0000546144603D9B7212A20F8F7D1FE06342E
:1077C0000930FFF783F86C7038BD1F2A38B50546BD
:1077D000144603D9D9212A20F8F7C2FE063409300D
:1077E000FFF774F86C7038BD0378024603F00F039E
:1077F000032B3ED0052B42D1C37F90F820000343DA
:1078000092F82100034392F82200034392F82300E8
:1078100000F01F00184333D05378222B2FD1B2F839
:107820001930B1B1B3F5506F13D940F607518B42FF
:1078300025D8B2F81B30B3F5FA7F20D2B2F81D007C
:1078400040F676430A3880B298428CBF002001206F
:107850007047991F40F67A4089B281420FD8917DD6
:10786000481E07280BD8994209D2B2F8171099423E
:10787000DEE74078A0F10C035842584170470020E1
:107880007047FAF7B5B910B521B94FF4107110204F
:10789000F8F766FE4A600B72EFF3108472B6031DB0
:1078A0000B6042681AB1127A012A08BF03600368AC
:1078B0001960016004B962B6BDE81040FAF7E2B998
:1078C0000222FAF7F7B90422FAF7F4B98369006BD8
:1078D000984228BF184601F19C0383423DBF401ADD
:1078E0009C3840080020704710B50B7901284C796E
:1078F0000A6843EA0421104608BF41F4803110BDF4
:1079000007B5FFF7F1FF0DF10702FAF741FA03B0EF
:107910005DF804FB08B5FFF72BFF002814BF142007
:10792000002008BDD0F8CC00704710B5044690F890
:107930001031EBB1FF2380F81831012100F039FA42
:1079400094F81031A3B194F8C800FDF7A5FB94F8A2
:10795000C800FDF74BFC94F8C800FDF7DDFA20B92C
:1079600040F209213020F8F7FBFD002384F81031A4
:10797000002010BD08B590F8182142B990F8D02029
:1079800042B1D0E93531994202D9FBF76DF80022B6
:10799000104608BD0122FBE710B50446FFF7BAFF09
:1079A00000F295112046FFF791FF40F648039842F8
:1079B00028BF184680B210BD70B5044621B1012918
:1079C00078D040F6280172E000F00AF994F81131FD
:1079D00005460E46DBB150EA010318D0D4E938322F
:1079E000D4E94001C01A334661EB02012A4600F097
:1079F00029FC05FB01F300FB0633A5FB0002134441
:107A0000D4E93821121843EB0103C4E93823E08C90
:107A100030B1FAF773F9E38CB0FBF3F202FB130019
:107A2000D4E93832ED184FF0000346EB02062D186A
:107A30004FF0020284F8F03046F1000684F811316C
:107A4000A4F8F820C4E93856C4E9405694F818312F
:107A500003F0FF01DBB96FF00043D4E942029A4220
:107A600008BFB0F1FF3F18D02046D4E9405600F0DF
:107A7000ACF8AE30D4E942325B1B62EB06021B1A53
:107A800062F10002002A08DA2046FAF7EDFFFBF760
:107A900091FDBDE87040FDF72ABA04F1F00194F8B9
:107AA000C800FDF7C7FA0028F1D14FF4EA61302091
:107AB000F8F756FD002380F8D030E8E790F8100181
:107AC000003818BF012070470B46142203F8032B1F
:107AD000D0F80920C1F80320D0F80D205A60704773
:107AE00038B510220B460C4603F8032B00F10902AF
:107AF000293052F8041B824243F8041BF9D1127852
:107B000000211A700123A588A3712846F9F7D0F83F
:107B100070B1E37863B10088F9F766FD002128466B
:107B2000F9F7DCF820B140F22B212D20F8F718FDF1
:107B300038BD0121FAF734BDFFF7FBBF90F87A306A
:107B40000BB10120704790F8B22002F0FF03002A29
:107B5000F7D190F8A4201846704737B50D464FF47A
:107B600090720021044600F0B6FBFF23237013231C
:107B7000638042F21073E384F9F78AF90022014628
:107B800020636846F9F7B2F9206B00220121FFF764
:107B90002DFA216B68460422F9F7A8F90022206B20
:107BA0001146FFF723FA04F12800A57403B0BDE8DD
:107BB000304000F03AB9FF23086B0B70FFF7E3B9D0
:107BC0000078FF3818BF0120704710B504462830F0
:107BD00000F07BF928226188FAF774FF6D3010BD40
:107BE000D0E9020170470B68C0F815308B88A0F807
:107BF00019300123C37670472DE9F04F064691B046
:107C00000C46074606AD0DF110080FCE0FC50FCE7E
:107C10000FC596E8030085E80300404600F005F92B
:107C2000667894F8149006F07F0594F80AA0B9F1EC
:107C3000010F94F800B02E4607D0B9F1020F04D01E
:107C400040F29A310620F8F78BFC617A404600F04A
:107C5000F3F8237D227F4046022B02F101020CBF84
:107C6000617D0121D2B204BF0131C9B200F0E6F852
:107C700015F0080362D14046019300F026F928224E
:107C80003146FAF71FFF40F2712100F29922E578A0
:107C90002079019B45EA00256079B2FBF1F245EAC3
:107CA00000454A434D43AA420AD9E079A57945EAFD
:107CB0000025207A45EA00454D43954228BF1546E8
:107CC000227E0393531EA17C386B5A4202915A4183
:107CD0000192FFF71DFA386BFFF72AFA039B019A0E
:107CE0000299ADF81A6006AE08953D468DF8282039
:107CF0008DF82B108DF82CA08DF818B08DF81C90F5
:107D000009930FCE0FC50FCE0FC596E8030085E887
:107D1000030098E80300B8620020B985E37A03F015
:107D2000FD03003B18BF012387F85730E368BB65AC
:107D3000238AA7F85C3011B0BDE8F08F00252B46F0
:107D4000BEE7438813F0040F0CBF1F2000207047CC
:107D50004FF40043C38543881D2B08BF00214174A5
:107D6000704790F912007047408800F0010070479A
:107D70008078C0F3400070478078C0F3C00070473F
:107D800008B5006BFFF7BBF9012008BD0120704763
:107D90000120704790F8503001624B72D0F851309A
:107DA000C1F80A30B0F85530CB8170477047FAF708
:107DB00063BA80F87010704780F8241080F825208E
:107DC00070478278034612F0010002D0D978C907C3
:107DD00010D5900702D5D97889070AD512F004008A
:107DE00008D0D878C0F3800080F001008000C0B2D5
:107DF000704702207047C0F34002C0F3800300F0D8
:107E00000100134418447047022808B507D004281D
:107E100007D0012807D039212E20F8F7A1FB262012
:107E200008BD2720FCE72520FAE70023C0F8023030
:107E300001234370037070478170704710B5427022
:107E4000144601708078FFF7D6FF484304FB00F228
:107E5000FE2A03DD5C212E20F8F782FB10BD0023F3
:107E6000C37043710371704710B50446FFF7A9FF53
:107E7000637962780133DBB29A4263710CD1E378A3
:107E80000022A17803436271DBB29942E37001BF23
:107E90002379E27001332371BDE81040FFF7B4BFCE
:107EA00038B504468078FFF7A6FF0146E078FFF773
:107EB000A2FF2378227965789B1A6B435943637933
:107EC000C91A00FB1510C0B238BD014608B580784C
:107ED000FFF791FF4A780B7853435843C0B208BD6F
:107EE00040F2EE20704740F25A335843704738B59D
:107EF0000446084694F8303213B10C25284638BDA4
:107F000094F88730153B012BF7D894F8543203F0DE
:107F1000FF05002BF1D191B194F8C63123B940F699
:107F2000AC213120F8F71CFB052304F1F00204F525
:107F3000DB7100F03AF9012384F83032DEE70223E6
:107F4000FAE708B5FBF740F9FAF702FFFAF7EAFD9E
:107F5000BDE80840FAF7CCBEC82108B5FAF780FEA4
:107F6000022807D1013911F0FF01F7D1EB213B20A5
:107F7000F8F7F6FA431E5842584108BD19B943783C
:107F80000BB1C3788370704710B504460846FBF701
:107F9000F1FC4FF47A73B0FBF3F0201A10BD10B56A
:107FA00004460846FBF7E6FC4FF47A7200F2E7332A
:107FB000023CB3FBF2F3E01A10BD08B5FEF724FC57
:107FC000BDE8084000F038B8801A00F3070038B563
:107FD0000D46144659B240B2FDF788FC00232870C4
:107FE00020446B7040B238BD002303607047704777
:107FF000002070474FF0FF3070474FF0FF30704760
:1080000070474FF0FF3070470020704700207047E6
:108010000023037070479DF800300022FFF7D4BFA3
:108020004FF0FF307047002070474FF0FF3070472F
:108030004FF0FF307047704770470020FDF7BEBC1F
:108040000020FDF7BFBD0020FDF7D0BD0020FDF7EB
:10805000B5BC7047FDF716BEFDF728BEFDF718BE8C
:1080600070B50024FEF7A2F905462646E0B2854227
:1080700000D870BDFEF7A0F90134068580F82A60AB
:10808000F4E7F8B5037904461BB11B219D20FEF7E8
:10809000D3F94679017126B901234371217909B9D0
:1080A0006171F8BD276820462671B8470228054649
:1080B000F4D103212046B84708B12F21E6E7236811
:1080C0002946204698470028E8D03021DEE70346BD
:1080D0000068884204D109B10A681A6008467047EE
:1080E00028B97047884202D10A681A60F6E7034649
:1080F00000680028F6D1704701F11003013813F829
:10810000012D8B4200F8012FF9D170472DE9F0477E
:1081100013F0010F8EB004460D4617469A46DDE96E
:10812000168924D006A8FFF7E7FFA30735D002AAD7
:1081300004F110052068083454F8041C1346AC42BE
:1081400003C31A46F6D106AD02AC1AF0020F43463D
:10815000CDF8009023D0294620460AAAFEF714FA4B
:108160000AA93846FFF7C8FF0EB0BDE8F08713F044
:10817000040F0DD106AB0E4601F1100C1D46306800
:10818000083656F8041C1A46664503C21346F6D153
:10819000214602A8FFF7B0FFD6E706ADD5E73A467D
:1081A00029462046FEF7F0F9DEE713B50024CDE9B5
:1081B0000044FFF7ABFF02B010BDFEF701BB20BFCC
:1081C000704720BF70479142F8B503D373219620C2
:1081D000FEF732F9B2FA82F33BB1C3F120049940C1
:1081E0009A4020FA04F4984021434FEA124C93B28B
:1081F000040C87B2B1FBFCF50CFB151E05FB03F666
:108200004FEA0E4E0EEB1040864205D9361A9642C2
:1082100094BF01260226AD1B04EB0141280405FB97
:108220001211B1FBFCF40CFB1411634307EB014783
:10823000BB4205D9DB1B934294BF01230223E41AFE
:108240002043F8BD2DE9F0411D4607460C46164671
:1082500052EA050303D1A6219620FEF7EDF885B971
:10826000914204D2FFF7AFFF2946BDE8F0810846EE
:108270002946FFF7A8FF05463246384606FB15415A
:10828000F0E7B5FA85F80123400803FA08F3C8F1CE
:108290001F0840EAC470A3FB0212610803FB052219
:1082A000FFF791FF30FA08F04FF0000102D00138DB
:1082B00061EB010100FB05F3A0FB062C06FB01337B
:1082C000BF1A634464EB0304B742AC41CDD3013021
:1082D00041F10001C9E7F0B5C9B20446A30726463B
:1082E0000ED14FF0013522F003034D43E718BC4295
:1082F0000CD1334402F003021A44934209D1F0BD79
:10830000002AFCD0013A04F8011BE7E744F8045BBB
:10831000EDE703F8011BF0E700280CBF6FF0150034
:10832000002070470020704707230370002070472B
:1083300000207047002070472DE9F04786468C46A4
:108340000846089E154674461946002B40F0C18029
:108350008542B2FA82F245D94AB1C2F1200300FA4D
:1083600002FC954094402EFA03F343EA0C0C4FEACA
:10837000154EA8B2230CBCFBFEF80EFB18CC08FB74
:1083800000F943EA0C43994528D9EB1808F1FF3767
:1083900004D2994502D9A8F102072B44A3EB0903A3
:1083A000A4B2B3FBFEFC0EFB1C330CFB00F044EA52
:1083B0000344A04214D92C190CF1FF3304D2A0427B
:1083C00002D9ACF102032C44241A43EA07401EB13F
:1083D000D440002334607360BDE8F0874746DDE792
:1083E0006346F1E792BB431B01214FEA154EAFB242
:1083F000200CB3FBFEFC0EFB1C330CFB07F840EA21
:108400000343984561D9EB180CF1FF3004D298452D
:1084100002D9ACF102002B44A3EB0803A4B2B3FBD6
:10842000FEFC0EFB1C330CFB07F744EA0344A74297
:108430004DD92C190CF1FF3304D2A74202D9ACF16B
:1084400002032C44E41B43EA0040C0E7C2F12003CE
:108450009540944020FA03F12EFA03F34FEA154EAB
:108460009040AFB20343B1FBFEFC0EFB1C10190C95
:108470000CFB07F841EA0041884522D969180CF144
:10848000FF3004D2884502D9ACF102002944A1EBA7
:1084900008019BB2B1FBFEFC0EFB1C110CFB07F7A5
:1084A00043EA01439F420ED9EB180CF1FF3104D28D
:1084B0009F4202D9ACF102012B44DB1B41EA00418F
:1084C00093E76046E3E76146F7E76046A4E7634663
:1084D000B8E7834206D916B9002108467CE7C6E909
:1084E00000E0F9E7B3FA83F78FB9834201D372450D
:1084F00008D8BEEB020460EB030301209C461EB9C2
:10850000002169E73846FAE7C6E9004CF8E7C7F109
:10851000200CBB400EFA07F522FA0CF42EFA0CF1EF
:10852000BA401C4320FA0CF3B8404FEA1449014307
:108530001FFA84FEB3FBF9F809FB18300B0C08FB9B
:108540000EFA43EA00439A4540D9E31808F1FF3098
:1085500004D29A4502D9A8F102002344A3EB0A03EE
:1085600089B2B3FBF9F809FB183308FB0EFE41EAA8
:1085700003418E452CD9611808F1FF3304D28E4592
:1085800002D9A8F10203214443EA0040A1EB0E0105
:10859000A0FB02984145CE46434602D306D14D4545
:1085A00004D20138B9EB020E68EB0403002EA7D009
:1085B000B5EB0E0261EB030101FA0CFC22FA07F3A2
:1085C000F9404CEA0303C6E9003199E74046C5E7A4
:1085D0004346D9E7000000002DE9F74F3DA7D7E952
:1085E0000067DFF8CC80DFF8CCB03046394605F0C4
:1085F0007BF9DBF80030002BF5DB0A23D8F80010FC
:108600001C244D1C95FBF3F203FB12552A482A4605
:1086100007F059F802F036FB01236C43DFF89CA009
:108620008DF800301AF804900AEB040369F03F0259
:108630008DF806205A7869468DF805209A789BF8BF
:1086400000008DF80420DA788DF803201A795B7920
:108650008DF8022000228DF8013002F03DF8011E55
:1086600005DA174807F02FF800F0D0F8BBE7A31D94
:108670005344144AC8F8005003F1140153F8040B92
:108680008B4242F8040BF9D11B884FEA99191380E9
:108690000D4B83F81B9000F0B9F80028A3D1D8F84F
:1086A000000000F07BF80949094807F00CF89AE748
:1086B000901D002010030020582401005B250100BC
:1086C0006F240100890400208404002040771B00EF
:1086D000A2240100904E5A03000000000000000098
:1086E00037B50024164D6FF009034FF48062284619
:1086F0001449009404F040FD1349284604F0DAFDC3
:108700001249134808F028F9224604211C2000F0E1
:10871000C9FD01220F4BD3E8EF1FC3E8E02F00286B
:10872000F9D105A3D3E9002328460B4904F064FDE1
:10873000204603B030BD00BF389C1C000000000084
:1087400008190020A8350020FC2C0100C9000100F8
:10875000841E0020801E0020500200200000000027
:1087600010B50B4BD3E8AF3F53B1FDF78DFD06A31A
:10877000D3E90023BDE810400649074804F03CBD9A
:1087800010BD00BFAFF30080389C1C00000000004B
:10879000801E0020500200200819002001461C23E2
:1087A0004B4370B5134886B0C218C35C507943F090
:1087B000C0030490107900240390D0780E4D0290ED
:1087C00090785278019000920C48092206F07BFFC5
:1087D0000B4806F078FF0B4E304615F8011B0134AC
:1087E00006F071FF1D2CF7D1074806B0BDE87040B8
:1087F00006F069BF5B25010084040020F823010016
:108800002824010031240100D32A010030B50D4D88
:1088100089B003AC0FCD0FC401222B680A49236035
:108820000A4B03A81B6800928DF80C30084B02F02D
:1088300023F9044618B10146064806F044FF2046D5
:1088400009B030BDC01E0100F0210100100300205E
:10885000E82101003724010013B50A221F492048EE
:1088600006F031FF002001F0D5FD044630B101468D
:108870001C4806F028FF002002B010BD1A4806F080
:1088800022FF1A4B2146009342F27A23ADF80430BE
:10889000F12368468DF8063001F0DCFE144B002809
:1088A0000146186001DA1348E3E7134B134A03F15A
:1088B000140153F8040B8B4242F8040BF9D11B88C6
:1088C000138002220E4BDA76FFF7A0FF0028D2D1E8
:1088D000FFF764FF01490B48CBE700BF40771B005F
:1088E000BB240100F52401001025010001A5214150
:1088F00010030020272501006125010089040020C4
:1089000084040020A2240100014B1B68184700BF0B
:1089100014030020014B1860704700BF14030020AF
:1089200030B585B004460D4610220021684608F097
:10893000D5FC02238DF80230044B2A4621466846B6
:10894000019306F023FA05B030BD00BF098900008D
:1089500080B505460E461746984605F017F80346BB
:1089600008F046FD0446DFF81890424649F800300A
:1089700039463046A84754F8090000F015FC00BFFE
:10898000080000002DE9F047058B044628079046B3
:1089900011D4022905F0070540F0CC80204606F0EE
:1089A000ACFE78B10138218B042811D8DFE800F043
:1089B000C2106D85950001290CBF45F0100545F0EA
:1089C0002005258388F31188BFF36F8FBDE8F087FA
:1089D00001F0070AAA4500F0A5800027B9463E46E7
:1089E000A368002B00F0BC8041F00801218388F3CC
:1089F0001188BFF36F8FA168002900F0BA800D685D
:108A0000002900F0B680334652462046D1F8048053
:108A1000C047002D76D02B6829461D46F0E701F0AF
:108A200007035A1F012A1BD8002221F00701062B39
:108A3000276889B2C4E9002209D13B4603E0628B72
:108A4000013262831B68002BF9D141F002012046FC
:108A5000218306F052FE00287AD041F0200176E012
:108A6000042B0AD121F0070189B22046218306F0A8
:108A700044FE10B141F020012183218B01F0070A4F
:108A8000AA454FD00027B946AAE7236921F007017C
:108A900041F00601062DD3F8009021832DD1B9F1C4
:108AA000000F3FD041F00801218388F31188BFF304
:108AB0006F8F20463949C84729E021F00701236913
:108AC00041F0040189B2042DD3F804902183E6D04B
:108AD00000274FF0040A3E4682E721F00701236990
:108AE00041F0050189B2052DD3F808902183D6D035
:108AF00000274FF0050A3E4672E700274FF0060AAE
:108B00003E466DE72B4687E7B9F1000FD1D1EFF371
:108B10001188402383F31288BFF36F8F238B23F0D8
:108B200008032383258BEA062ED525F01003238323
:108B300005F007056669218B002EBFF670AF002394
:108B40002768C4E9003321F0070141F001012183C6
:108B5000218B4FF0000901F0070AAA457FF440AFCE
:108B6000002F9CD041F00801218388F31188BFF3C6
:108B70006F8F002FC8D03D68394633465246204695
:108B800006F0E7FD2F46F4E7AB067FF51BAF25F0B7
:108B90002003238305F0070500E700BF7FF70000EF
:108BA000014B036000207047F821010008B504481C
:108BB00006F089FDBDE80840024806F084BD00BF0C
:108BC00073260100A826010008B50348034A0021C6
:108BD000121A06F079FE08BDF8050020A82500202D
:108BE000074808B5074A0849121A06F06FFEBDE8A3
:108BF00008400648064A0749121A06F067BE00BF39
:108C000040000020F4050020842D010040000020D9
:108C100040000020842D010038B505460C4699B16E
:108C2000D1E901230F48096806F04DFDD4E904237A
:108C3000E1680D4806F047FDE1690C4806F043FD88
:108C4000A1690B4806F03FFD012D05D1EFF3058129
:108C50000848103906F037FD21462846BDE838405F
:108C600003F0D0BED62601000627010036270100FA
:108C7000462701007527010030BFFFF7FDBF00BF89
:108C80002DE9F04105460B4EDFF82C80324606EB0D
:108C90000807CC1B2046094908F013FBA0194246DF
:108CA0000021083C08F01AFBC5F8B84007F108009D
:108CB000BDE8F0810000000004000000B81E0100C3
:108CC000054B5A699B689A421FBF044A536843F098
:108CD00080535360704700BF981E002000ED00E0F5
:108CE00010B5204C204806F0EEFCA36A990137D558
:108CF0001E4806F0E8FC1E20A36ADA0103D51C48D2
:108D000006F0E1FC1F20174CA36ADB0203D51948CB
:108D100006F0D9FC0220A36A1C0303D5164806F00E
:108D2000D2FC21200F4CA36A590303D5134806F047
:108D3000CAFC2220A36A9A0303D5114806F0C3FC9B
:108D40002320084CA36ADB0303D50E4806F0BBFCC6
:108D50002420A36A6FEA03436FEA1343A36210BDA2
:108D60001D20C9E700ED00E089270100A2270100CE
:108D7000B6270100D1270100FC2701001B280100B4
:108D8000412801005C28010070B5244C06462448A7
:108D90000D4606F098FCA36AD90435D5214806F0A3
:108DA00092FC1720A36A1A0503D51F4806F08BFC16
:108DB00018201A4CA36A9B050FD51C4806F083FCAB
:108DC000A16BA36A180407D5194806F07CFC1EB1F4
:108DD000A36A23F40043A3621920104CA36A590527
:108DE00003D5144806F06FFC1A20A36ADA050DD5E6
:108DF000114806F068FC1B20084A936A43F47F433D
:108E0000936200232B7070BD1620CBE7A36A9B04EE
:108E1000F2D50A4806F057FC1C20EDE700ED00E013
:108E2000882801009F280100B1280100C528010001
:108E3000DF280100F5280100112901002A2901007D
:108E400070B5264C064626480D4606F03CFCA36A43
:108E5000D80640D5234806F036FC1120A36A19072E
:108E600003D5214806F02FFC12201C4CA36A9A0758
:108E70000FD51E4806F027FC616BA36A1B0607D5B9
:108E80001B4806F020FC1EB1A36A23F08003A362F6
:108E90001320124CA36ADE0703D5164806F013FC14
:108EA0001420A36A9C0603D5134806F00CFC152079
:108EB0000A4B9A6AD10658BF9A6A9A6A920642BFCA
:108EC0005A6A22F400525A629A6A42F0FF029A6287
:108ED00000232B7070BD1020C0E700BF00ED00E044
:108EE0005A29010071290100B1280100A5290100BA
:108EF000BE290100D52901002A2901002DE9F041F0
:108F00005B4B04465F6800258AB0C7F3080685F30B
:108F10001188BFF36F8F02F07F43B3F17F4F06D10B
:108F200002F00C03082B13D1524806F0CCFB0025AD
:108F30002C464FF00008F31E8DF80780092B00F235
:108F40008580DFE803F00A797D75838383838381DD
:108F500010074CBF0C460125EBE74748444E06F08E
:108F6000B2FB8DF80780F36A9A0704D5434806F0F0
:108F7000AAFB00232FE0F36A002B01DA4048F6E752
:108F8000F36A5B00F5D53F4806F09DFB7369A26963
:108F900043F480737361BFF34F8FBFF36F8F7369B7
:108FA00032F8022C23F480737361BFF34F8FBFF349
:108FB0006F8F4DF602739A4208D0B36ADBB24BB39F
:108FC00001200DF10701FFF73BFF33E021682E4838
:108FD00006F079FB23689DF80720C2B902AE04F1C0
:108FE0002007324620686168083403C2BC42164636
:108FF000F7D1099AB5B3C2F3080121B96FEA522239
:109000006FEA42220992184602A9FFF705FE0AB04C
:10901000BDE8F081B36A13F47F4F05D001200DF154
:109020000701FFF7B1FE05E0B36AB3F5803FA0D3B7
:10903000FFF756FE0346CEE700200DF10701C2E719
:1090400000200DF10701ECE7104890E7104B17F4F2
:10905000F87F1049104818BF1946A6F1100206F013
:1090600032FB86E722F4FF7222F00102CAE700BF5A
:1090700000ED00E0232A01004F2A0100672A0100C9
:10908000892A0100982A0100B82A0100D52A010086
:109090000A2A0100F5290100FA2A0100064B5A6943
:1090A00042F010025A615A6942F480625A615A6968
:1090B00022F008025A61704700ED00E0EFF30880EB
:1090C000EFF3098101B57246FFF718FF01BD00BF3C
:1090D000002080F31488BFF36F8F002080F30A888C
:1090E00080F30B88104880F3088800200F4908702F
:1090F00002F0DCFF00200E490860BFF34F8F00F044
:109100002DF8402080F311880A484FF40061401880
:1091100080F30988EFF314800221084380F3148858
:10912000BFF36F8F00F0E6F8E8500020A325002081
:1091300094ED00E0A8390020002318460649D1F834
:109140009020C2F30722934200DB7047C1F89830A9
:10915000C1F8A0000133F6E700ED00E010B572B6EB
:10916000002484F31388FFF7E7FF23464FF0FF3016
:109170000C4A03F120010133102B42F82100F8D1F1
:1091800000234FF0FF30074A03F160010133102B39
:1091900042F82100F8D162B6BFF34F8FBFF36F8F53
:1091A00010BD00BF00E100E0084B9B6883420BD17B
:1091B000EFF3058343B1064B5A6842F080525A6080
:1091C0005A6A22F400425A6204F0E6BB981E00205C
:1091D00000ED00E016498A684FF030001044EFF3CC
:1091E000098C80E8F01F402080F31288BFF36F8F56
:1091F000104F4FF000664A698A603E60D2F8B800AE
:109200000D4C2060D2F8BC000023C2F8BC3080F3C3
:10921000118802F1300090E8F01F8CF3098802F108
:10922000000004B506F063FBBDE804407047000091
:10923000981E002004ED00E0941D00201EF0040F95
:109240000CBFEFF30880EFF30980816911F8021C6D
:109250000229FFD001B5724606F03AFB01BD00BFFE
:1092600000B2002807DB01234109034A00F01F0078
:10927000834042F82130704700E100E000B200284E
:109280000CDB01220649430900F01F008240203315
:1092900041F82320BFF34F8FBFF36F8F704700BF9C
:1092A00000E100E0D30748BF002100B258BF0231FF
:1092B0000028ACBF00F16040064A4FEA4113DBB220
:1092C000ABBF00F5614000F00F0080F8003313548D
:1092D000704700BF14ED00E0044B054A23F07F0304
:1092E0009360BFF34F8FBFF36F8F70470000000094
:1092F00000ED00E008B5FFF7EFFF074AD2F888302D
:1093000023F47003C2F88830FFF75EFCFFF768FCB7
:1093100000F048F803F03EFC00ED00E042F8203C8D
:10932000009B0B4942F81C3C019B21F0010142F8D3
:10933000183C029B42F8081C42F8143C4FF0807322
:1093400042F8043C0023203A0265C0F8BC30704764
:109350005189000000B50E4B15469860D0F8B82032
:109360000C4B0E461A60D0F8A83083F30B882C46BD
:1093700086F309880020044B9847204600210022EC
:109380000023024C20470000FFF800005189000034
:10939000981E0020941D00201022014B1A61704776
:1093A00000ED00E00023402040F20F1210B5044C05
:1093B000E1180133934281F80003F9D110BD00BFD9
:1093C00000E100E008B5EFF30583064A103B02EB2D
:1093D000C30152F8330049688847BDE80840FFF7E9
:1093E0006FBC00BF741501001FB5094C094A234624
:1093F0000121094800F0FAF800230393074B0121EB
:10940000E41A01A80193029400F0FAF804B010BD28
:1094100000F0022000000020F8210100F8050020E3
:1094200010B50C7A0B6804F01F0223F01F031A43D7
:10943000CB68640923F01F03054943EA440343F062
:109440000103C1F89800C1F89C20C1F8A03010BDFC
:1094500000ED00E010B5074BD3F89030C3F30723BD
:10946000013B984202D8FFF7DBFF10BD6FF01500FB
:10947000FBE700BF00ED00E02DE9F04F0F4614467A
:1094800006464FF000084D4D85B0B84580F29280F9
:10949000D6F80490B9F1000F36D0B9F11F0F40F2A1
:1094A000878019F01F0F40F08380D6F800A01AF0D3
:1094B0001F0F7DD1504606F045FA834609EB0A009E
:1094C000013806F03FFA834572D11BF1160F6FD0B9
:1094D0005C456DDDC5F898B0D5F89C10C5F898B01E
:1094E000D5F8A03021F01F0143F01F0AD6E9003261
:1094F0001A44994202F1FF391ED1CA4508D13146BA
:109500005FFA8BF006F027FA08F101080C36BCE789
:109510003146C5F898B0D5F89C3022F01F0203F010
:109520001F031343C5F89C30E0B206F014FA10F1A3
:10953000160F3DD0441CE7E7C5F898B0D5F8A02039
:10954000013B23F01F0302F01F021343CA453146BB
:10955000E0B2C5F8A030E8D006F0FDF910F1160F22
:1095600026D0C5F898B0D5F89C209DF808300AF1AF
:10957000FF3A62F304038DF80830D5F8A0309DF867
:1095800008205B0863F347128DF80820D6E9003203
:109590001344009323F01F035344A3EB090301304A
:1095A00023F01F036946C0B20393FFF753FFBEE7E2
:1095B0006FF01504204605B0BDE8F08F00ED00E027
:1095C0000522044BC3F89420BFF34F8FBFF36F8F76
:1095D000704700BF00ED00E0BFF35F8F0022024B39
:1095E000C3F89420704700BF00ED00E010B5034CB5
:1095F0002278FFF741FF207010BD00BF102500202A
:109600002DE9F74F294D8A4606464FF00008AB4634
:10961000274FD0451BDAD6F80490B9F1000F3FD0A0
:1096200031680846019106F08DF90199044609EB6D
:109630000100013806F086F984424FF014021D4BF8
:1096400008D002FB08F36FF015024BF8032003B0BB
:10965000BDE8F08F14F1160F2C60F8D01978A142F4
:10966000F5DD02FB08B0C7F89840C7F89840D7F876
:109670009C4000F10801007B64F304000871D7F8F6
:10968000A0000C79400860F347140C71D7F89C10C7
:1096900021F01F016960D7F8A01021F01F01296196
:1096A00008F1010814350C36B3E700BF981D0020FF
:1096B00000ED00E010250020F0B54149414CD1F803
:1096C00090302568C3F307239D4287B075D80020EA
:1096D000FFF782FF3C4BC1F8C030854216D13B4CAE
:1096E00001A82570FFF75CFA00250646384FAE4208
:1096F00013D1002023783249D1F89020C2F30722F9
:10970000934254DBFFF75CFF00202FE0616801EB20
:109710000011FFF785FE0130DFE70199280101EB19
:109720000513DA683A40B2F5001F21D0B2F5800F78
:109730002BD0B2F5801F38D15A689B680958013B7D
:1097400022F01F0003440120844623F01F0340EA57
:109750004C10CDE902218DF8100002A92078059364
:10976000FFF778FE00281DDA6FF0150007B0F0BD96
:109770005A689B680958013B22F01F0003444FF0D0
:10978000020C012023F01F03E1E75A689B68095887
:10979000013B22F01F0003444FF0000C062023F091
:1097A0001F03D4E723780133237001359FE7C1F805
:1097B0009830C1F8A00001339EE74FF0FF30D5E7A5
:1097C00000ED00E004220100AAFF44001025002063
:1097D0000000F0FF08B5024B1B689847002008BD49
:1097E000AC1D0020034B044A1860937843F0020339
:1097F00093707047AC1D00201803002008B506497F
:10980000064821F00701C1F1005202F53C3205F093
:1098100000FF002008BD00BF1F5F0020B01D00201A
:1098200070B541690446867A0A4D59B1437ADB071F
:1098300006D42C2303FB06535B6A1B689B6898477E
:10984000002363612C20214606FB0050BDE87040D8
:1098500006F0F2BF440500202C22024B02FB003030
:10986000704700BF440500202C21827A054B01FB84
:1098700002339A6A1B7F801A1B3323F00303B0FB69
:10988000F3F070474405002038B52C24827A064B4B
:1098900004FB02335B6AD3E901240C601568FFF70F
:1098A000E3FF04FB005038BD440500202DE9F043E0
:1098B00085B00546684690461C46039107F0D4F9EA
:1098C000DDE90067EFF31189402383F31288BFF3CA
:1098D0006F8F6B8B002B41D02A8B9A4225D90022A7
:1098E0000023284603F098FA0446F0B189F3118862
:1098F000BFF36F8F039B002B41D032463B46684637
:1099000007F0D7F92C21A27A254B204601FB023320
:109910005B6A03A91B681D68DDE90023A847606135
:1099200070BB2046FFF77CFF24E0698B4B1E6B83E6
:1099300089F31188BFF36F8F2B7F2A8BAC6A1B339F
:1099400023F00303521A02FB0344154B154AEB1A8A
:109950009B105343A3722B7FE372CBE789F31188EB
:10996000BFF36F8F23464246284603F055FA04465C
:109970000028BFD10024204605B0BDE8F083636114
:10998000012300252381039B29466382E27A6560D7
:1099900004F1180007F0A2FC63692582E360EAE79E
:1099A00044050020A38B2EBA70B52C250C4C00B9B1
:1099B00070BD037A4668002BFAD0013BDBB203721C
:1099C000002BF5D1C3604360837A05FB03431B6A18
:1099D00013B198473046EAE7FFF722FFFAE700BFE6
:1099E0004405002008B5234A234B1A6001F062F9B0
:1099F0004FF47A612148D0F82436C3F30802C3F348
:109A000009434B4382F480721D49883201FB0233C3
:109A10004FF4FA215B00B3FBF1F201FB1233194959
:109A2000B3F57A3F28BF0132C1F80429D0F82036B7
:109A30004FF47A60C3F30802C3F30943434342F28D
:109A40001C5082F4807202F2172200FB02334FF4A2
:109A50007A701B0AB3FBF0F200FB1233B3F5FA7F06
:109A60004FF0010328BF0132C1F81C27C1F80036AE
:109A7000002008BD0020A1074404002000C0FF0012
:109A8000F82A00800000125048B1054B054A1B68B7
:109A9000B3FBF2F35843044B43F0010318477047FC
:109AA0004404002040420F00D021010010B505F011
:109AB000FFFF06F0A2FF0B4C18B1D4E8AF3F63B92B
:109AC00010BD03F041FED4E8AF3F1BB9BDE8104024
:109AD00003F04EBE0A209847F8E70A20BDE8104080
:109AE000184700BFBC1D002038B50446084805F0E3
:109AF00056FF054648B1631EDBB21F2B96BF054AD1
:109B00000021D15C0C3005F090FF284638BD00BF25
:109B10009C050020302B0100034BD3E8EF2FC3E856
:109B2000E10F0029F9D17047BC1D00200E38012833
:109B300010B50AD8094805F032FF044618B10421CF
:109B40000C3005F072FF204610BD09B10448F2E761
:109B50000220BDE81040FFF7C7BF00BFC8050020C6
:109B60004405002010B5012104460C3005F07EFFAD
:109B70002146BDE810400023014A007805F0BFBF30
:109B8000A422010010B5012104460C3005F06EFF3F
:109B90002146BDE810400023014A007805F0AFBF20
:109BA000A422010010B5012104460C3005F05EFF2F
:109BB0002146BDE810400023014A007805F09FBF10
:109BC0008C2201002DE9F04788461646824600287F
:109BD0006AD00023DFF8D490D9E8EF4FC9E8E23F1C
:109BE000002AF9D1002C5FD02046FFF73DFE0C2360
:109BF0002F4D274603FB0050438853450DD0D9E82D
:109C0000EF3FC9E8E27F002AF9D1002B4CD01F4674
:109C10003846BDE8F047FFF7C7BEA64208D0204649
:109C200005F0B8FE328AF16804F10C0005F0F4FE8C
:109C30002046FFF719FE0C2606FB00504368ABB127
:109C4000B8F1000F12D12046FFF70EFE012106FBEE
:109C500000504268D2E90003127A03F01F06B140B7
:109C60005B09DAB100EB830005F03AFF2046FFF70D
:109C7000FBFD0C2606FB00508368002BC8D0204655
:109C8000FFF7F2FD704305F800802046FFF7ECFD7A
:109C900006FB0055A86803F0F1F8B9E7C94300EBEB
:109CA000830005F043FFE1E7BDE8F08728020020CC
:109CB000C01D0020054BD3E8AF2F02F00B02D3E804
:109CC000EF1FC3E8E02F0028F9D17047EC01002016
:109CD0002DE9F8430C4603F037FDE268218A13783A
:109CE000042B6DD1022908D82046FFF75DFE002421
:109CF00003F03EFD2046BDE8F88353783E2B08D1A3
:109D00000329F1D0D378012B01D00A2B49D10327A5
:109D100005E0052BFBD00E3B012B42D8012704F1B7
:109D20000C06304605F0B2FE012105463046B4F877
:109D3000109005F093FE0221304605F097FE03785F
:109D400080463E2B07D1E3681B78012B01D00A2BFC
:109D500006D1032614E0052BFBD00E3B012B29D99D
:109D600041F24513194A1A491A4805F0B9FC002373
:109D700083F31188BFF36F8F0323184602DF022697
:109D8000154A0323214698F8000005F0B8FEB207F3
:109D900012D56369A4F8109013FA85F5E560BB0746
:109DA000A5D521460D4805F0FEFD0D490D4806F0EC
:109DB000EFFD9CE70126E3E72046FFF7F5FDEEE720
:109DC0002046FFF7F1FD6FF0150491E7502B0100DD
:109DD000842B01009D2B0100742201002C02002025
:109DE000280400209015002038B51C4805F0F0FD2F
:109DF000044688B300F10C05284605F03FFE042810
:109E00001DD12846022105F031FE037805460E3BA0
:109E1000012B0ED840F6A843114A1249124805F00A
:109E20005FFC002383F31188BFF36F8F0323184671
:109E300002DF032321460D4A287805F060FE204604
:109E4000FFF7B2FD0A4BD3F81C312BB1BDE8384007
:109E50000849094806F09CBD38BD00BF2C0200200F
:109E6000502B0100BA2B01009D2B01008C22010018
:109E700010010020280400209015002010B5C1E931
:109E800000239DF808300C460B72FFF7EDFC0C2206
:109E9000024B02FB00335C6010BD00BFC01D002000
:109EA000F8B502460B46104805F079FD0446C0B1EE
:109EB00004210C3005F0A6FD2046FFF7D5FC0C2749
:109EC00000260A4D07FB005046802046FFF7CCFCD9
:109ED00007FB005086602046FFF7C6FC07FB0055D5
:109EE0006E602046F8BD00BF70050020C01D002038
:109EF000034B0146D3F83C0182689268104700BFCB
:109F0000100100200421014805F0EABDEC01002009
:109F1000014803F02BB900BF1804002070B50546B6
:109F20000C4659B94FF0FF304FF0FF31FFF7B8FF43
:109F3000044618B96FF06805284670BD2046FFF743
:109F400093FC0C22154BA61802FB003330465D80B3
:109F500005F09CFD03280BD90321304605F06DFD6B
:109F60000580238A0121033B8370304605F06DFD97
:109F700040F635439D4208D12046FFF7B9FF05461C
:109F800048B12046FFF710FDD6E72146044806F009
:109F900048FCFFF7BDFF0025CEE700BFC01D002035
:109FA0003402002038B502460B46244DD5F8241162
:109FB00009B9002038BD05F5807002F099FF00282E
:109FC000F7D10022002305F5927002F025FF044628
:109FD00068B940F6B8431A4A1A491B4805F080FB95
:109FE00084F31188BFF36F8F0323184602DFD5F87F
:109FF000180120B1FFF7D8FC0023C5F8183120461E
:10A0000005F0FCFCC5F818012046FFF771FF98B178
:10A010000E4802F033FF2046FFF726FC0C220C4BC3
:10A020001F2102FB003022464088FFF7CBFD20466F
:10A03000FFF7BAFCFFF76CFF0120BBE7100100201F
:10A04000502B0100E82B01009D2B01001002002085
:10A05000C01D00202DE9F04F064617460C4687B07C
:10A0600069B94FF0FF304FF0FF31FFF719FF044699
:10A0700058B96FF06805284607B0BDE8F08F887AB8
:10A08000FFF7EAFB444B83427FD10122002168465F
:10A0900006F0E0FB2046FFF7E7FB0C23DFF8FCA00F
:10A0A00003FB00A0C0F808D0204605F0A7FC01463D
:10A0B0003046FFF733FF054618B12046FFF774FC22
:10A0C000D9E707F095F9364B1A58364B9A421FD10B
:10A0D000DFF8D4B0354806F0B9FB0021814634489A
:10A0E000FFF760FF804688B94FF4F9735A4631494B
:10A0F000314805F0F5FA3146304805F0F1FA88F3B9
:10A100001188BFF36F8F0323184602DF4C45E1D15E
:10A1100000236846264A02F0EBFE804698B14FF4D1
:10A12000FC73214A2649244805F0DAFA42463146B2
:10A13000244805F0D5FA002383F31188BFF36F8F0D
:10A140000323184602DF2046FFF78EFB0C235843FB
:10A150001AF80060AEB12046093EFFF725FC092E33
:10A160000CD8DFE806F0150B0B08050B0B0B0B12D8
:10A170006FF00B057FE76FF00C057CE76FF00405CF
:10A1800079E7002F99D03C6075E76FF0150572E70D
:10A190006FF06E056FE700BF70050020C01D002046
:10A1A00008000000801B0020502B0100340200201A
:10A1B000B4C40400EC2B01009D2B0100F42B010022
:10A1C000142C01001D2C0100F7B5002240F60340BD
:10A1D0001146FFF73FFF0446002853D1FFF76AFD01
:10A1E000214641F2030001AAFFF734FF044600288C
:10A1F00048D1019A854DD16805F18003D1F801005D
:10A20000D1F8051003C31046FFF7CEFB214641F2FB
:10A21000010001AAFFF71EFF044698BB0198C3681E
:10A220005A7885F878205A88A5F87A201A7985F81E
:10A230007920B3F80720A5F87C20B3F80530A5F8FD
:10A240007E30FFF7B1FB214641F2020001AAFFF781
:10A2500001FF0446B0B9019F05F18806FA68531C56
:10A260004132344618685968083303C4934226467D
:10A27000F7D13846FFF798FB95F88430580604D498
:10A280006FF01204204603B0F0BD002142F203003B
:10A2900001AAFFF7DFFE04460028F3D1019A5C4BC8
:10A2A000D168D1F80100D1F8051003C31046FFF7BB
:10A2B0007BFB1F23A5F8F03095F88430990619D45C
:10A2C0004FF0FF304FF0FF31FFF7EAFD0646002860
:10A2D00000F0998002210C3005F098FB01234470B6
:10A2E00022460370314640F66D40FFF7B3FE044648
:10A2F0000028C7D195F8A4301A0712D5002142F2E0
:10A300001C0001AAFFF7A6FE04460028BAD1019856
:10A31000C368D3F80120D3F80530C5E93A23FFF725
:10A3200043FB4FF0FF304FF0FF31FFF7B9FD04461C
:10A33000002868D008210C3005F068FB02270022B5
:10A340002146077042708270C27002714271827140
:10A35000C27142F20100FFF77DFE0446002891D150
:10A360004FF0FF304FF0FF31FFF79AFD064600280F
:10A3700049D008210C3005F049FB8023437020238D
:10A38000047084700471447184712246C770C37173
:10A39000314640F60140FFF75DFE044600287FF499
:10A3A00071AF014601AA4FF60140FFF753FE044684
:10A3B00020BB0198FFF7F8FA21464FF6024001AAA8
:10A3C000FFF748FE0446C8B90198C368B3F80130E6
:10A3D000A5F8C930FFF7E8FA95F8C9305B070DD545
:10A3E00021464FF6034001AAFFF734FE30B9019829
:10A3F000C3685B7885F8C830FFF7D6FA03B0BDE8CC
:10A40000F04000F0B1BA6FF068043BE710010020A3
:10A41000F001002073B5264D0646D5F83C0106F044
:10A420001DF900283CD06FF0020105F1DC0005F0B9
:10A430007DFB012105F054FB10EA010433D11D4BD3
:10A440001E600A4605F5807006F004FA05F5927064
:10A4500006F0DBF9184806F0ABFA6FF007034FF48B
:10A46000006216491448009402F086FE144912480E
:10A4700002F020FFD5F83C01124983681B68984719
:10A48000044628B93EB9FFF79FFE78B9FFF73AFDB9
:10A49000204602B070BD05F1CC0002F067FEF7E780
:10A4A0006FF01204F4E76FF07704F1E70446EFE78A
:10A4B00010010020CC1D002090150020A82D0020A8
:10A4C000622C0100D19C000010B5FFF77DFE044610
:10A4D00008B9FFF717FD044B1B681BB12046BDE808
:10A4E0001040184710BD00BFCC1D002038B50446F1
:10A4F00003210C3005F0BAFAE3680578197840F6C4
:10A500003543B0F8010098420AD02246FFF75AFBC3
:10A5100035B1044802F0B2FCBDE83840FFF7F8BCA2
:10A5200038BD00BF1002002038B5042104460C30AD
:10A5300005F09CFA4578017822464088FFF742FBF7
:10A5400035B1044802F09AFCBDE83840FFF7E0BCA2
:10A5500038BD00BF10020020F8B506460024094DA2
:10A56000AF7BE3B29F4202D86FF0010007E02946BB
:10A57000304605F0EEFA0735631C08B12046F8BDF9
:10A580001C46EEE71001002070B5144E062231463D
:10A59000044606F0ABFEE0B14FF0FF304FF0FF3164
:10A5A000FFF77EFC0546B0B1062221460C3005F0CF
:10A5B00033FA0022294642F20500FFF74BFD48B965
:10A5C0003346226843F87129A288B280012283F8B9
:10A5D0007020002070BD6FF06800FBE78101002053
:10A5E00037B504460D4689B12846184905F0B1FA39
:10A5F00060B9174A2968C4EBC4041151A318AA888A
:10A600009A80AA799A71002003B030BD684605F09F
:10A6100041FA0028F8D16846FFF79EFF0028F5DAD6
:10A620000B4A0098C4EBC40410519DF80610BDF805
:10A630000400A31898809971002DE4D012592A6063
:10A640009A88AA809B79AB71DDE700BF1D2B0100C2
:10A650001001002070B5044611B16FF0150070BDF7
:10A6600080B11B4905F075FA60B92046FFF774FF09
:10A67000002827DA2378012BEFD1A37903F0C00358
:10A68000C02BEAD1134DAB7B022B1ED005F1DC03AE
:10A69000D3E8AF3FDB0707D4002CDED020460C49BF
:10A6A00005F057FA0028D8D1AE7B2146731C3046FE
:10A6B000AB73FFF795FF08B93046D0E7AB7B013BA2
:10A6C000AB73CCE76FF07700C9E76FF00B00C6E71C
:10A6D0001D2B01001001002073B5054616460C46DF
:10A6E00089B120461A4905F034FA60B92378012B64
:10A6F0002BD1A37903F0C003C02B26D12046FFF74E
:10A700002BFF00281EDA06BBFDB1124B9B7BAB4230
:10A710001BD9114801A98DF804508DF8056000F08F
:10A72000A5F99DF8053023B16FF00F03184602B06C
:10A7300070BD21462846FFF753FF002814BF03468B
:10A740002B46F3E76FF07703F0E76FF01503EDE7C3
:10A750001D2B01001001002063FB00002DE9F341D7
:10A760000446D8B1002141F2090001AAFFF772FCAA
:10A77000054698B9019E0622D6F80C80104908F1CA
:10A780000107384606F0B2FD28B1062238460D49C9
:10A7900006F0ACFD30B93046FFF706F9002002B0F4
:10A7A000BDE8F081D8F801303046C4F80130BB88EC
:10A7B0002570A4F80530FFF7F7F80120EFE700BF98
:10A7C0002A2B0100242B010007B56846FFF7C6FFBE
:10A7D000044B987318B169460020FFF701FF03B0DE
:10A7E0005DF804FB10010020F0B52A4D8FB0AC7B62
:10A7F000002C47D195F8CA30DB0713D501AA2146B2
:10A800004FF60940FFF726FC024658B9019803AEFF
:10A81000C3685C780233022C28BF0224A2420CDBFE
:10A82000FFF7C2F8AC73162600240127AB7BE0B219
:10A83000834212D833B3002022E01946374603F191
:10A84000140C51F804EB614547F804EBF9D1098881
:10A850000132398016361633E0E70EAB06FB0033C3
:10A8600053F82C2C33F8283C01A9CDF80520ADF87D
:10A8700009308DF80470FFF7B3FE01340028D5D0FD
:10A880000FB0F0BD002108460FB0BDE8F040FFF763
:10A89000E1BE00BF100100202DE9F0410D46174632
:10A8A0001C460646002856D0002B54D00A030378D5
:10A8B00008D56D074FD405F068F9002849D1012368
:10A8C00023700CE0A9072CD026480FB1AA0608D4A3
:10A8D000C3EBC302825C012A12D002B922700020AD
:10A8E00037E090F8E020510638D5C3EBC302825C14
:10A8F000012A05D002B92270237843F00203DFE772
:10A900004FF00108072111FB03810144304605F097
:10A9100034F9F0B984F80080002FE0D0AB06DED522
:10A92000EAE76A0711D50F49C3EBC3028E5C012E1B
:10A9300008D1072212FB0363194405F01EF940B940
:10A940002670EBE7002EE9D1FAE705F01EF90123A6
:10A950002370BDE8F0816FF01500FAE76FF0850015
:10A96000F7E700BF1001002010B50A4CA37B0BB124
:10A97000002010BDFFF728FF0028FAD1A37B002B91
:10A98000F6D1FFF731FF0028F3D1601CBDE810407D
:10A99000FFF7FABD10010020F8B5456806466905C5
:10A9A00035D4046914B115F0030330D0194F307851
:10A9B000BB7B83422BD9C0EBC00007221649384429
:10A9C00006F094FCA8B115F0030306D197F878209F
:10A9D000082A02D8B2689F2A19D915F0300F09D079
:10A9E000ACB1EA060AD405F46035B5F5603018BF9D
:10A9F0000120F8BDEB0601D4002CF4D1D6E90223E6
:10AA00009A4204D81F2A02D9B3F5804FEBD900200F
:10AA1000EFE700BF100100201D2B0100F7B5CDE9C5
:10AA20000001694642F2080016461D469DF8207056
:10AA300005F0D8F8044648B95FB90B4BD3E8EF1FCF
:10AA400041F00401C3E8E21F002AF7D1204603B019
:10AA5000F0BD694642F20900CDE9006505F0C2F893
:10AA60000028EAD00446F1E74001002003460148EF
:10AA7000184700BF300100202DE9F04F7A4ED0F882
:10AA800010B00546BBF10004304687B018BF012462
:10AA900005F0A5F80F46410791469A4640F1C68059
:10AAA0002846FFF779FF60B96FF015043846002398
:10AAB00040F20111994540F0C280204607B0BDE840
:10AAC000F08F284605F078F880460028ECD0A6F1F3
:10AAD000AC0005F084F8C205C0F3002300F1A980A2
:10AAE000CDE90333CDF81330AB686868ADF80830B2
:10AAF000EB68ADF80A3005F063F88DF81500D6E87C
:10AB0000EF3F23F48073C6E8E23F002AF7D12A78AA
:10AB10000DF10D0306F8BC2C06F8652C6968224679
:10AB2000A6F1BC00FFF7B8FE04460028BED1A6F18E
:10AB3000B303BBF1000F11D02A69116846F8B31CAA
:10AB40009188998092799A716B689C074AD199058E
:10AB500002D4BAF1000F59D002230BE0434A116826
:10AB600046F8B31C9188927999809A716B6898071E
:10AB7000EDD05B468DF80C304FF0FF304FF0FF31D9
:10AB8000FFF78EF90446002856D00F2202A90C3098
:10AB900004F042FF2146002242F20600FFF75AFA73
:10ABA0000446002882D1BBF1000F33D00121304888
:10ABB00005F087F8044600287FF478AF6A682D48CE
:10ABC00012F0030218BF0122092105F065F8424680
:10ABD0000A2105F061F86A680C21C2F3800205F0D1
:10ABE0005BF863E713F0100F0CBF012304238DF80B
:10ABF0000C302B691A68CDF80E209A88ADF8122017
:10AC00009B798DF814304FF00008B5E703238DF8D9
:10AC10000C30F8E7524649463846109BCDF8008084
:10AC2000FFF7FCFE04460028C0D03FE76FF00A049F
:10AC30003CE76FF0770439E76FF0680436E7028885
:10AC40008A4204D1426812B11278D20702D4013389
:10AC500008302FE70849094805F0B0FE0023084AEC
:10AC6000064802F021FB28E7EC0100201D2B010023
:10AC7000300100204001002015FD000048010020A7
:10AC80001C4E0E0008B5094805F041F8084804F0CC
:10AC9000A6FF0346DB05C0F3002005D5BDE808404C
:10ACA0000021024805F00DB808BD00BF30010020AA
:10ACB000400100200122024BC3F80424704700BF6A
:10ACC000002008E0084B70B5C31A0D4607499B10D9
:10ACD000044659434022064805F027F82B46014612
:10ACE0002046BDE870401847E41D0020B76DDBB674
:10ACF00094140100402373B50B4C0093041B0B46C6
:10AD00000D460A49A41061430646094A094805F060
:10AD100038F8011E05DA30462B4602B0BDE8704017
:10AD2000184702B070BD00BFE41D0020B76DDBB650
:10AD3000EDFD000094140100F8B500220121054644
:10AD400040F20510FEF7AEFA0F4801F07FF9044615
:10AD5000B8B905F0F3F92F690C49384604F01CFD29
:10AD6000031E09DB01263E642D69084905F11C001C
:10AD700004F012FD031E02DA1C462046F8BDEE6404
:10AD8000FBE76FF00404F8E70DFE0000B8220100B5
:10AD90007FB500220123CDE9022304ABCDE90433C2
:10ADA000094A6B46CDF800D0CDF804D005F017F86D
:10ADB000002805DB43F609520023684602F098F8A4
:10ADC00007B05DF804FB00BFFFFD000010B5EFF316
:10ADD0001184402383F31288BFF36F8F074A1368EF
:10ADE00023F00201DB07116002D4012005F0A0F975
:10ADF00084F31188BFF36F8F10BD00BF341E002095
:10AE00000C22104B014602FB0033002030B4D3E982
:10AE10000E529863EFF31180402484F31288BFF33D
:10AE20006F8F1C6C04F0C00444F002041C6480F3B7
:10AE30001188BFF36F8F1DB12B4630BC02481847F5
:10AE400030BC7047E41D00209414010010B4EFF3EF
:10AE50001182402383F31288BFF36F8F1648016875
:10AE600041F002040460C80707D482F31188BFF3DD
:10AE70006F8F012010BC01F0D9B81049D1F80C1423
:10AE8000C903F2D5EFF3118083F31288BFF36F8FFC
:10AE90000B490B6C03F0C00343F002030B6480F317
:10AEA0001188BFF36F8F82F31188BFF36F8F00207B
:10AEB00010BCFFF7A5BF00BF341E002000E01050FB
:10AEC000E41D00202DE9F041012207463449D1E874
:10AED000EF3FC1E8E02F0028F9D133B931493248BA
:10AEE0004B60CB608A6004F06AFC7B1E012B28D883
:10AEF000012F06D12D4BD3F8503403F00303012B5F
:10AF00001FD005F07AFD0546E8B9294B1B78D3B16F
:10AF100004220646254BC3F80823244CDFF894800E
:10AF2000D4F84C24D4F84C34D20315D503F00303E1
:10AF3000012B01D0012F0FD165B386F31188BFF328
:10AF40006F8FBDE8F081EFF31186402383F3128801
:10AF5000BFF36F8F0125E0E7BDB1304604F0E3FC9D
:10AF6000D4F8403413F0FF03DAD1D4F80821002AD2
:10AF7000D6D0C4F80831D4F8083120220123C4F80F
:10AF80004034C8F8A0212361CAE70021202002F044
:10AF9000ABFCE5E70422054BC3F80423D1E700BF6F
:10AFA000E01D0020D01D0020001E002000E01050F9
:10AFB000A325002000E100E008B5074805F04EFB9E
:10AFC00038B10648FEF70EFC0448FDF7A3FC00204C
:10AFD00008BD6FF01200FBE734150100E1AF00007F
:10AFE0000A2838B50446074D04D1AB680D21284620
:10AFF0005B689847AB6803485B68E1B298472046B6
:10B0000038BD00BF341501002DE9F04340F206358C
:10B010004768D00648BF4FF0030C3B7C02EA0505A9
:10B0200058BFC2F3401C87B001F01F06B5F5837FFF
:10B03000144646EA43168DF803C046D00DD8062DB7
:10B0400045D005D8A5B1022D12D06FF0150039E01A
:10B05000B5F5807FF9D101250AE040F20222954240
:10B0600037D0B5F5407F36D0B5F5007FEDD104255A
:10B070000123220303FA01F12FD57B685960B868D8
:10B0800080BB5F2E06F01F034FEA561173D83C4A6F
:10B0900052F8212084F4803102EB8302D2F8803010
:10B0A000C1F30041C4F3404423F4706344EA410413
:10B0B00023F00F031C4344EA8C0444EA0524C2F83D
:10B0C0008040002007B0BDE8F0830925D0E70825BF
:10B0D000CEE70625CCE70525CAE7630344BF7B68B6
:10B0E0009960CCE731460DF1020205F029FA14F41B
:10B0F000403F80460CD13146B86805F03AFAB8F1C5
:10B10000000FDED19DF80210B86801F097F9D8E77A
:10B110004FF0000901ABCDE90199CDE90439CDF833
:10B120000C903146B86803AA05F04EF94845C8DBD3
:10B1300014F4003314D09DF8033084F48034C4F345
:10B1400000448DF80E308DF80C508DF80D404B46B4
:10B150003146B86803AA01F0BFF80028CFDAB0E79B
:10B16000CDE904330DF1030303933146B86803AA14
:10B1700005F02AF9F1E7203350F82330FFDE00BF55
:10B18000D42201004209022A034670B503D0012AE5
:10B1900018D0CAB170BD0E4E326951680029F9D07D
:10B1A000012503F01F030C689D400029F2D08A6836
:10B1B0002A4002D030464B6898473CB1236821466C
:10B1C0001C46F2E7034EE7E7034EE5E72346F6E7C2
:10B1D000F4140100D4140100B414010038B545681A
:10B1E000A868C0B105F0BFF90146A0B9A86801F090
:10B1F000EDF8044688B902460949A86805F09DF9AA
:10B2000022460121DB20FEF74DF82246012140F2C3
:10B210000D10FEF747F8002038BD6FF00400FBE783
:10B2200085B10000F0B545681646A8682A7C01F093
:10B230001F0487B044EA4214002868D0B6F5001F06
:10B2400004D1214605F0E9F9002051E00020B6F5CF
:10B25000800F01AA0190506039D1B3F1007F14BF73
:10B26000052304238DF804300023CDE90423039340
:10B27000EB680DF1030723FA01F111F0010139D157
:10B28000B6F1A07F36D104F01F035F2C4FEA5410B3
:10B2900003F120033ED8214A52F8202052F82330EF
:10B2A000DB0727D43A462146A86805F049F916304D
:10B2B00018D002972146A86803AA05F085F800284F
:10B2C00016DB01222146A86805F055F9BCE7B3F169
:10B2D000C06F05D0B3F1007F14BF01230223C1E783
:10B2E0000323BFE73946A86801F0B2F80028E0DA86
:10B2F00007B0F0BD3A462146A86805F021F90028BC
:10B30000D8D19DF80310A86801F098F8D2E76FF043
:10B310008500EDE751F82330FFDE00BFD4220100A5
:10B32000036803F01F025F2B02604FEA53129ABFBB
:10B33000024B53F822000020704700BF1C2301007D
:10B340002DE9F04F1546074640F2FF19DFF868A1D6
:10B35000DFF868B185B000EB8101B94203D100206C
:10B3600005B0BDE8F08F3A68C2F3C323082BC2F3DF
:10B37000080400F29E804C4508BF4FF0FF34B2F144
:10B38000D05F1AF803804FEA126310D2192B12D83B
:10B39000DFE803F014226461292F611111111111EA
:10B3A0001111111111111111111167717477382BCD
:10B3B0006AD04E2B52D06FF08500D1E7C5F8044615
:10B3C000601C14D0012603A80394FFF7A9FF039B78
:10B3D00006FA03F3436004E0C5F80C46621C06D08D
:10B3E0000026324613E0631CC5F800465FD10437DF
:10B3F000B3E7661CC5F80446F9D0012603A80394F8
:10B40000FFF78EFF0122039B02FA03F383603B6880
:10B41000039403F40040002818BF002203A818BFBB
:10B42000012601930092FFF77BFF039C019B00EB39
:10B430008400D0F88040C3F3412C009A4FEA0823DF
:10B4400043EA8C03134304EA0B04234343EA460311
:10B45000C0F88030CBE7C5F80846BFE7C5F810460E
:10B46000AEE7C5F86045621C3B68C0D0C3F300433B
:10B47000002BC2D0A6E7C5F86445F4E7C5F86845D7
:10B48000F1E7C5F86C45EEE703A80394FFF748FF22
:10B49000039B00EB8300D0F8803023F0E04343F0BF
:10B4A0008043C0F88030631CA1D0012699E70026B4
:10B4B000A4E76FF0150053E7A22C0100F0F0FCFFA9
:10B4C0002DE9F04104460D46476805F096FAA0B90B
:10B4D000274B1B788BB14FF04008642663681B68CC
:10B4E000D3F830318BBB012004F02EFE013EF5D1A4
:10B4F0000021202002F0F8F9EFE74021EFF311835B
:10B500001A4681F31288BFF36F8F60680068D0F825
:10B51000300120B983F31188BFF36F8FEEE77B6AA8
:10B5200000201D706368796A1B68C3F83C1701210D
:10B53000C3F84017C3F83001D3F83001196582F31E
:10B540001188BFF36F8FBDE8F081EFF311831A46C6
:10B5500088F31288BFF36F8F61680968D1F83011E2
:10B560000029DCD183F31188BFF36F8FC0E700BFE0
:10B57000A325002070B40D4CD4E90065901B63EB4B
:10B580000501400940EAC1604101891945EBD065D8
:10B59000C4E90015002400250549C1E90023054B35
:10B5A000C3E9004570BC02F011BC00BF9816002032
:10B5B000801600209016002008B500220121E4200A
:10B5C000FDF770FE164A0020D2F8183723F44033F6
:10B5D000C2F8183701F06EF8002820DB012011496D
:10B5E00001F0F4F800281ADB01F03EF80E4B20F0D1
:10B5F0001F00C3E900010D4B0022C3E900014FF019
:10B60000FF304FF0FF310A4BC3E90001094B0A49F3
:10B61000187A01F039F867220020084B1A6008BD3B
:10B6200000200E50400400209816002078160020BC
:10B63000801600203804002075B50000641E00202C
:10B6400008B501F011F8064AD2E90032C01A054BDC
:10B6500061EB0201C3E90001400940EAC16008BD95
:10B660009816002090160020F7B5224B0146224F75
:10B67000187A224BD7E90056D3E900239E4208BF2F
:10B68000954211D1B1F1806F0ED24901012938BF25
:10B69000012101224D1946F10006C7E9005603B009
:10B6A000BDE8F04001F02AB9154BDFF858C0D3E9E6
:10B6B0000043DCE9002CA41843EB0C0C4FF0200EE7
:10B6C00022466346C1FB0E23954276EB0301C7E990
:10B6D00000230DD2291B66EB0C04C82974F1000469
:10B6E000B4BF01210021009101F0D0F803B0F0BDFA
:10B6F0000021F8E73804002088160020801600207A
:10B70000981600209016002002460B46014801F0D2
:10B71000BBBA00BF18050020014801F02DBB00BFD7
:10B72000180500201FB500240A2201940294CDF8C8
:10B730000B400091014601A805F0E8FD009A01A91F
:10B74000074803F0C0FF074803F0BDFF84F31188EA
:10B75000BFF36F8F0323184602DF04B010BD00BF94
:10B76000B62C0100D32A010070B5064686B00D46FE
:10B770001848194905F0F0F801A8F5F705F8174839
:10B7800004F06CFF00B3164B68460093F5F71AF807
:10B79000E8B94FF0FF304FF0FF31FFF7B5FF044637
:10B7A00038B910491048F4F7B1FF044620B1FFF74B
:10B7B000B3FF204606B070BDFFF7AEFF33690B48FC
:10B7C0001D60FEF7A9F9F4E76FF01204F1E76FF0DE
:10B7D0001504EEE76C1E00205F0001001415010047
:10B7E00099B80000A0160020B1B8000011BA0000FE
:10B7F0001FB52848F4F708FF0446002844D1F4F7A1
:10B80000D5FF0221204601AA8DF80440F4F730FF4D
:10B81000031E38DB08230721204601AAADF80430B7
:10B82000F4F726FF031E2EDB4FF01B13019340F2AB
:10B8300003230321204601AAADF80830F4F718FFCE
:10B84000031E20DB01230421204601AA8DF80430C9
:10B85000F4F70EFF031E16DB1F230621204601AA64
:10B86000ADF80430F4F704FF031E0CDB40F2622253
:10B8700093420CDD84F31188BFF36F8F04231846C5
:10B8800002DF6FF00B031C46204604B010BD2346B8
:10B89000F9E700BF25B7000010B403460A46034885
:10B8A00081680C681946234610BC1847141501001E
:10B8B00070B53C4C94F84730F3B194F84730042B02
:10B8C00043D120783E2829D0FF282DD00025637849
:10B8D0000233472B5CD8002200232946FEF726F9C5
:10B8E000064630BBCDB1002384F847302E492F489F
:10B8F000BDE8704005F04CB84FF0FF304FF0FF311D
:10B90000FFF702FF48B9204604F1470100F0ECFAC6
:10B910000546FFF701FF002DCFD070BDA578022DA1
:10B9200014BF00250125D2E7A57805F0FD05802D7F
:10B93000F6E762781B4902320C3004F06DF83146AC
:10B940001B4B1B681B489847CDE7022B14D10022E4
:10B9500000230820FEF7C8F805460028DDD06288DD
:10B960000432472A14D80F4905F10C0004F054F8AA
:10B970000F4B29461B68E5E7082BB4D100220023B2
:10B980002020FEF7B1F8628805460028E8D1C4E718
:10B99000002383F31188BFF36F8F0423184602DF5F
:10B9A000A1E700BF132500206C1E0020081900200D
:10B9B000681E00205415010038B50B8A0D461BB9CE
:10B9C0006FF01504204638BD01F10C0004F056F864
:10B9D0000128F5D14FF0FF304FF0FF31FFF794FE13
:10B9E00004460028EED1E86800F02EF80446FFF780
:10B9F00093FE002CE6D10449044804F0C9FF284610
:10BA0000FDF7D2FFDEE700BF6C1E00200819002002
:10BA10000A4B93F84730042B02D1810709D47047B1
:10BA2000022B02D1020704D47047082B05D18306EC
:10BA300003D50349034804F0ABBF7047132500202A
:10BA40006C1E002008190020F7B5C34D06462B7860
:10BA5000002B40F0428204238DF80730BF4B04884E
:10BA60001F68B7B10DF106030DF10702691CB84755
:10BA700001280ED09DF80630002B40F0EE809DF896
:10BA800007300E22AB7001236A70EB70AC80A87196
:10BA9000ECE0A30A082B6BD009D8032B0ED0042BA3
:10BAA0001FD0012040F206439C427DD1D5E03F2BC0
:10BAB00000F03F81012001280AD0E0E740F6014272
:10BAC000B6F90030934205D040F60342934205D0C8
:10BAD0000120C2E0F01CFBF7EFF8ECE7F4F740FFC1
:10BAE000E9E73388A3F58053013B082BF0D801A286
:10BAF00052F823F019BB00002BBB00003FBB000035
:10BB0000D1BA0000D1BA0000D1BA0000D1BA000009
:10BB1000D1BA00005FBB00009DF8073090480833A1
:10BB20008DF80730FBF752F9C5E79DF807308C48D0
:10BB300040338DF8073004F094FA00209FE700228C
:10BB40009DF8073008338DF80730854B1A605A602E
:10BB5000EB7A23F0600343F06003EB72EDE79DF8AE
:10BB600007307F4806338DF80730FBF731F9A2E73D
:10BB7000304642F21C0130F8033B1AB28A4259DCCB
:10BB8000B2F5005F42F2640213DC9442A0D000F2EE
:10BB9000188142F219039C4200F2928142F20C0396
:10BBA00001209C4200F27A8140F21D439C4254D015
:10BBB00081E7A3F50053013B1B2BE6D801A151F807
:10BBC00023F000BF4DBC000077BC000089BC000022
:10BBD0008BBB00009BBC0000A1BC0000A7BC000008
:10BBE000B9BC0000BFBC0000C5BC00008BBB00009E
:10BBF0008BBB00008BBB00008BBB00008BBB00002D
:10BC00008BBB00008BBB00008BBB00008BBB00001C
:10BC10008BBB00008BBB00008BBB0000D1BC0000C5
:10BC2000E3BC00008BBB00008BBB00008BBB0000A3
:10BC3000F5BC000042F24B039A4271D042F27C0301
:10BC40009A4242D042F264039C429FE7FBF7C2F85B
:10BC500042F264039C4240F014810F236B70042372
:10BC6000AB700123E8702B71A5F80540012300207B
:10BC70002B7003B0F0BD9DF80730394803338DF8C1
:10BC80000730FBF7ACF8E3E79DF80730344808339A
:10BC90008DF80730FBF7A5F8DAE7FBF7A4F8D7E74C
:10BCA000FBF7A3F8D4E79DF807302D4801338DF852
:10BCB0000730FBF79CF8CBE7FBF79BF8C8E7FBF7EF
:10BCC0009AF8C5E7FBF799F8C2E7FBF7A2F8BFE7D8
:10BCD0009DF80730224910338DF80730FBF78FF8B5
:10BCE000B6E79DF807301E4808338DF80730FBF79C
:10BCF00088F8ADE79DF80730002008338DF807304D
:10BD00000323EB7142F264039C42E872A5D059D838
:10BD100042F219039C4200F2D48042F20C0340E745
:10BD20009DF807300E4802338DF80730FBF76FF8A7
:10BD30008EE730464FF60C5230F8033B93423CD826
:10BD40004FF6015293420DD803F2FF3292B20A2A03
:10BD500026D9012049E000BF5B2500207C1E002081
:10BD600062250020A3F57D43023B0A2BF1D801A2F6
:10BD700052F823F05DBE000063BE000069BE000003
:10BD80006FBE000053BD000053BD000053BD000056
:10BD900053BD000053BD000053BD000075BE000040
:10BDA000A3F57C43013B0A2B6AD8DFE803F0162495
:10BDB0006969694B696939424E004FF61D529342D9
:10BDC0005BD0012042F285039C420ED842F2670309
:10BDD0009C426AD842F26603E8E69DF80730404884
:10BDE0000C338DF80730FAF76CFF4FF6025224F04F
:10BDF00008039342DBE600209DF8073040338DF8BE
:10BE00000730374B1880EB7923F0230343F02303EB
:10BE1000EB712B7A23F0070343F007032B72E4E75F
:10BE20009DF807302E4817338DF80730FAF767FF73
:10BE3000DBE79DF807302A4820338DF80730FAF702
:10BE400082FFD2E7FAF759FFCFE79DF80730244881
:10BE500001338DF80730FAF793FFC6E7FAF7A6FF2C
:10BE6000C3E7FAF7A5FFC0E7FAF7A4FFBDE7FAF7C3
:10BE7000A7FFBAE7FAF7A6FFB7E7FAF7A5FFB4E717
:10BE8000012042F264039C429CD842F219039C4276
:10BE900017D842F20C039C427FF604AEA4F500537F
:10BEA0000D3B41F241229BB204E0A4F50153283B33
:10BEB0000C4A9BB222FA03F3DB077FF5FCADCCE61C
:10BEC000012042F232039C423FF4C7AEA4F5015375
:10BED000033B012B3FF6EFADBFE64FF0FF30C8E666
:10BEE000622500202F80402038B5094C0D4623786C
:10BEF0001BB9BDE83840FAF7CFBEA278611C023208
:10BF000005F0DFF90020042320702B7038BD00BF3E
:10BF10005B25002070B505460E46084C204604F00F
:10BF20009DFB38B1A36829462046B2B21B68BDE824
:10BF3000704018476FF0120070BD00BF141501006B
:10BF40001FB500240A2201940294CDF80B40009101
:10BF5000014601A805F0DAF9009A01A9074803F0A3
:10BF6000B2FB074803F0AFFB84F31188BFF36F8F78
:10BF70000323184602DF04B010BD00BFE72C010008
:10BF8000D32A0100322337B50125ADF80430002350
:10BF90001C216846104A8DF80630ADF800508DF827
:10BFA0000230FAF777FA044698B903F039FF80B205
:10BFB000FAF7E8F92A4621468520FDF773F92A4663
:10BFC0002146E520FDF76EF92A4621468A20FDF735
:10BFD00069F9204603B030BD41BF00000149024865
:10BFE00004F0D6BC841E0020081900200122014B59
:10BFF0001A63704700E010500122014B5A637047EA
:10C0000000E0105028B1022806D10420034B1B6821
:10C010001847024B1B68FBE7704700BF941E0020C7
:10C02000014B02201B681847941E002028B10128EC
:10C0300007D100200349FAF7ABB8034B02201B6875
:10C040001847704705C00000941E0020014B18607F
:10C0500000207047941E0020064BD3F840231C2A72
:10C0600005D1D3F84403431E58425841704700207D
:10C07000704700BF00C0FF0003689A070CD5036833
:10C08000DB070DD50922074BC3F80C250F22C3F897
:10C09000042501221A60FEE7034B0360EF3B0360B7
:10C0A000704700BF00801050F000FA5008B501231F
:10C0B0003C4A3D48C2F800383C4AD2F840231C2A8A
:10C0C00004BF3B4AC2F80C34FFF7D6FF0830FFF735
:10C0D000D3FF0830FFF7D0FF0830FFF7CDFF00F5A2
:10C0E000F470FFF7C9FF334AD2F88C3043F4406351
:10C0F000C2F88C300022D30003F57F0303F54043E0
:10C10000D3F8001401310AD0D3F8001439B1D3F8B0
:10C1100000140132D3F80434402A0B60EBD1214BD8
:10C12000D3F84024002A38D0FFF796FF48B11F4BC0
:10C13000D3F83423204B9A429EBF1A4B1F4AC3F8B0
:10C140004026FFF789FF18B11D4B1E4AC3F8AC27E4
:10C15000FFF782FF48B13422124BC3F82426D3F8EC
:10C160003C2622F40022C3F83C26174B1149D3F891
:10C170000026D20744BF6FF00102C3F80026032354
:10C18000124AC2F81835D1F88C3043F44063C1F834
:10C190008C300023C2F8A03508BDC822C3F8402463
:10C1A000C2E700BF0000125000C50D5000C0FF00E4
:10C1B0000030055000ED00E0001D0A1840E0A91E07
:10C1C00000A0085078000A0400E0105000B00450AD
:10C1D000036803F01F025F2B02604FEA53129ABFFD
:10C1E000024B53F822000020704700BF9C2301003F
:10C1F000034A4309D35C00F01F001844C0B27047E3
:10C20000062D0100F0B50646002487B0114F0191BC
:10C2100017F8012B06AB03EBD20313F8143C02F022
:10C220000702D34013F0010306D10134032CEFD1F0
:10C230000023184607B0F0BD074A03AD07CA85E8DA
:10C24000070055F824100A6A46F824200A62002ADA
:10C25000EBD0EEE7162D0100D41E0100F7B5044621
:10C260000846FFF7C5FF06B204EB4606B38A0D4643
:10C27000DB072BD5204604F084F82946204603F03E
:10C28000F0FF58B1204604F002F80022276800B2FF
:10C2900007EB8003C3F81025C3F810252946204674
:10C2A00004F01EF8002101A8B1820195FFF790FF6C
:10C2B000019B00EB8300D0F88020064B134043F035
:10C2C0000203C0F88030084603B0F0BD6FF01500DF
:10C2D000FAE700BFF0F0FCFF2DE9F043044685B01B
:10C2E000084616461D46FFF783FF0F46804636B3C5
:10C2F000204603F0C1FF18B9204603F0B2FF28BB67
:10C300000FFA88F904EB4909B9F8143013F01C0F3F
:10C3100002D07378012B19D001238DF80F30002340
:10C320003846CDE90063721CB31C0DF10F0103F018
:10C3300040FFB9F8143043F00303A9F81430002D7E
:10C3400040D03946204603F097FF20B96FF0150022
:10C3500005B0BDE8F0830022297823684FEA810CFC
:10C3600003EB8103C3F81025C3F810250FFA88F2F8
:10C3700004EB4202938A23F4604323F02003938268
:10C380006E78FEB12468A8786444D4F810550E4B3A
:10C3900036042B40C4F8103541F6F07306F44036ED
:10C3A00003EA07130005D4F81055334300F4801056
:10C3B00003432B43C4F81035938A43EA413343F0D7
:10C3C000200393820020C3E70FE0ECFF70B590F8E4
:10C3D0007440054690F8756044BB462221461430EF
:10C3E00004F07CFF2146134A2B6852F836608E42D7
:10C3F00012D1002440F20D10C3F84441D3F8442177
:10C400000D4A934208BFDB20FCF72AFF0123204698
:10C4100085F874302B6670BDCAB2920002F5807048
:10C42000442A04BF1C501A580131E0E76FF077002E
:10C43000F1E700BFA823010000A00D5090F875009F
:10C44000024B03EB800003F09BBE00BF48040020BA
:10C4500010B5064B90F875000C4603EB800003F016
:10C4600075FE0028A4BF2070002010BD48040020E5
:10C470002DE9F04F814659F8043B8BB0D3F81413E3
:10C4800090F8754000936C4BC9B241F4003180467E
:10C4900053F83420009803F04DFF810305463AD548
:10C4A0000023CDE907330993634B07A803EBC403CB
:10C4B0005B6819460193FFF7A5FE042303EBC40351
:10C4C00003934FF0000B5D4B0DF11C0A0293029A8F
:10C4D000594912F8013B0292039A02EBD3028A5C9B
:10C4E00003F0070322FA03F3DA071AD40BF1010B66
:10C4F000BBF1030F0AF1040AE9D14FF40031002225
:10C50000009803F017FF019907A8FFF77BFE0028AA
:10C51000D7D125F400350124002D75D10BB0BDE82D
:10C52000F08F474B5B440493DAF800100029DDD00C
:10C5300091FAA1F1B1FA81F1049B1C7841EA44140B
:10C540002046FFF755FE08EB4000878AC808BB0865
:10C55000059301231AF8002001F0070103FA01F105
:10C5600022EA01020AF8002006A80694FFF730FE2E
:10C57000069A059B203250F82220C7F382065B07FB
:10C580003746C2F3014223D54846D6B221463A4641
:10C5900003F087FE06A80694FFF71AFE069B2033D9
:10C5A00050F82330C3F301439E4207D100212046B7
:10C5B00003F048FE3146204603F044FE06A80694E8
:10C5C000FFF706FE0122069B02FA03F30362ABE7C4
:10C5D000022A0DD10321204603F034FE06F00503A4
:10C5E000012BEBD13A462146484603F05AFEE5E7D7
:10C5F00002212046059203F025FE032EF2D0059A73
:10C60000032ADBD1022EECE795FAA5F3B3FA83F304
:10C61000009904FA03F225EA020503F5A27251F823
:10C62000222008EB43034846B3F86410C2F30142EA
:10C6300003F037FE70E700BFA8230100162D0100AC
:10C64000162D0100074B027AD3F8101521F00101D5
:10C650000A43C3F810250268C3F8A4264268C3F849
:10C66000AC26704700200E504FF0FF326FF0404371
:10C6700030B5044CD4E90001824273EB0105F9D3D3
:10C6800030BD00BF40270E5030B50C25074B1C189D
:10C6900094F8544005FB0433C3E9031218750123D1
:10C6A000034A8340C2F8243330BD00BF800200201B
:10C6B00000200E50F0B53D4D85B02C78002C6FD188
:10C6C0003B4A01AB07CA83E807003A491846D1F84C
:10C6D000102522F00202C1F81025FFF7B3FF07234F
:10C6E000672202F001012144013BCCB24FEA520221
:10C6F000F7D1052C57D119464FF0010C2B4E0024D1
:10C700006720CFB204E00CFA02F220EA0200013402
:10C7100090FAA0F25FFA84FEBE45B2FA82F2F2D33A
:10C720000131327505292A4482F8547006F10C064D
:10C73000E5D10121002420489A0801FA02F212F002
:10C74000670F18BF1C500433302BF5D1E420FCF7E1
:10C7500087FD184B1949D3F8102503F5C07322F053
:10C760000202C3F8902340F6FF72C3F8A82100220A
:10C770001A60A3F5807004338B420260F8D1012463
:10C780000C4B0F4A1C660F4B5D201B68B3FBF2F38A
:10C7900058430D4B2343984700202C7005B0F0BD43
:10C7A0006FF07700FAE76FF08B00F7E78002002068
:10C7B000E01E010000200E5000210E50B0210E504E
:10C7C00040420F0044040020E021010073B52B4CCF
:10C7D0000546636801A803F001030E46019303F0C8
:10C7E000B5FC00283FDB002320753370636823F01D
:10C7F00001036360A36843F00103A360204BD3F8F7
:10C800001025900733D4D3F8102542F00202C3F864
:10C810001025C5B1D3F8482712F0010202BFD3F8A2
:10C82000481741F00101C3F84817154BD3F84017DA
:10C83000D3F844174900F9D42AB9D3F8482722F08D
:10C840000102C3F848270F4B0F4A1B68B3FBF2F3F2
:10C850000B4A03EB43136BB1D2F84017D2F84407ED
:10C8600010F0804001D102B070BD013BF3E76FF0E2
:10C870007700F8E76FF07300F5E700BF8002002053
:10C8800000200E504404002040420F0070B51D46A9
:10C890001446184A9DF81060131893F8543000B2EB
:10C8A0000C3302EBC30142F833404D60C5F3130172
:10C8B000AEB10201104E02F1A04202F562228000E8
:10C8C000C2F820450644C2F82415336833B1FFF797
:10C8D000CBFEA042A94101D20023336070BD030109
:10C8E00003F1A04303F56223C3F82045C3F82415E0
:10C8F000F4E700BF8002002000210E50F0B50E4D7D
:10C900002B1893F8543000010C3355F8334005EBE5
:10C91000C3077E68641800F1A04021F0004146F191
:10C92000000641EAC27100F5622045F833407E609E
:10C93000C0F82815F0BD00BF80020020F7B5284BD5
:10C94000284CD3F82C6304F188070EB903B0F0BD6E
:10C9500096FAA6F00123B0FA80F08340DA43224928
:10C9600026EA0306231893F85450830019440C2335
:10C9700003FB0543DB6873B3D7E8EF3F03EA020C20
:10C98000C7E8EECFBEF1000FF6D1C340DB0719D5E3
:10C99000020102F1A04202F56222D2F82435D2F857
:10C9A0002025D1F800C0BCF1000FCED04FF0000C14
:10C9B000C1F800C00C2101FB054529690091E96817
:10C9C0008847C2E705F10C0304EBC30C54F833208D
:10C9D000DCF80430E5E70A68002AB6D00B60B4E75B
:10C9E00000200E508002002000210E50044B40EA2F
:10C9F0000120C3F80005D3F80024D207FBD5704707
:10CA000000B0045038B5EFF31185402383F312884A
:10CA1000BFF36F8F064B9C6803F033FE85F31188DC
:10CA2000BFF36F8F2046BDE83840FCF7BDBB00BFA9
:10CA3000981E002038B50A4B53F82040013053F8B7
:10CA40002050A54200D838BD606830B1037FDB07B5
:10CA500001D403F0EBFD0834F3E723689847FAE7C5
:10CA6000B8230100012270B5294B032086B01A704B
:10CA7000FFF7E0FFFCF79AF80420FFF7DBFF254CF7
:10CA8000254D2646AE4204F1300410D300F05CFE82
:10CA9000204C224EAC4226D300F06AFEFBF7DCFEAF
:10CAA0001F4A137B23F00103137306B070BD54F8C3
:10CAB0000C3C059354F8103C049354F8143C039335
:10CAC00054F8183C029354F81C3C019354F8203C51
:10CAD000009354E90A2354E90C0100F0FBFB54F8DD
:10CAE000303C5E65CDE7D4E90A23B3F1FF3F08BFD0
:10CAF000B2F1FF3F05D052EA0301206803D100F0F4
:10CB000021FF3034C6E73146183001F0CFF8F8E79E
:10CB1000A3250020F01D0100201E0100010B0100D3
:10CB2000B81A0020C82370B5144E86B003FB006607
:10CB3000134B012205930F23CDE903320023CDE9E6
:10CB4000013314234FF4A0720E4D0F4903FB00551F
:10CB5000044602FB00110D4B3046009500F0BAFB75
:10CB6000737B2C7423F004037373094B013403EBC0
:10CB7000C423EE606B6006B070BD00BFF0190020EA
:10CB8000192D0100981E0020A8410020D1060100A7
:10CB9000A8390020BFB50020FFF74CFF294B03F553
:10CBA000006282F3088883F30A88E023264C00257C
:10CBB00084F822302023E37725766576A57684F8FD
:10CBC0002050636A214F43F4E023636284F82350CA
:10CBD000FCF764FAFCF7E0FB4FF0FF33A362E3627B
:10CBE000FCF76AFDFCF700FC194800F009FC012085
:10CBF000FFF720FF0220174CFFF71CFF00F0ECFDB1
:10CC0000154B16495C61164B4FF460620593012386
:10CC10002046CDE90353CDE901553B46009500F090
:10CC200059FB0646627B204622F00402627303F041
:10CC300024FF2846FFF776FF3A4631462046FCF7A8
:10CC400089FB00BFA839002000ED00E065CA0000A4
:10CC5000681C0020B81A0020981E0020E84200201E
:10CC60001E2D010038B5064C064DAC4201D3002004
:10CC700038BD2046D4E9011203F006FD1434F4E770
:10CC8000B4040020B40400202DE9F3410446174603
:10CC90001E46EFF31188402383F31288BFF36F8F92
:10CCA000C368334A7BB180689168884219D057EADB
:10CCB000060318D188F31188BFF36F8F6FF00F0050
:10CCC00002B0BDE8F081916891F90E100133E36084
:10CCD00093682161A36088F31188BFF36F8F0020F0
:10CCE000EEE72169F2E791F90E1090F90E306FF03E
:10CCF0007E029942A8BF19469142B8BF11468B42A5
:10CD00002DDD03F0F0FC054622464146CDE90076D4
:10CD1000184800F05FFC0028E1D0EFF311864023B3
:10CD200083F31288BFF36F8FA068D0B123682169A5
:10CD30009C420AD04BB193F90E309942A8BF1946D4
:10CD40006FF07E039942B8BF194603F0CCFC40B1A6
:10CD50003146084800F0D2FC6FF00A00B0E7002529
:10CD6000D2E7002DF4D186F31188BFF36F8FF3E77C
:10CD7000981E0020A4250020F8B583680546002BE6
:10CD800040D0234A926893423FD1C368012B03D914
:10CD9000013BC3600020F8BDEFF31187402383F30C
:10CDA0001288BFF36F8F0169806803F09CFC2C68C8
:10CDB000A54207D10023C5E9023387F31188BFF3E9
:10CDC0006F8FE7E7002CF5D0D4E90032002613601E
:10CDD0005A60637BC4E9006623F002036373A660B4
:10CDE00004F1180003F014FFAC6094F90E302046F3
:10CDF0002B61C4F8C06003F040FE3946054800F0DE
:10CE00007DFCC7E76FF01500C5E74FF0FF30C2E7C4
:10CE1000981E0020A425002037B51146EFF3118598
:10CE2000402282F31288BFF36F8F04689CB123689D
:10CE3000426823F003039442036008BF436001216A
:10CE4000204603F0D6FC044685F31188BFF36F8FAC
:10CE5000204603B030BD51EA0302F5D000F10802CC
:10CE6000CDE900131046294600F0B4FB0028EFD1AD
:10CE7000014B9B681C69EBE7981E002070B5EFF32F
:10CE80001186402383F31288BFF36F8F0468A0429A
:10CE90001BD0D4B1D4E90032002513605A60637B03
:10CEA000C4E9005523F002036373A56004F1180080
:10CEB00003F0AEFE2046C4F8C05003F0DEFD31465C
:10CEC000BDE87040094800F019BCD0E902329A422E
:10CED00018BF013302218360103003F04EFF002899
:10CEE000EDD186F31188BFF36F8F70BDA4250020AC
:10CEF00013B5EFF31181402484F31288BFF36F8FD1
:10CF0000846844B1013C846081F31188BFF36F8F62
:10CF1000002002B010BD52EA030406D181F311884B
:10CF2000BFF36F8F6FF00F00F3E7CDE900230246E8
:10CF3000014800F04FFBECE7A425002007B5074BA4
:10CF40004FF40062009306494FF0FF33054800F0AC
:10CF500013F9002003B05DF804FB00BFD0230100EB
:10CF6000E8500020801B00202DE9FF4104464027A7
:10CF70004E4EEFF3118887F31288BFF36F8FD4F80A
:10CF8000CC50F5B9022104F1E40003F073FC002851
:10CF900068D004F1DC0500220121284603F0DCFD05
:10CFA0000028F8D100234FF0FF3202934FF0FF33F7
:10CFB0004146CDE900233E4804F1D40200F08EFD45
:10CFC000D7E7D4F8D0202B689542C4F8CC3008BFFE
:10CFD000C4F8D030D4F8E43043F00203C4F8E430AD
:10CFE000EB6823F0040343F00103EB606B6888F304
:10CFF0001188BFF36F8F28469847EFF3118887F3A6
:10D000001288BFF36F8FEB68D80623F0010236D485
:10D01000EA60EB689A0716D5306823F00203EB60EC
:10D0200088B10021036870B14268954235D1036828
:10D0300069BB72683360824200D17360002340F89C
:10D04000083BFFF71BFFD4F8E43023F00203C4F8D9
:10D05000E43088F31188BFF36F8FDB0589D400F0CB
:10D06000C3FB86E7D4F8E430D9069BD5C4F8E400C6
:10D0700088F31188BFF36F8F04B0BDE8F08123F00F
:10D080001103EB6005F11000FFF7F8FEC1E70B603C
:10D090007368834208BF7160D0E723B11A68014604
:10D0A00018461346BFE71A46F9E700BFBC1E00202A
:10D0B000A4250020F8B5C36804469A070F46C3F3B9
:10D0C00040062ED45B071CD40B680BB983680B6039
:10D0D000E368DD0742BFA36802263B603D6858BF96
:10D0E0000126002D3CD0204B9A68D5F8C8309A42D2
:10D0F0000AD0D5F8E430D807C3F3800214D46FF017
:10D10000120600233B6025E003F077FCD5F8E430FD
:10D110000028F0D1D907C3F3C002F0D552B15B07A4
:10D1200008D46FF00F06ECE7002AFAD1C3F3C0036E
:10D13000002BF6D100232360D5F8D03063B9C5E9C0
:10D140003344284603F0B0FBE36843F00403E36094
:10D150003B68A3603046F8BD1C60C5F8D040F0E7DE
:10D160006FF01506CDE700BF981E0020014601486C
:10D1700003F00EBC801B0020F0B50446002089B0EF
:10D18000C4E933000E9D04F1D400C4E9350004F174
:10D19000DC00C4E9370055B32879002840F20110BB
:10D1A00008BF0120C4F8E40000204FF0FF364FF024
:10D1B000FF37CDE90330CDE90100CDE90667204610
:10D1C0000C4B009400F0F0F855B1296811B12046DD
:10D1D00000F070F86B791BB1237B43F001032373DC
:10D1E000204600F0AFFBC4F8C84009B0F0BD0120F4
:10D1F000D8E700BF69CF000037B501900846EFF3CC
:10D200001184402181F31288BFF36F8FC16811F040
:10D210001E0F16D153EA020508D101A9FFF74AFFF4
:10D2200084F31188BFF36F8F03B030BD41F0080164
:10D23000C160019910308161034900F037FD012080
:10D24000EEE70020ECE700BF1D090100F7B50C4632
:10D2500016461D460190EFF31187402383F3128891
:10D26000BFF36F8F084603F010FB55EA060309D1A0
:10D27000204601A9FFF71EFF87F31188BFF36F8FC8
:10D2800003B0F0BDE368324643F00803E360019B5E
:10D290000449A36204F110002B4600F007FD0120B1
:10D2A000EAE700BF1D09010001460148FFF7CEBFB4
:10D2B000801B002010B5044608B9054B9C681F224E
:10D2C00004F1880004F022F8002084F8A70010BDC3
:10D2D000981E00202DE9F04F984685B000F15803C4
:10D2E000C0E91633129B002503730423D61D26F0D4
:10D2F00007064373119B01EB060A0F46C0E906556A
:10D30000514685608373C5730446DDF838B0DDF897
:10D310004C90FBF7B5FC109B073020F00700C4E9E8
:10D320002A76C4F8B00002930F9BAAEB0006CDE961
:10D3300000B33246434639462046FBF7EFFF0F9BCA
:10D34000C4E91D8BE367109B656584F87050C4F8D1
:10D350008030EFF31183402282F31288BFF36F8F86
:10D36000104F3A6A3C62C4F8842083F31188BFF3FB
:10D370006F8FB9F1000F11D01F22494604F18800C8
:10D3800003F0C4FF84F8A750BB680BB1D3F8B430E6
:10D390003046C4F8B43005B0BDE8F08F84F888900A
:10D3A000F2E700BF981E0020F0B5002587B0059574
:10D3B000109DDDE9127604950F9D044603950E9DA0
:10D3C00002950D9D01950C9D0095FFF783FFB6F129
:10D3D000FF3F08BFB7F1FF3F05D056EA070305D16D
:10D3E000204600F0AFFA204607B0F0BD3A4633467B
:10D3F00004F11800014900F059FCF4E7010B0100A9
:10D4000040F2011383810023C0E92A33C0F8B4300D
:10D41000014B9860704700BF981E00206FF00A0112
:10D42000094A9368C3F8C0100849C3F8BC004B68A8
:10D4300043F080534B60002383F31188BFF36F8F59
:10D440009368D3F8C0007047981E002000ED00E0FC
:10D4500070B590F90D20437B002A36DBD90634D114
:10D460001B4C63F07F032246437352F8183FE16977
:10D47000934207D1C0E900210860E06111E09942C0
:10D48000F8D01B68002BF5D090F90E5093F90E6080
:10D49000B542F4D0AE42F2DD5968C0E9003108600F
:10D4A0005860A569954200D005B9E568A3685A7B24
:10D4B000D20604D1DA897F2A01D9AA6932B1AB42F6
:10D4C00002D0284600F04AFB656170BD6361FCE74D
:10D4D000981E002038B590F90D200146002A437BA4
:10D4E00004DA03F07F03437303F08DFA0D4D2A46EF
:10D4F00052F8184FAB68944200D004B9EC688B42E4
:10D5000007D05A7BD20604D1DA897F2A01D9A269D1
:10D510002AB1A34202D0204600F020FB23466B61D3
:10D5200038BD00BF981E0020B3F1FF3F08BFB2F125
:10D53000FF3F03D00249183000F0B8BB704700BF6E
:10D54000010B010070B590F90D200146002A437BC4
:10D5500004DA03F07F03437303F055FA1C4C4B7B52
:10D56000224663F07F034B7352F8183FE069934201
:10D5700007D1C1E900200160E16111E09842F8D0D3
:10D580001B68002BF5D091F90E5093F90E60B5424F
:10D59000F4D0AE42F2DD5868C1E900300160596054
:10D5A000A569A368954200D005B9E5688B4207D00C
:10D5B0005A7BD20604D1DA897F2A01D9AA692AB115
:10D5C000AB4202D0284600F0C9FA2B46636170BD19
:10D5D000981E0020F8B5DDE906670D4B0C469868EB
:10D5E00011460C4A1060EFF31182402282F3128838
:10D5F000BFF36F8F9D68284603F017FA284632461E
:10D600003B46FFF791FF2046BDE8F840FFF706BF15
:10D61000981E0020C41E0020F8B50446EFF31187C1
:10D62000402383F31288BFF36F8F437B49B203F02B
:10D630001F02002A0CBF0126002639D103F07F0308
:10D640002D4D437303F0DFF92A46437B817363F06A
:10D650007F03437352F8183F934227D1E869C4E926
:10D6600000200460EC610FE09842F8D01B68002BAA
:10D67000F5D093F90EC06145F6D08C45F4DD5968BC
:10D68000C4E900310C605C60AC69944200D004B91C
:10D69000EC68AB689C4202D0204600F05FFA6C61F7
:10D6A00087F31188BFF36F8F3046F8BDE869DEE776
:10D6B0009B071ED5856803F0A6F981732B689D42F0
:10D6C00009D16B68C4E900531C606C60E8E76A68C4
:10D6D0009342F6D01B68002BF3D093F90E209142B1
:10D6E000F5D08A42F3DD5A68C4E9003214605C6008
:10D6F000D6E78173D4E700BF981E002049B9EFF345
:10D70000058030B9054B5A699B689A4201D0FFF7F2
:10D7100085BE81F31188BFF36F8F7047981E00207C
:10D72000034648B9EFF3058232B9064A5169926857
:10D73000914201D0FFF772BE83F31188BFF36F8F60
:10D74000704700BF981E0020EFF31181402383F340
:10D750001288BFF36F8F054B9A68D37B013BD3735D
:10D7600081F31188BFF36F8F704700BF981E0020B0
:10D7700070B5EFF31186402383F31288BFF36F8FE8
:10D78000144DAB68DA7B0132DA732A4652F8184F2F
:10D79000944200D004B9EC685A7BD20604D1DA89ED
:10D7A0007F2A01D9A2692AB1A34202D0204600F003
:10D7B000D5F923466B6186F31188BFF36F8FEFF3C2
:10D7C0001180402383F31288BFF36F8FBDE8704050
:10D7D000FFF7A6BF981E0020024B03F11802C3E911
:10D7E00006227047981E002070B5EFF31186402383
:10D7F00083F31288BFF36F8F1B4CA168E0690B683D
:10D80000814214BF1A46002249680B605960A36820
:10D81000E1692AB9154AC3E900210B60E3610CE014
:10D8200093F90E0092F90E50A84218D0854216DDE9
:10D830005168C3E900210B605360A5690B4B9D4201
:10D8400000D005B9E568A3689D4202D0284600F0E3
:10D8500085F965613046BDE87040FFF7DFBD8A425B
:10D86000D8D01268D5E700BF981E0020B01E002057
:10D87000F8B550EA010306460C4603D1FFF7B4FFA2
:10D880000020F8BDEFF31187402383F31288BFF324
:10D890006F8F124D124BA8681860FFF71BFEA86827
:10D8A000234632460F49183000F000FAAA680446B1
:10D8B000537B384643F004035373FFF7AFFDAB6867
:10D8C000D3E90A23B3F1004F08BF002AD8D103F0EF
:10D8D000C7F9201A20EAE070D3E700BF981E0020A5
:10D8E000C41E0020010B010038B504460D46FFF7A9
:10D8F000BFFFB5F1FF3F08BFB4F1FF3F024620462E
:10D9000018D000234FF47A7447F611201946C2FB51
:10D91000040147F61222904271F100020BD3084B2A
:10D92000834243F608538B4107D347F61222002364
:10D93000F9F752F838BD1846FCE76FF00040F9E7F8
:10D94000ED85FFFF38B50446EFF31185402383F3DF
:10D950001288BFF36F8F437B5B070FD5183003F03E
:10D9600057F9637B204623F004036373FFF770FDD0
:10D970002946BDE838400448FFF7C0BE85F311884A
:10D98000BFF36F8F38BD00BFA4250020014B9868FE
:10D99000704700BF981E00202DE9F8430446077B1E
:10D9A000EFF31185402383F31288BFF36F8F437B1E
:10D9B000190705D585F31188BFF36F8FBDE8F8838C
:10D9C000D90943F0080260D14273A36813B120461D
:10D9D00003F021F804F1180003F01AF9A66D04F120
:10D9E0005808B04511D04FF0000976B1304603F029
:10D9F00012F806F1180003F00BF93046C6F8C09093
:10DA0000FFF726FDA66DB045EFD1DFF8C480D8F84A
:10DA100008309C4241D1EFF30589B9F1000918BFE4
:10DA20004FF00109D8F818602A4A964200D00EB982
:10DA3000D8F80C60B34202D0304600F08FF8204690
:10DA4000C8F8146001F058FF204600F0DFF8B9F183
:10DA5000000F02D02048FFF7D3FCD8F808309C42D2
:10DA600031D1EFF3058373BB227BD20718D428464C
:10DA7000FFF7D4FCFB07A1D5002383F31188BFF384
:10DA80006F8F0423184602DF98E703F07F0343F00B
:10DA90000803437302F0B7FF97E74FF00009C1E7AF
:10DAA00085F31188BFF36F8F83F31188BFF36F8FF6
:10DAB0000423184602DFEFF31180402383F312881A
:10DAC000BFF36F8FD4E785F31188BFF36F8FD1E772
:10DAD000981E0020B01E0020681C0020D3B5DDE990
:10DAE0000667089CCDE90067FFF774FD1CB1034B86
:10DAF0009B681B69236002B0D0BD00BF981E002048
:10DB00000122044BC01A044BC0105843034B1A5453
:10DB1000704700BF301D0020ABAAAAAAA425002090
:10DB2000C3897F2B12D80A4B1B6863B1094B90F94C
:10DB30000E201B689A4209DB437BDB0606D1064BAD
:10DB4000C31A18BF012303F0010070470023FAE74E
:10DB500050040020C81E0020F019002070B50E4BA4
:10DB60000E4C1E7C054606EB460304EBC304204620
:10DB700003F04EF800220A4B28469A55FFF7D0FFD3
:10DB800048B1084B2046BDE870401A680649013A82
:10DB9000D31700F08BB870BD981E0020301D0020F8
:10DBA000A42500205004002001DB000038B5EFF36D
:10DBB0001185402383F31288BFF36F8F104B114AF6
:10DBC0009C681068A04206D1FFF7C8FF85F3118852
:10DBD000BFF36F8F38BD00211B7C11600A4AD35CF4
:10DBE000002BF3D02046FFF79BFF0028EED0637B8D
:10DBF000DB0602D12046FFF7A5FC2046E4E700BF84
:10DC0000981E0020C41E0020A4250020EFF31181DF
:10DC1000402383F31288BFF36F8F0C4A136A834249
:10DC200008D1D3F88430136281F31188BFF36F8F6A
:10DC300070471346002BF7D0D3F884208242F8D1E6
:10DC4000D0F88420C3F88420EEE700BF981E00209F
:10DC5000024B1868984208BF002070475404002007
:10DC6000034B1B680BB9FDF7EBBC0020704700BFEE
:10DC7000CC1E002030B570B10B4B5B6898420AD0C7
:10DC8000036843B1D3E90421D0E90445121941EBFB
:10DC90000501C3E90421D0E9003213605A60002372
:10DCA000C0E9003330BD00BF54040020B3F1FF3F92
:10DCB00008BFB2F1FF3F2DE9F84F044699461546DB
:10DCC0001F467AD08160EFF31188402383F31288D6
:10DCD000BFF36F8FB9F1000FDFF8E4A020DBFFF78F
:10DCE000BFFFDAE90027013549F100092D1849EB9A
:10DCF000E07306464FF00109C4E90453AD1843EB45
:10DD00000707FFF7A5FF0346DFF8B8E0DEF804A039
:10DD1000EBB9C4E900EACAF80040CEF8044028E0B4
:10DD20006FF00103DAE900125B1A4FF0FF3161EB8B
:10DD300002025B1B62EB0902012B72F10001BCBF06
:10DD4000012300224FF00009C0E90432D9E7D3E9EA
:10DD5000041CD4E904208A4270EB0C0B24DA891AE3
:10DD60005A686CEB0000C3E90410C4E90032146087
:10DD70005C60FFF76DFF84420ED1134B1B685BB9EB
:10DD8000B9F1000F02D1FFF76BFF0646304602F0F3
:10DD900028FF0021FDF768FC88F31188BFF36F8F1F
:10DDA00028463946BDE8F88F521A60EB0C009A45B8
:10DDB000C4E90420ADD01B68AAE700252F46EFE791
:10DDC000481D002054040020CC1E00202DE9F047FF
:10DDD000EFF31185402383F31288BFF36F8FDFF8D1
:10DDE000A0900026C9F800000027FFF731FFDFF8F8
:10DDF0009480D9F80030D8E900ECD91750B1D0E9B7
:10DE00000442A34271EB020A1BDAE41A62EB01023C
:10DE1000C0E90442002413EB0E034CEB0101204641
:10DE2000C8E90031C9F8004002F0DBFE2146FDF7E9
:10DE30001BFC85F31188BFF36F8FBDE8F047FFF738
:10DE4000B5BE14EB0E024CEBE473C0E90467C8E9FD
:10DE50000023FFF70FFF85F31188BFF36F8F8368EF
:10DE60009847EFF31185402383F31288BFF36F8F38
:10DE7000D9F800301B1BC9F80030FFF7E9FEB8E7FE
:10DE8000CC1E0020481D002010B5EFF31184402364
:10DE900083F31288BFF36F8FFFF7E2FE0346054A54
:10DEA000D2E90001181841EBE37184F31188BFF344
:10DEB0006F8F10BD481D002038B50346EFF3118564
:10DEC000402282F31288BFF36F8FC160012181600D
:10DED0000068834206D185F31188BFF36F8F002459
:10DEE000204638BDD0E9003213605A600023C0E9F3
:10DEF000003302F0FFFE294604460248FFF7FEFB0E
:10DF0000EEE700BFA5250020F8B507460C461646EB
:10DF100002F073FD08B10020F8BD0E4B9B68D3F8EA
:10DF2000B450002DF7D0221DF5D2EFF31184402319
:10DF300083F31288BFF36F8F284647F00401B04780
:10DF400084F31188BFF36F8F0028E4D040F8045B9E
:10DF5000E2E700BF981E00200146024A0020FFF7BA
:10DF6000D3BF00BF0DF60000F8B50D4E0D4C0E4DA1
:10DF700033680E48984767782B680C489847336891
:10DF80000B489847022F08D12478E31F5C425C417C
:10DF90002B68074898472046F8BD0024F8E700BFE3
:10DFA00080040020D01E00207C04002004050020F6
:10DFB000F004002038B504460D46FFF7D5FF30B118
:10DFC0002A462146BDE83840024802F02ABF6FF0D9
:10DFD000880038BDD41E002070B51D4E1D4C33681E
:10DFE0001D4898472378590744BF23F00403237042
:10DFF00023789A0705D500F0C1F8237823F00203AF
:10E000002370164D14482B68984733681448984776
:10E01000637813B1134802F007FF0023042111486D
:10E02000637000F0CBF82B680D48984733680A48B6
:10E0300098472378DB0705D502F0EFFE237823F01D
:10E04000010323702B680448BDE87040184700BFE7
:10E0500080040020D01E0020F00400207C0400205A
:10E0600004050020D41E00202DE9F041FFF77CFFBD
:10E0700018B100242046BDE8F081364F36483B6891
:10E080009847044620B16FF08F04FFF7A5FFF1E732
:10E09000324D2B78D80706D402F0BDFE04462B780B
:10E0A00043F001032B702E4E2B483368984710B174
:10E0B000002CE8D0E9E7002CE7D13B6826489847D8
:10E0C00004460028DFD12B78990706D400F04EF8DB
:10E0D00004462B7843F002032B7033681E489847A0
:10E0E0000028E5D1002CD0D13B681B489847002878
:10E0F000C9D13368184895F8008098470028C2D1E4
:10E100003B681848984704460028BCD16B7843B94F
:10E1100018F0010F05D0144802F080FE02230446D7
:10E120006B7033680F4898470028C1D1002CACD1E0
:10E130003B68094898470028A5D12B7806485A071C
:10E140005CBF43F004032B7033689847002890D0DD
:10E1500099E700BF80040020F0040020D01E0020BA
:10E160007C04002004050020D41E00200122024B64
:10E17000002083F880257047D81E00202DE9F0414B
:10E180000A4C002526464FF0010803272046C4F814
:10E1900020802777013502F021FE202D04F12C0488
:10E1A000F4D1002386F88035BDE8F081D81E002028
:10E1B000014B1B68184700BF5C04002010B50A46DD
:10E1C000044619B1024B00211B68984710BD00BFDF
:10E1D0006004002010B50C4C206802F0E4FF0B4AEC
:10E1E0001368591C11604BB9094A4820D2F8003411
:10E1F00043F00703C2F80034FBF732F82068BDE8AB
:10E20000104002F0D6BF00BF680400205C2400204C
:10E210000080045038B5164D286802F0C4FF154B35
:10E220001C68013C1C60ECB94820FBF727F807226A
:10E23000114BC3F80823D3F8002422F00702C3F8D7
:10E240000024C3F80041D3F80021C3F80441D3F8F7
:10E2500004214FF48072C3F80841D3F80831074B0A
:10E26000C3F888212868BDE8384002F0A2BF00BF8B
:10E27000680400205C2400200080045000E100E0DD
:10E2800070B5104D104E2B68B3420DD0FFF7A2FFB2
:10E2900000F0E6FC00F022FD40B102F0D3FD0446A0
:10E2A000FFF7B8FF44B92E60002405E000F0E0FA63
:10E2B000044618B1FFF7AEFF204670BD02F0D4FE51
:10E2C000EDE700BF64040020117365004FF4807314
:10E2D0002DE9F04796B0804603A80393002402F08E
:10E2E0003DFE4FF010091E4E0DF12F0525F01F05C4
:10E2F00006F1200A012210211A4802F00EFE2B1905
:10E3000000935246102320211548CDF8049000F0C8
:10E31000EDFA0746F8B9D6E90C321034013342F170
:10E320000002302CC6E90C32E4D1B8F1000F04D061
:10E3300022464146284602F0E3FD2E46084C0FCE09
:10E340000FC496E80F00203584E80F0095E80F0011
:10E35000103484E80F00384616B0BDE8F08700BFDF
:10E36000501D0020701D0020F0B5194D194FAB6BEA
:10E370008DB0BB4229D0184E306802F014FF402304
:10E3800000221946284602F0D2FD3021684602F0EC
:10E39000F2FD044678B96846FFF798FF044690B945
:10E3A000302302461946684602F0C1FD01220023CF
:10E3B000C5E90C23AF63306802F0FBFE204602F093
:10E3C00041FD0DB0F0BD0E24F5E70020F9E700BFD8
:10E3D000501D0020B4A5B4A56C0400202DE9F04F19
:10E3E00099B00DF1570802F10F0982460E46144606
:10E3F00028F01F084FEA191922B100296DD0B2F593
:10E40000803F6AD8364F374D386802F0CCFED5E9E8
:10E410000C3213430BD15046FFF7A6FF834630B1B1
:10E42000386802F0C6FE584619B0BDE8F08FD5E94D
:10E430000C2319EB020243F10003B3F5803F14D320
:10E44000302102A802F097FDE8B902A8FFF73EFFCD
:10E4500083460028E4D130230246194602A802F080
:10E4600066FD00220023C5E90C234FF4807302A847
:10E47000029302F073FDDFF870A03CB92046FFF76D
:10E4800025FF8346CCE76FF0920BC9E7102C4FF0C5
:10E4900001024FF010015046A14628BF4FF010096D
:10E4A00002F03BFD102352462021CDE900830D48A8
:10E4B00000F01CFA83460028B2D14A463046414655
:10E4C00002F0FFFED5E90C32013342F10002C5E94A
:10E4D0000C32A4EB09044E44CFE76FF0860BA2E7A1
:10E4E0006C040020501D0020701D00200022074BEE
:10E4F000C3F81021C3F80C21C3F80021C3F804218C
:10E50000C3F80821C3F81421704700BF005004501D
:10E5100008B5FFF7EBFF01230360104B0A6832B91F
:10E52000D3F80C211AB9D3F80821002AF6D00B68C9
:10E530007BB90B4B99420ED0A3F58473D3F8083105
:10E54000002B0CBF4FF0FF306FF00200FFF7CEFF43
:10E5500008BD0020FAE74FF0FF30F7E70050045005
:10E560000851045038B505460C4691B100210120F0
:10E5700002F055F808480949C0F80055C0F80445AC
:10E58000FFF7C6FF00210446084602F048F820467F
:10E5900038BD6FF00104FAE70050045000510450F8
:10E5A000034B0449C3F800050348FFF7B1BF00BFA0
:10E5B00000500450045104500450045010B5044657
:10E5C0000021012002F02BF8064B0749C3F8004553
:10E5D0000648FFF79DFF00210446084602F01FF899
:10E5E000204610BD005004500851045008500450FB
:10E5F00038B50C4659B1074D0749C5F8000507481D
:10E60000FFF786FF10B9D5F80835236038BD6FF0E5
:10E610000100FBE700500450105104500C5004500E
:10E620002DE9F04F89B006460F4690461D4602F090
:10E63000F8FC044678B973690090C3F3013262F3C1
:10E6400005148DF8004014F0300408D1B168890732
:10E6500010D06FF08604204609B0BDE8F08F102C72
:10E6600008D1BDF8023023F4F87343F4A873ADF871
:10E6700002304EE0DBB2F82B02D06FF08504EAE7FF
:10E6800000234FF0010B9E4619461846D6F808C0E5
:10E69000DFF8CC9159F804AB1CEA0A0F08D00BFA4A
:10E6A00000F343EA0E0303F07F0E012341EA0A015F
:10E6B00001300728EED12BB19DF803306EF34703EC
:10E6C0008DF803303CEA0101D7D17388FF2B35D098
:10E6D00005D8802B34D0C02BCFD1022303E0B3F573
:10E6E000807FCAD104239DF8021063F306118DF8D0
:10E6F000021014B91CF0030FABD13379022B2BD0CD
:10E7000020D8012BA5D1BDF8021063F3C811ADF8D4
:10E710000210012A6FD0032A23D0002A99D133880E
:10E72000B3F5105FA9D1182D6DD0202D70D0102D0C
:10E730008FD1DFF830A101251F261AE00323D2E78D
:10E740000123D0E7032B01D0FF2B82D10221BDF89A
:10E75000023061F3C8138AE7BDF8023043F4C07396
:10E7600085E7412D3DD104254F26DFF8FCA008F1B7
:10E7700001080024381902F028FC00286CD001346C
:10E78000AC42F7D11F2E07D02946384602F031FCA3
:10E79000044600287FF45FAF009B4FF0FF390793DA
:10E7A00000239B46CDF818A0BDF802204344C2F3D5
:10E7B000C112059201AC03F1100C22461868596889
:10E7C000083303C263451446F7D101A907EB0B00D8
:10E7D000FFF7C8FE044630B302F023FC6FF092044A
:10E7E00039E7182D19D0202D1AD0102D7FF431AF14
:10E7F000DFF874A09FE7302D7FF42BAF03253F2671
:10E80000DFF868A0B5E7DFF85CA002252726B0E7AF
:10E81000DFF850A002252F26ABE7DFF84CA0F4E785
:10E82000DFF844A0F6E71C2101A80BF1010B02F070
:10E8300089FBAB4506D00AEB0B12CDE906294FEA5E
:10E840000B13B1E71F2E3FF406AFBA20FFF7B6FE59
:10E8500000283FF400AFC1E76FF08A04FBE600BF79
:10E86000DC2301004000815100000020108404508E
:10E8700010B590B01C22002101A802F02FFDF82055
:10E8800002F0A3FB08B3202200200DEB0201FFF7EA
:10E89000A5FD0446F8B901A84FF4807102F09FFB72
:10E8A0000E4B0F4904930F4BCDE901130E4BF8218A
:10E8B000069320230DEB0302FFF7B2FE202104464E
:10E8C0000DEB010002F03EFB05E0F92002F07DFBBC
:10E8D0000028D8D10446204610B010BD0010C00456
:10E8E00000240001014B4E80F800FF7F2DE9F34129
:10E8F0001D464FF48073284C8046002017460E4674
:10E90000019300F037F901AB23601123234A012161
:10E91000C4E9022304F11003636040F61103E361CC
:10E9200004F1200363612123089AE3621C4B46F043
:10E9300000561A60099A45F0005542F00052C3E9AA
:10E9400001122022C4F81080A6612762A5626162CC
:10E95000DA60BFF35F8F4FF0A3421460BFF35F8FA5
:10E96000BFF35F8F1361BFF35F8FBFF35F8F03232D
:10E970005363BFF35F8FBFF35F8F9363BFF35F8F0B
:10E9800002F0AEFB431C0446FAD0002000F01CF954
:10E99000204602B0BDE8F081702400200400002071
:10E9A00060240020BFF35F8F094A1368BFF35F8FB5
:10E9B00043F48071BFF35F8F1160BFF35F8F23F467
:10E9C0008073BFF35F8F1360BFF35F8F704700BF2B
:10E9D0000010805108B5FFF7E5FFBFF35F8F064ACF
:10E9E0001368BFF35F8F43F00103BFF35F8F1360C2
:10E9F000BFF35F8F08BD00BF0010805170B50026C7
:10EA0000C0E9006605460C46FFF7E4FB01232B70C6
:10EA1000FFF7C8FFBFF35F8F204BDB68BFF35F8F4B
:10EA20009B08013BACB3226842B19A4205D9FFF77B
:10EA3000F1FB6FF03F002E7070BD1346D4E9011555
:10EA4000E068002908BF4FF40071002808BFF120DA
:10EA50002469BFF35F8F114A9360BFF35F8FBFF3E9
:10EA60005F8F1564BFF35F8FBFF35F8F5064BFF399
:10EA70005F8FBFF35F8F5163BFF35F8F44F48024D8
:10EA800044F00104BFF35F8F1460BFF35F8F002079
:10EA9000D2E74FF40071F1202546DAE700108051EB
:10EAA00070B503780D461446002B53D0BFF35F8F2B
:10EAB0002D4A136BBFF35F8F5908C3F34203052B35
:10EAC0004BD011F0060F02D14FF0FF3070BD4368FC
:10EAD000D3B9BFF35F8F5368BFF35F8F032BF3D9B5
:10EAE000224B2349BFF35F8FD2F88060BFF35F8F63
:10EAF000BFF35F8F43F8046BBFF35F8F8B42F1D19D
:10EB0000FFF768FF01234360BFF35F8F164B9A68DE
:10EB1000BFF35F8F0132B4EB021F21D8BFF35F8FC9
:10EB20005A68BFF35F8FB4EB820FCDD884B1BFF3C7
:10EB30005F8FD3F88020BFF35F8F291D05F8012B6D
:10EB40008D424FEA122204F1FF34EFD0002CF5D1B0
:10EB50000020BBE76FF02000B8E76FF05100B5E789
:10EB60006FF03F00B2E700BF0010805110108051DD
:10EB70002010805110B50446FFF72CFB104B18688D
:10EB800002F011FB0CB101232370BFF35F8F4FF034
:10EB9000A3430022DA61BFF35F8FBFF35F8F4FF0B3
:10EBA000FF321A63BFF35F8FBFF35F8F3422DA61E6
:10EBB000BFF35F8F0122034BC3F8042310BD00BFD6
:10EBC000700400200080045010B5044638B9FFF7E7
:10EBD00021FBBDE81040074B186802F0EABA037841
:10EBE0003BB1FFF717FB034B186802F0E2FA002372
:10EBF000237010BD7004002038B5164CD4F80051B5
:10EC0000C5B1BFF35F8F4FF0A343996ABFF35F8F26
:10EC1000BFF35F8F4FF0FF321A63BFF35F8F0023A4
:10EC2000C4F80031D4F800310B4B1868BDE8384007
:10EC300002F0D2BAD4F8083153B100F06DF802F006
:10EC400080FAC4F80851D4F808310121034BECE7ED
:10EC500038BD00BF008004507804002074040020F8
:10EC600008B5074B186802F0A6FA064B186802F0C0
:10EC7000A2FABDE80840002248201146FAF712BB6C
:10EC8000780400207404002038B5094B1C7864B166
:10EC9000084B4FF0FF311D68284602F08EFA4FF006
:10ECA000FF310446284602F095FA204638BD00BFE1
:10ECB000A32500207804002010B5064C236D3BB935
:10ECC000214651F8503B986902F03FFA0123236531
:10ECD000014810BDA0240020F024002038B50024F5
:10ECE0000B4D0C4BEC662B6003F5C0436B60FFF7DC
:10ECF000E3FF50B16B6D2046B3F5007FCCBF4FF4FE
:10ED000080634FF40073AB6038BD0E20FCE700BF9A
:10ED1000A02400200020805100487047A02400203B
:10ED20002DE9F0434FF0000985B00546CDF8049079
:10ED300000F10C07EFF31188402383F31288BFF32F
:10ED40006F8F8368594003EA02060A4053400E4918
:10ED500001AACDE9023901F022FF019C3CB1204615
:10ED6000C4F8C0900021646E01F0A7FEF6E7DDE96B
:10ED7000023223EA020338464146AB60FEF7BEFC8E
:10ED8000304605B0BDE8F083671201002DE9F04F71
:10ED900043688DB015468046029383789A0740F108
:10EDA0000D8100240E78002E00F00A81252E0BD054
:10EDB0004B1C0393013441463046029B9847002880
:10EDC000C0F2F6800399EDE74E788B1C252E039355
:10EDD000F0D00027B946BB46BBF11F0F38D8A6F1CB
:10EDE0002003102B0AD8DFE803F02A0909300909AB
:10EDF000092109090928092D09091F00A6F1300375
:10EE0000092B33D92A2E37D11BF0400F55F8043B7C
:10EE100040F08280002BA7BF4BF0200B9946C3F136
:10EE200000094BF0280B01E04BF0010B039B13F89A
:10EE3000016B0393002ECFD130E04BF0020B4BF06F
:10EE4000040BF3E74BF0080BF0E74BF0100BEDE78A
:10EE5000BBF17F0F19D8A6F13003092BD2D81BF0D4
:10EE6000400F03D00A2101FB0737DFE70A214BF0EF
:10EE7000200B01FB0939D9E72E2E06D11BF0400FDC
:10EE800040F09E804BF0400BD0E76C2E31D02BD859
:10EE9000682E36D06A2E3CD04C2E3AD0002F46F049
:10EEA0002003B8BF2BF04002A3F16501BCBF0027CF
:10EEB0001FFA82FB022901D9612B2FD107350727C1
:10EEC000DFF8ACA225F0070508351BF0080F66D067
:10EED0000AEB070B56465E4563D1A4EB0A0AA9EB81
:10EEE000070906EB0A026FE1742E9FD07A2E9DD09F
:10EEF000D4E71BF0800F18BF4BF4007B4BF0800B66
:10EF000094E71BF4807F18BF4BF4007B4BF4807BAD
:10EF10008CE74BF4207B89E71F4687E7A6F1630166
:10EF2000122900F2F080DFE811F013004F00EE002C
:10EF3000EE00EE00EE004F00EE00EE00EE00EE0000
:10EF4000EE00FE00E900EE00EE001B00EE00AF0058
:10EF500055F8043B01270DF1180A8DF81830B4E775
:10EF600055F804AB834BBAF1000F08BF9A461BF06B
:10EF7000400F504614BF39464FF0FF3102F0D6F92A
:10EF80000746A2E741462020029B984700280FDB56
:10EF9000013EB742F6D34C44B146A41B98E74E4617
:10EFA000F7E7414616F8010B029B9847002892DAD2
:10EFB00098F8023043F0040388F802304FF0FF3431
:10EFC00020460DB0BDE8F08F1BF0800F34D01BF44D
:10EFD000007F2CD0073525F00705AA4669685AF846
:10EFE000080B2BF010050029ADB237DA404245F48A
:10EFF000806561EB41010DF1180B0A235A4602F0BE
:10F00000A1F9A0EB0B0301936B0662D5019B25F0E0
:10F0100001019F4289B240F3A180002E00F0998047
:10F0200015F0100240F09C80BB460D4623E0AA4636
:10F030005AF8040BC117D4E7AA461BF4807F5AF88C
:10F04000041B01D10846F5E71BF4007F19BF48B245
:10F0500041F3C01108B241F3C031C2E750EA0103E5
:10F06000C9D11BF0400FC6D0002FC4D12BF0110224
:10F07000BB46019795B240F2064115EA01021CBF5A
:10F080000BF1010B00222CE02BF010020A231FFAD7
:10F0900082FB1BF0800C49D01BF4007115BF0735B3
:10F0A000AA4625F007055AF8040B1EBFAA46696850
:10F0B0005AF8080B50EA010545D12BF016051BF054
:10F0C000400FADB242D0002F40D12BF01702019774
:10F0D00095B215F0100248D0019B002E42D103F1E9
:10F0E000010B29075AD4EB0706D5D9456FDDA9EBEB
:10F0F0000B030199CB465F185B4649E04BF0100BC0
:10F1000010237826C5E7782B04D1C6F1780343F0A5
:10F110001003BEE741462520029B98470028FFF6D2
:10F1200047AF023447E608230026B2E7AA461BF49D
:10F1300080715AF8040BBDD01BF400711ABFC0B225
:10F14000614680B2B6E72BF0060295B20DF1180BBE
:10F1500054E725F01105BB46ADB28CE70D46B8E784
:10F160003B460D4603F1020BBBE7DDF804B082E736
:10F170007C2D0100752D0100CDE90432414620208F
:10F18000029B98470028FFF613AF049B059A0133B2
:10F190009945F1DCA4EB0B019B46CC180AB3414620
:10F1A0003020029B98470028FFF602AF8EB9013449
:10F1B0002744391B019B994224DC1D4655BB019A0B
:10F1C000A9EB0B09554622441446914433E0019FB4
:10F1D00092E7023441463046029B98470028E7DA1E
:10F1E000E6E640F206410D42E2D015F0020F04F1CE
:10F1F0000104414614BF2B20202015F4806F18BF56
:10F200002D20E9E741463020029B01349847002831
:10F21000CFDACDE606AB013D4146585D029B9847EB
:10F220000028CBDAC4E641462020029B01349847EF
:10F230000028FFF6BDAEA9EB0403002BF3DCC1E50B
:10F240007047836800EBC101B3F5004F2CBF51F844
:10F25000220031F81200704700EBC1018068B0F560
:10F26000004F2CBF41F8223021F8123070470122A4
:10F2700008B5FFF7E6FFD04008BD836800EBC10189
:10F28000B3F5004F08D34B681AB143F001034B604C
:10F29000704723F00103FAE74B881AB143F00103EA
:10F2A0004B80704723F00103FAE753000122FFF778
:10F2B000D3BF8368B3F5004F34BF04230823C91AB2
:10F2C000081AC00870478368481CB3F5004F34BF64
:10F2D000042308230833A0EBD300B0FA80F0C0F178
:10F2E0001F0070472DE9F041174603220E460446E1
:10F2F000FFF7A7FF8642054607F104080AD101225D
:10F30000E368BA4023EA0203E360002344F82830AC
:10F31000BDE8F081314602222046FFF792FF064603
:10F320002B4601460322204644F82850FFF794FF5D
:10F33000334629462046BDE8F0410222FFF78CBF44
:10F3400070B50D4686680446FFF791FFB6F5004F8D
:10F35000014601D3012809D02046FFF7B4FF294612
:10F3600002462046BDE87040FFF7BCBF70BD2DE9E6
:10F37000F0470546FFF7A7FF05EB800ADAF8109083
:10F3800088460646B9F1000F1BD00327DAF8104073
:10F3900028462146FFF76BFF404507D332462146FA
:10F3A0002846FFF79FFF2046BDE8F087032221464D
:10F3B0002846FFF746FF013FCAF8100001D08145FB
:10F3C000E4D14FF0FF34EB680136B4401C40EAD082
:10F3D00094FAA4F2B2FA82F2131D55F82340DEE744
:10F3E0002DE9F04114460E460546FFF740FFA4EB19
:10F3F0000608371B0744424631462846FFF755FFAB
:10F400003A4621462846FFF750FF43460022214650
:10F410002846FFF721FF21462846FFF728FF3B46F5
:10F42000211800222846BDE8F041FFF715BF2DE95D
:10F43000F041164604460F46FFF719FF31460546D0
:10F440002046FFF714FF05442A4639462046FFF7B9
:10F450002CFF31462046FFF70AFF2B4631180022C9
:10F460002046BDE8F041FFF7F7BE2DE9F0410D461B
:10F4700086680446FFF7FBFEB6F5004F014601D350
:10F48000012832D02046FFF71EFF04EB80010E69F1
:10F4900096B90122E36882401343E36002220D61C2
:10F4A0002B4629462046FFF7D7FE03222946204651
:10F4B000BDE8F041FFF7D0BE022231462046FFF7FB
:10F4C000C0FE0746034629462046FFF7C5FE032235
:10F4D000334629462046FFF7BFFE39462B462046D5
:10F4E000FFF7BAFE02223146E1E7BDE8F081F8B548
:10F4F0000C460546FFF7BBFE26180122314628467A
:10F50000FFF79FFEC3070CD431462846FFF718FFCC
:10F5100021462846FFF7ABFE214622182846FFF772
:10F5200086FF002221462846FFF78BFE271A01227C
:10F5300039462846FFF785FE10EA020613D1394600
:10F540002846FFF7FDFE214632462846FFF779FEA2
:10F550002246211A2846FFF76AFF214632462846EE
:10F56000FFF76FFE241A21462846BDE8F840FFF752
:10F570007CBF38B571B1056800222846FFF799FEB7
:10F58000044601462846FFF778FE2146BDE838408C
:10F59000FFF7ADBF38BD70B5056809B9002070BD73
:10F5A000AB6801F00704B3F5004F2CBF082204221A
:10F5B00007341444E40804EBD1049C4228BF1C46E1
:10F5C00028462146FFF7D3FE06460028E6D001462E
:10F5D0002846FFF74CFEA04209D93444314628465C
:10F5E0002246FFF7FDFE21462846FFF73EFF28464C
:10F5F00001223146FFF741FEAB68B3F5004F34BF3F
:10F600000423082303EBC6031844C8E71146FFF799
:10F61000C2BFB2F5802F2CBF082304232DE9F0418F
:10F620000026D21A8C18CD1D25F0070524F00704FA
:10F63000641BE408056021462846AC60EE60FFF7D5
:10F6400042FE421D9200013002F107074FEAD70740
:10F650003146A2F1100205F11000B8BF324601F0A8
:10F660003DFE3A4631462846FFF71FFE33463246F6
:10F6700031462846FFF7F0FDA4EB0708284631463F
:10F680000122FFF7FAFD42463946FFF70EFE3B46E0
:10F69000324639462846FFF7DFFD21462846FFF768
:10F6A00004FE4346324621462846FFF7D5FD214653
:10F6B00028460122FFF7E1FD3946BDE8F041FFF79A
:10F6C000D4BE002070470FB407B504A951F8040B4D
:10F6D0000191F9F725F903B05DF804EB04B0704728
:10F6E0000FB407B504A951F8040B0191F9F718F903
:10F6F00003B05DF804EB04B07047038B13F007030D
:10F7000005D10368002B0CBF002003207047022B9B
:10F7100005D1408BB0FA80F0400980007047012B82
:10F7200005D10368002B0CBF002005207047002086
:10F73000704710B50C4600B111B96FF0150010BD3F
:10F74000081D00F093F80028F9D1A368032BF6D91F
:10F75000F3E72DE9F0410D4607461946281D90466E
:10F760001E4600F097F8044638B133464246294613
:10F770003846A446BDE8F0416047BDE8F08110B4CA
:10F78000EFF31182402484F31288BFF36F8F41613D
:10F7900010BC0121F9F7F6B838B50C46054658B14A
:10F7A00051B10B6843B14B6833B11C22002101F009
:10F7B00095FD00202C6138BD6FF01500FBE770B59A
:10F7C00005460E46FFF7B5FF041E14DBEFF311826A
:10F7D000402383F31288BFF36F8F4FF6FF716B8B5B
:10F7E0002C8B8B4204F0070407D182F31188BFF3FE
:10F7F0006F8F6FF00A04204670BD022C0CD10133CC
:10F800006B8382F31188BFF36F8F0023224631464A
:10F810002846FFF79EFFEEE7062C14D8DFE804F039
:10F8200004131313041A0400002333606B683BB9FC
:10F83000C5E90066ACB902212846F9F7A3F8DAE772
:10F840001E606E60F6E782F31188BFF36F8F6FF072
:10F850000404D0E782F31188BFF36F8F6FF0850443
:10F86000C9E782F31188BFF36F8FC4E7034640B145
:10F87000426802F00302022A06D0032A04D0012AB9
:10F8800005D06FF0150070471A68002AF9D00020E3
:10F890009860704710B54268034602F00302022ADE
:10F8A0004FF00004816007D0032A02D05C60002082
:10F8B00001E018685C6010BD18685C600028F6D034
:10F8C000FEF7FAFAF3E7704701F008BD01F0F9BC62
:10F8D00001460068F9F7A0B908B5F9F7CDF9BDE818
:10F8E0000840F9F7EDB900210120F9F795B9D0F8F2
:10F8F000A83083F30B8870476FF08500704761B6BE
:10F9000062B680F31188BFF36F8F704772B6002321
:10F9100083F31188BFF36F8FBFF34F8F30BF62B691
:10F92000BFF36F8F704772B6002383F31188BFF364
:10F930006F8FBFF34F8F20BF80F31188BFF36F8F9E
:10F9400062B6704740E800F313F4803FD8B208BFB6
:10F950006FF01500704730B50C684B6885B00A89A8
:10F960004D890094013B24F01F04234402F01F0240
:10F9700042EA451223F01F0369468DF808200393DD
:10F98000F9F768FD05B030BD08B5F9F723FF002091
:10F9900008BD7047002303824369C3607047416A12
:10F9A0008968F9F783BFEFF31182402383F312884C
:10F9B000BFF36F8F00230B60436833B9C0E90011B8
:10F9C00082F31188BFF36F8F704719604160F7E7CA
:10F9D000034610B5EFF31181402282F31288BFF382
:10F9E0006F8F006828B15C680268A0421A6008BF87
:10F9F0005A6081F31188BFF36F8F10BD027A013214
:10FA00000272704783680B44036070478388026802
:10FA100019448180D018704730B484880568A318D1
:10FA20008380281930BC01F04CBC10B58388026873
:10FA30005C1C8480D154D01810BD034600689A889D
:10FA4000401A11441860998070470268531E036081
:10FA500083880133838002F8011C70470346828843
:10FA6000521A828000680844186070470346006894
:10FA70009A88521A01449A801960704710B5036839
:10FA800001211C78FFF7EAFF204610BD026880685C
:10FA9000101A7047012310B50621044600F8013BF7
:10FAA000FCF738FA18B9A37963F03F03A37110BDCE
:10FAB00038B50446807AF9F7CFFE6169054649B149
:10FAC000637ADB0704D4436A20461B689B68984727
:10FAD0000023636121462846BDE8384000F0ACBEF3
:10FAE000034610B5D3E8EF0F40EA0102C3E8E42F64
:10FAF000002CF7D110BD01210C30FFF7B7BF30B497
:10FB00000446084602EBC3039A4201D130BC704759
:10FB1000114611F8085BA54206D1018A5378994233
:10FB2000F4D330BC536818470A46EDE7D0E8EF3FFE
:10FB30000B40C0E8E23F002AF8D1704708B500202A
:10FB40000021FAF72FFA18B1BDE80840FAF7E0B93A
:10FB500008BD072208B501F0C9FBB0FA80F04009E2
:10FB600008BD0A7803789A4206D11030D0E8AF3F3A
:10FB7000DB0544BF01234B70704718B111B1084633
:10FB8000FAF702BD6FF01500704713B5044680B157
:10FB900006216846FCF7BEF948B99DF8053069466C
:10FBA00003F03F0320468DF80530FFF7E6FF02B073
:10FBB00010BD6FF01500FAE7003818BF012070473C
:10FBC000034610F4004F0CBF07200620DA0348BF9D
:10FBD00000F005009B0348BF00F0FB007047D0E831
:10FBE000AF0F70472DE9F74F8A4601904FF0FF3174
:10FBF0004FF0FF30FAF754F90446002849D020218D
:10FC00000C30FFF703FF4FF0000980464D462022DD
:10FC1000002101F063FBDAF8007008F1010BDAF85B
:10FC20000420914509D300222146019888F800500C
:10FC300003B0BDE8F04FFAF70DBA7A78A81C811826
:10FC40001F2997F800C008D9BCF1090FC0F11F02A5
:10FC500017D1002A15DD4FF0080CD6B2711C0BF835
:10FC60000510691CC9B20BF801C0023679685BFA4D
:10FC700080F02E4401F025FBF5B209F101090837A7
:10FC8000CDE72046F9F790FE6FF0150003B0BDE810
:10FC9000F08F6FF06800F9E7012303FA01F13AB140
:10FCA000D0E8EF3F0B43C0E8E23F002AF8D17047AD
:10FCB000C943D0E8EF3F0B40C0E8E23F002AF8D14B
:10FCC000704770B506460D464FF0FF304FF0FF31DC
:10FCD00086B0FAF7E5F80446B0B10C3095B10121D1
:10FCE000FFF7A3FE204606F1100203A908230095A2
:10FCF000FAF7C4F80022214642F20A00FAF7AAF9FC
:10FD000006B070BD2946EBE76FF06800F8E71830E1
:10FD100000F060BEFAF7B6BF0C220369C9B201FB5E
:10FD20000233186C00F00700704770B5C9B2036960
:10FD3000EFF31185402484F31288BFF36F8F0C26F4
:10FD400006FB0134246C14F0C00408D0A24206D093
:10FD500085F31188BFF36F8F4FF0FF3070BD012224
:10FD600006FB01331A6485F31188BFF36F8F436874
:10FD700003EBC1035B6898470020EFE78022FFF7A1
:10FD8000D4BFF8B5069F0469C9B2EFF311864025C8
:10FD900085F31288BFF36F8F0C2505FB0144256C9A
:10FDA00005F0070CBCF1010F0CD1276486F3118814
:10FDB000BFF36F8FC4E90E23436853F8313098477F
:10FDC0000020F8BD05F0C005AF4286F31188BFF3EF
:10FDD0006F8F0CBF6FF077004FF0FF30F1E713B576
:10FDE00080240094FFF7CDFF02B010BD10B41C2496
:10FDF0000069CBB203FB0400002110BC1047104681
:10FE0000FDF73CB800F093B9FCF70AB9022804D01A
:10FE1000042804D10020FAF7F3BF0120FBE7704764
:10FE200040F272607047084608B51146FEF7C2F806
:10FE3000002818BF6FF0040008BD08B5FEF714F9DC
:10FE4000002818BF6FF0040008BD436800205B68FD
:10FE5000DB680B607047436802EA01005B6821EAD7
:10FE600002015860002099607047436800205B6879
:10FE700059607047436800205B6899607047436829
:10FE80005A68136821EA03000B4050600020936019
:10FE9000704710B503695868F8B1884219D19C6859
:10FEA0000868A142586000D19860002008602AB11B
:10FEB0005A680A609A68596002B99960002010E097
:10FEC000814206D10868206098688142EDD19C602B
:10FED000EBE7044600680028F2D1002AE8D16FF071
:10FEE000150010BDFCF7C4BA30B543681360057A3D
:10FEF000446804EBC504A34202D36FF0010030BD97
:10FF00005C798C4201D00833F0E70020F7E74368C2
:10FF10001B68D3F83031704743681B68D3F88004FE
:10FF2000C3F88004704742681368D3F84C0150B19D
:10FF30000020926A12780A70C3F84C01D3F84C2161
:10FF400001229A6270474FF0FF30704713B501AA43
:10FF50000446FFF7C9FF002805DB019B22681979D9
:10FF60001868FBF7EDF902B010BD6FF0850070471F
:10FF700038B5054600220121C620F9F793F9C620BD
:10FF8000F9F76EF96C680121E068FFF7DFFF6B6835
:10FF900019686369C1F82435E28BA38BA07E1343F3
:10FFA000228C1343628C1343627E9BB20243207EF9
:10FFB00002431343C1F86C3569680B68D3F800221B
:10FFC00042F48022C3F800220822C3F800254A6ABE
:10FFD0000121C3F83C270022C3F840271965D3F854
:10FFE00030110029FBD0C3F800256B680021D868C8
:10FFF000FFF7ACFF6D680021E8682C68FFF7A6FFEB
:020000040001F9
:100000000823C4F800352A7A52B9AB6AC4F8043719
:100010000123C4F80837C4F84C21D4F84C21A3625A
:10002000002038BD08B50220FAF74CFF002008BDBB
:1000300010B54FF0FF304FF0FF31FBF765FB044682
:1000400028B9F0F791FB044618B1FBF765FB204691
:1000500010BDFBF761FB2046F9F75EFDF7E7FBF704
:1000600027BC10B531220021044601F037F96FF0AA
:100070003F0363712823A3730223E3736FF0080324
:1000800063760323A3766FF03F03E3767823237729
:10009000802384F82330012384F82430802384F8DB
:1000A0002630402384F82D3010BD08B5FDF7DCFF65
:1000B00048B1002383F31188BFF36F8F04231846E0
:1000C00002DF6FF0040008BD08B54FF0FF314FF0BC
:1000D000FF30FBF719FBF8F770F8BDE80840FBF7B5
:1000E0001BBB684620F007018D4601B5F5F794FB70
:1000F000BDE8014085467047684620F007018D46FF
:1001000001B5F4F77DFEBDE80140854670476846BD
:1001100020F007018D4601B5F4F764FEBDE801400B
:100120008546704708B5F7F748FF002008BD7047BF
:10013000012802D10020F6F74DB870477047F5F757
:1001400043BE03460020184700F06CBA024610B5C3
:10015000116891B1B1FA81F3C3F11F00012383400B
:1001600021EA0303D2E8EF4F8C4204D1C2E8EC3F0E
:10017000BCF1000FF6D1EBD110BD6FF00B00FBE727
:1001800010B50368CB40DB0710D401238B40026815
:1001900043EA0201D0E8EF4F944204D1C0E8EC1FDB
:1001A000BCF1000FF6D1F2D1002010BD6FF01500A8
:1001B000FBE7F7B51646DDE90847019001A81D46A3
:1001C000FCF706F8019BB6F1000C18BF4FF0010CCC
:1001D00000EB83000B1E18BF0123002D43EA4C03E4
:1001E00014BF4FF00C0C4FF0000C002C43EA0C0332
:1001F00014BF4FF4706C4FF0000C002F43EA0C0357
:1002000014BF4FF4403C4FF0000CD0F8802043EA7C
:100210000C0322EA030301B109780EB136787600A7
:1002200019430DB12D78AD0031430CB1247824026F
:1002300029430FB13F783F040C433C43C0F8804052
:1002400003B0F0BD1FB50DF10F03019300238DF82E
:100250000F101A4619460093FFF7ABFF05B05DF883
:1002600004FB10B504460846FBF7C2FF04EB40044C
:10027000A08AC0F3401010BD10B504460846FBF735
:10028000B7FF04EB4004A08AC0F3400010BD10B5D6
:1002900004460846FBF7ACFF04EB4004A08A400B81
:1002A00010BD70B5044608461646FBF7A1FF08309E
:1002B00034F810300D46DA0509D5C3F3432304EBB7
:1002C000C3023146284654F8333052689847A36831
:1002D0002BB131462846E268BDE87040184770BD32
:1002E00010B504460846FBF783FF00B204EB40005C
:1002F000838ADA051DD5C3F3432123F4F85383829F
:1003000004F1120204F1580032F8023F13F4807F26
:1003100003D0C3F3432399420BD08242F4D100228D
:1003200004EBC1035A6004F16000BDE81040FFF720
:1003300027BF10BDF0B504460020012705468446BE
:1003400095420AD1D4F8443133B10023C4F8443182
:10035000D4F8443140F40030F0BDEBB29B0003F51B
:1003600080769B0807FA03F3194208D054F806E098
:10037000BEF1000F03D044F806C0A659184301355A
:10038000DEE738B504460D46FFF76BFFB0B12046F7
:10039000FFF772FF90B92046FFF779FF012322682B
:1003A0008340C2F81833236800B203EB8003D3F80C
:1003B000102522F00302C3F8102538BD2846BDE8F9
:1003C00038400021FFF73EBF2DE9F04317460446B1
:1003D00085B00846FBF70CFFD7F800800E460546AF
:1003E000B8F1000F1FD02046FFF746FF18B1204696
:1003F000FFF737FF30BB00230DF10F02CDE90033CB
:100400008DF80E308DF80F30304643460DF10E0159
:10041000FFF7CFFE2AB204EB4202938A23F00203D5
:1004200043F0010393827B68002B34D03146204691
:1004300093F80080D3F80490FFF71EFF28B1B9F1BC
:10044000000F1FD06FF0150028E028B204EB400029
:10045000838A23F4604323F020038382B9F1000FE1
:1004600010D0B8F1030FEDD87B6821685B6893F872
:1004700000C001EB8C01B8F1000F12D1C1F810855A
:10048000C1F810852AB204EB4202938A23F01C03C0
:1004900043EA88039382BB6853BB002005B0BDE8E4
:1004A000F083D1F8102522F00302C1F8102522684C
:1004B00002EB8C03D3F8102522F4473222F47C722D
:1004C000C3F8102541F6F072D3F8101502EA0612AF
:1004D00042EA08420A43C3F8102504EB4C03A3F890
:1004E0006460838A43EA4C3343F020038382C9E784
:1004F0003146D3E900782046FFF7F2FE002FCCD03A
:1005000063689F4206D004F16000FFF71FFE0028D9
:1005100004DAC3E7A3689845F5D1002004EBC003D3
:10052000C3E901782DB204EB4505AB8AC0B243EABA
:10053000402343F48073AB82AFE7C0E903127047F6
:1005400070B504461546FFF78CFE48B10846FBF728
:100550004FFE04EB40040020A38A5B0B2B7070BDA0
:100560006FF01500FBE790F87400003818BF012009
:100570007047FBF773BE2DE9F34104461746FFF7BA
:1005800070FE0D46266800B32046FFF775FE8046D4
:10059000D8B92046FFF77BFE05B2AD0005F58072A5
:1005A00046F802802168B2582944D1F8102542F05B
:1005B0000102C1F810252FB10122216802FA00F3CF
:1005C000C1F8143302B0BDE8F081D6F814332846E0
:1005D0009B035CBF4FF40033C6F81433FBF708FEEF
:1005E00004EB4004A38AC3F38203042B11D0052B30
:1005F00011D001A80195FBF7EBFD019BC168D94023
:1006000001F001010231284602B0BDE8F041FFF7D8
:1006100019BE0321F7E70221F5E7FFF7B2BEC9B221
:10062000FCF7E4B908B1F9F72FBA704710B5436980
:1006300004463BB90020E2684042537843F001038E
:10064000537010BD98470028F4D00028B8BF40422E
:10065000FF28A8BFFF20E3681870ECE740B1C3682B
:10066000587810F001001EBF1878B0FA80F04009E9
:100670007047EFF31183402383F31288BFF36F8F2A
:10068000FEE708B5FFF7F5FF10B400F10C04C0E970
:10069000034410BCFEF7BDBF38B50446EFF3118527
:1006A000402383F31288BFF36F8FFEF762FF04F1DC
:1006B0000C0000F031FA30B1294604F11400BDE815
:1006C0003840FDF71BB885F31188BFF36F8F38BD35
:1006D000402408B5EFF3118384F31288BFF36F8FC2
:1006E000FFF714F9F6E790F90E308B4201D0FCF7D2
:1006F00093BF00207047D0E9003213605A60002396
:10070000427BC0E9003322F00202427383607047EB
:100710002DE9F843914604460D469DF8202000F14E
:100720000807EFF31186402181F31288BFF36F8F22
:1007300002B14568D4F80880474518D0B8F1000FD9
:1007400015D04046FFF7D7FF08F1180000F060FA17
:1007500000234046C8F8C030C8F8109000F08DF96A
:1007600038463146FCF7CAFF0020BDE8F883A3B144
:100770000820FDF7F1FB002838D00122C0F80490D2
:100780000260016801F003015DB922680A4302605A
:10079000626820606AB960600BE04846C9F80030C2
:1007A000EFE72A68032A16D80160616869B9C4E9CD
:1007B0000000042104F1100000F0DFFA0028CFD17E
:1007C00086F31188BFF36F8FCFE70A6802F0030248
:1007D00002430A60DFE722F003020A4302602A684C
:1007E00002F0030240EA02032B60E2E76FF00B0025
:1007F000E6E710B5044630B10268930703D04468B9
:1008000009B100F0D9FA204610BD0023C0E9003339
:1008100000F10803C0E9023300F11003C0E904331A
:100820007047012307B5009300230A461946FFF7D6
:100830006FFF03B05DF804FB002307B50A46009381
:100840001946FFF765FF03B05DF804FB002100685F
:10085000FFF7CFBF5AB18A4209D300F11003C0E9B4
:100860000212C0E90000C0E90433002070476FF0B5
:1008700015007047012302688B4022EA03030360DE
:1008800022FA01F000F00100704710B50321044680
:100890000C30FFF7EFFF30B104F1100000F0B8F9B1
:1008A000B0FA80F0400910BD20B10022D4301146CA
:1008B00000F052B9704770B5C3680446C3F34006F0
:1008C0009B0716D4856802210C30FFF7D3FF80B157
:1008D000D5F8CC206AB194421DD122689EB9D5F8D2
:1008E000D030C5F8CC209C4201D1C5F8D0200023DF
:1008F0002360E36813F01F001EBF43F00203E360B0
:1009000040F0020070BD3260D5F8D020944208BF9C
:10091000C5F8D060EBE716461268DBE773B504460E
:10092000EFF31185402383F31288BFF36F8F002309
:10093000A0F11006032104380193FFF79BFF28B1B3
:10094000A369304601A90193FCF7B4FB85F3118834
:10095000BFF36F8F02B070BD38B504460D4610224C
:10096000002100F0BBFC656038BD13B5019008465E
:10097000EFF31184402383F31288BFF36F8F01A933
:10098000FCF798FB84F31188BFF36F8F02B010BDA2
:1009900010B5FFF7EAFF041E08DDEFF311804023D6
:1009A00083F31288BFF36F8FFCF7BAFE204610BDA9
:1009B00008B5E822002100F091FC08BD38B53022CE
:1009C0000D460021044600F089FC4FF480736560F9
:1009D000E36038BD38B50446EFF31185402383F357
:1009E0001288BFF36F8FFFF750FF2046FFF763FFBA
:1009F00085F31188BFF36F8F38BDEFF305800038A2
:100A000018BF01207047D0E9003213605A600023FC
:100A1000C0E90033704708B5FFF7F5FF437B23F0CB
:100A2000020343730023836008BD38B504460D46B6
:100A3000FCF750FD637B43F002036373E5B1A560EF
:100A40002B689D4209D16B68C4E900531C606C603F
:100A500012E06A689A42F6D01B68002BF3D094F932
:100A60000E2093F90E108A42F3D09142F1DD5A68BC
:100A7000C4E9003214605C6038BD10B5EFF3118436
:100A8000402383F31288BFF36F8FFCF7E1FC84F3FC
:100A90001188BFF36F8F10BD08B5EFF311814022AD
:100AA00082F31288BFF36F8F83680BB1FFF7B3FF38
:100AB00081F31188BFF36F8F08BD38B5EFF3118450
:100AC000402383F31288BFF36F8F002390F8705098
:100AD000427B80F870302DB121B184F31188BFF3CF
:100AE0006F8F38BD12F0280FF7D183680BB1FFF775
:100AF00092FF437B23F004034373FCF7A9FCECE76C
:100B000001211838FFF7D9BF10B5FFF7C5FFBDE8C1
:100B10001040183000F07CB838B505460468002055
:100B2000AC4200D138BD002CFCD02046FFF7ECFFD2
:100B30002046FFF7A2FF2C680120A542F1E708B587
:100B4000C3171F3043F10003400940EAC360C117D7
:100B5000FCF78EFE400108BD38B5EFF31185402348
:100B600083F31288BFF36F8F0468A04213D0A4B13F
:100B7000C4F8C01022612046FFF74DFF04F11800B1
:100B800000F046F82046FCF763FC012085F311884D
:100B9000BFF36F8F38BD0020F8E72046F6E72DE958
:100BA000F04105460E461746EFF31188402383F3C4
:100BB0001288BFF36F8F0468A0420FD1002088F322
:100BC0001188BFF36F8FBDE8F08139462046B047EA
:100BD0000028F4D16B68A342F0D02468002CF4D133
:100BE000ECE708B50246FDF733F870B1D0E90431FF
:100BF0009B1A61EBE272B3F1004F72F1000104DA6B
:100C0000002AACBF1846002008BD6FF00040FBE78B
:100C1000024638B5EFF31185402383F31288BFF302
:100C20006F8F0368CBB1FDF713F804461046FDF74C
:100C300021F800224FF000438442C0E9042306D18A
:100C4000FDF70EF8FFF7CDFF0021FAF70DFD0020AC
:100C500085F31188BFF36F8F38BD6FF01500F7E78C
:100C600008B5FDF711F908BDB3F1FF3F08BFB2F1B8
:100C7000FF3F70B506461D46144614D01A4316D0E1
:100C8000002B08DBFDF700F9041941EB0501C6E96B
:100C90000041304670BD6FF001031C1B4FF0FF3365
:100CA00063EB0501F3E74FF0FF342146EFE7002443
:100CB000FBE7B3F1FF3F08BFB2F1FF3FF8B50746CE
:100CC00016461C4610D054EA020311D0FDF7DCF89A
:100CD000B0420A46A14103460AD2F31A64EB020469
:100CE000C7E900343846F8BD4FF0FF331C46F7E73C
:100CF0000023FBE72DE9F041846805460E46D4B198
:100D00006378012B22D114F8533C9A0711D5A4F132
:100D100060073846FFF7F8FE082E0CBF6FF003039C
:100D20000023236614F8533CDB0602D13846FFF754
:100D3000A4FE002323700020EB68A860C3F3863272
:100D4000164366F39433EB60BDE8F081022BF0D1DB
:100D50002378002BEDD054F8048CB8F1000FE8D0C4
:100D600004F11400FFF754FF0023A4F114073946DF
:100D70004046E362FFF7F9FDDBE738B5EFF3118595
:100D8000402383F31288BFF36F8F0468A04211D011
:100D9000D4E9003213605A6000232046C4E90033CE
:100DA000FFF7A8FF85F31188BFF36F8F201E18BFD0
:100DB000012038BD0024F5E720B1011F50F8040CD4
:100DC000FFF76ABC704710B50446406A10B1A16ACB
:100DD00000F02EF80020C4E9090010BD38B5054622
:100DE000FFF7F1FF2B7F0446012B0ED0023B012BB6
:100DF0000ED82B6A012B18BF6FF096042C2200210D
:100E0000284600F06BFA204638BD2B6A002BF2E72B
:100E10006FF09604F2E7FDF733BA70470020FDF754
:100E2000A3BA0020FDF7DABA002000F0CCB8704772
:100E300010B5044608B1FDF7C1F92046BDE81040E1
:100E4000FDF7B6B90A2840DCC31C22DA10F1400FC6
:100E500047D010F13F0F2BDA10F1410F44D010F1C1
:100E6000550F44D010F1490F08BF6FF0840018BF30
:100E70006FF08600704709282AD8DFE800F00529BE
:100E8000290816293829292F6FF09800704700206B
:100E90007047C31C0D2B1BD8DFE803F0072F1A1C6B
:100EA0001A1A1A1A1A1A1D1A1A1D6FF0850070479D
:100EB00010F1210F1ED00BDB10F1200F1DD010F10F
:100EC000100F08BF6FF09400D1E764380928D2D919
:100ED0006FF0860070476FF0940070476FF08C00E1
:100EE00070476FF0840070476FF0890070476FF0B3
:100EF000930070476FF0880070476FF09200704762
:100F000010B501380A44914200D110BD10F8013FDC
:100F100011F8014B63400370F5E70144814200D1B1
:100F2000704711F8013D1A440A70120AF6E710B52D
:100F30008B4294BFC4184418A04200D110BD00F8E1
:100F4000012BF9E700231A4682B001908B4201D1B0
:100F500002B070470198C2540133F7E70368D9041F
:100F600044BF43F48063036003689A0444BF43F4BE
:100F7000006303607047F7B506460D46202D2F46E7
:100F8000A8BF202700216846FDF738FD044670B948
:100F90003A4631466846FDF783FD10F1520F04468C
:100FA00008D0431CF4D0684600F0C1F834B12046A4
:100FB00003B0F0BD684600F0BAF8E3E7EC1B3E442E
:100FC000F5D02546DAE70020704707B501A9FDF7FF
:100FD0000FFB003818BF012003B05DF804FBCA0402
:100FE00048BF41F480618B0448BF41F400618160D7
:100FF000704730B589B0054618220C4601A800217B
:1010000000F06CF9012344EA052401A9BA200794F1
:101010000593FDF7A7FA002818BF6FF0920009B0FA
:1010200030BDF7B5BA2001A9FDF7E2FA044610B1C8
:10103000002003B0F0BD019D2F0AEDB2AC4205D1F6
:10104000BA20FDF7BBFA0028F2D008E0E6193046D6
:10105000FDF7B4FA30B13046FFF7B7FF10B96FF0C3
:101060009200E6E70134E9E708B5F820FFF7ADFFA5
:1010700018B9F920FFF7A9FF10B16FF0920008BD71
:10108000F820FDF78DFA0028F7D1F920FDF788FA4E
:101090000028F4D0F1E738B5BFF35F8F4FF0A344D9
:1010A000E569BFF35F8FBFF35F8F10236363BFF307
:1010B0005F8F012000F092F8BFF35F8F002363631E
:1010C000BFF35F8FBFF35F8FE36BBFF35F8F5B0691
:1010D000F8D425B1BFF35F8FE561BFF35F8F38BDF3
:1010E00008B5FDF7D1FD30B9BFF35F8F4FF0A343D3
:1010F000986ABFF35F8FBFF35F8F4FF0A342D36B4C
:10110000BFF35F8F10F0240F03F0230304D0FFF729
:10111000C2FF6FF01F0008BD4FF0FF30002BFAD167
:10112000BFF35F8F1063BFF35F8F1846F3E710B50F
:10113000037804461BB1FDF76DF8002323700020EF
:1011400010BD022203689A607047C0F30B03482B5E
:101150004B6028BF482310F4003F8B6008BF00237A
:10116000CB6010F4803308BFC1E9013300F4700391
:10117000B3F5700F14BF00238B6800284FF0010CEB
:101180004FF008028B60B8BF0023C1E905C2B8BFA9
:10119000C1E905337047FBF7EFBD4FF0FF324FF069
:1011A000FF33FBF771BD4FF0FF324FF0FF33FBF71A
:1011B0006BBDFBF7E1BD00F074B807B54FF0FF332E
:1011C0004FF0FF32CDE90023002200F077F803B0A2
:1011D0005DF804FB00F06EB800F068B8FFF7AFBC34
:1011E0002DE9F3470446DDE90A9815460E4659B342
:1011F00002F0010AFCF7CAFB0746EFF31181402316
:1012000083F31288BFF36F8FA80744BF0023A36046
:10121000A36803EA0600BAF1000F0CD086420CD195
:101220006A0744BF8343A36081F31188BFF36F8FC4
:1012300002B0BDE8F0870028F2D159EA080305D1D1
:1012400081F31188BFF36F8F0020F1E7C7E91A65BA
:101250002246CDE9009804F10C00FCF7BBF9002808
:10126000F2D1B86EE4E710B54B68D0E91A4212F03B
:10127000010F03EA040301D09C4210D17BB18366C5
:10128000520744BF8A681A430B6848BF8A604366A6
:101290000123086080F870301830FFF7B9FC002097
:1012A00010BD0023C0E90000836070474FF0FF329B
:1012B000FDF736BD0A460021FDF732BD5200FFF7AB
:1012C0008FBF0A44431E914200D1704710B511F8F8
:1012D000014B914203F8014FF9D110BD024403467E
:1012E000934200D1704703F8011BF9E7013902442A
:1012F00010B5904201D1002005E0037811F8014FAC
:10130000A34201D0181B10BD0130F2E710B501391E
:10131000044632B111F8013F013A00F8013B002BBD
:10132000F7D10021FFF7DAFF204610BD0246014445
:1013300010B58A42134603D01C780132002CF8D134
:10134000181A10BDF0B5C3F13707044603F01F03A8
:101350001046FFB2082BE6B232D0102B3DD0650804
:10136000A40845EAC17544EA81748A082D1942EB44
:101370005102290941EA02716D1842EB1212290A41
:1013800041EA02616D1842EB1222290C41EA024146
:101390006D1842EB1242AD1842F10002EC0844EA2B
:1013A0004274D10804EB8402A6EB4205EDB2092D8C
:1013B0000CD90134A5F10A0541F10001EDB212E0AA
:1013C000E40806F0070544EA4174C908303554EAD8
:1013D000010200F8015BBDD1F0BD240906F00F0544
:1013E00044EA01740909092D84BFED19EDB2EDE756
:1013F0000148006870470000941D00203C6FFF7F8B
:1014000001000000B9B5000000000000E5990000EF
:1014100000000000000000009414010065CC0000F2
:101420000000000000000000D414010000000000D3
:10143000B414010000000000F414010085BF000096
:101440000000000025010100000000000000000075
:10145000141501000000000034150100B9AF0000B0
:10146000000000002500010000000000FD970000C2
:10147000000000000000000054150100E18600009B
:10148000000000003DCF000000000000AB000100A4
:10149000000000006B2C0100C42201004C1E010062
:1014A000A4040020E41D002039AD0000000000006D
:1014B00000000000802C0100E0220100281E010035
:1014C000A8040020381E0020DDB10000000000004C
:1014D000000000008C2C0100F4220100281E0100F5
:1014E000AA040020441E0020DDB10000000000001E
:1014F00000000000972C010008230100281E0100B5
:10150000AC040020501E0020DDB1000000000000EF
:1015100000000000782C010000000000201E0100E7
:10152000A6040020000000003BFE000000000000B8
:1015300000000000AB2C010028230100681E010000
:10154000AE0400205C1E002071FF00006BFF000055
:1015500000000000DC2C01000000000090230100CE
:10156000B0040020681E0020F1B700000000000059
:101570000000000000000000E7F80000000000008C
:10158000E7F8000000000000E7F80000000000009D
:10159000E7F8000000000000E7F80000000000008D
:1015A000E7F8000000000000E7F80000000000007D
:1015B000E7F8000000000000E7F80000000000006D
:1015C000E7F8000000000000E7F80000000000005D
:1015D000E7F8000000000000E7F80000000000004D
:1015E000E7F8000000000000E7F80000000000003D
:1015F000E7F8000000000000E7F80000000000002D
:10160000E7F8000000000000E7F80000000000001C
:10161000E7F8000000000000E7F80000000000000C
:10162000E7F8000000000000E7F8000000000000FC
:10163000E7F8000000000000E7F8000000000000EC
:10164000E7F8000000000000E7F8000000000000DC
:10165000E7F8000000000000DDBF0000000000000F
:10166000E7F8000000000000E7F8000000000000BC
:10167000E7F8000000000000E7F8000000000000AC
:10168000E7F8000000000000E7F80000000000009C
:10169000E7F8000000000000E7F80000000000008C
:1016A000E7F8000000000000E7F80000000000007C
:1016B000E7F8000000000000E7F80000000000006C
:1016C000E7F8000000000000E7F80000000000005C
:1016D000E7F8000000000000E7F80000000000004C
:1016E000E7F8000000000000E7F80000000000003C
:1016F000E7F8000000000000E7F80000000000002C
:10170000E7F8000000000000E7F80000000000001B
:10171000E7F8000000000000E7F80000000000000B
:10172000E7F8000000000000E7F8000000000000FB
:10173000E7F8000000000000E7F8000000000000EB
:10174000E7F8000000000000E7F8000000000000DB
:10175000E7F8000000000000E7F8000000000000CB
:10176000E7F8000000000000E7F8000000000000BB
:10177000E7F8000000000000E7F8000000000000AB
:10178000E7F8000000000000E7F80000000000009B
:10179000E7F8000000000000E7F80000000000008B
:1017A000E7F8000000000000E7F80000000000007B
:1017B000E7F8000000000000F9EB00000000000066
:1017C000E7F8000000000000E7F80000000000005B
:1017D000E7F8000000000000E7F80000000000004B
:1017E000E7F8000000000000E7F80000000000003B
:1017F000E7F8000000000000E7F80000000000002B
:10180000E7F8000000000000E7F80000000000001A
:10181000E7F8000000000000E7F80000000000000A
:10182000E7F8000000000000E7F8000000000000FA
:10183000E7F8000000000000E7F8000000000000EA
:10184000E7F8000000000000E7F8000000000000DA
:10185000E7F8000000000000E7F8000000000000CA
:10186000E7F8000000000000E7F8000000000000BA
:10187000E7F8000000000000E7F8000000000000AA
:10188000E7F8000000000000E7F80000000000009A
:10189000E7F8000000000000E7F80000000000008A
:1018A000E7F8000000000000E7F80000000000007A
:1018B000E7F8000000000000E7F80000000000006A
:1018C000E7F8000000000000E7F80000000000005A
:1018D000E7F8000000000000E7F80000000000004A
:1018E000E7F8000000000000E7F80000000000003A
:1018F000E7F8000000000000E7F80000000000002A
:10190000E7F8000000000000E7F800000000000019
:10191000E7F8000000000000E7F800000000000009
:10192000E7F8000000000000E7F8000000000000F9
:10193000E7F8000000000000E7F8000000000000E9
:10194000E7F8000000000000E7F8000000000000D9
:10195000E7F8000000000000E7F8000000000000C9
:10196000E7F8000000000000E7F8000000000000B9
:10197000E7F8000000000000E7F8000000000000A9
:10198000E7F8000000000000E7F800000000000099
:10199000E7F8000000000000E7F800000000000089
:1019A000E7F8000000000000E7F800000000000079
:1019B000E7F8000000000000E7F800000000000069
:1019C000E7F8000000000000E7F800000000000059
:1019D000E7F8000000000000E7F800000000000049
:1019E000E7F8000000000000E7F800000000000039
:1019F000E7F8000000000000E7F800000000000029
:101A0000E7F8000000000000E7F800000000000018
:101A1000E7F8000000000000E7F800000000000008
:101A2000E7F8000000000000E7F8000000000000F8
:101A3000E7F8000000000000E7F8000000000000E8
:101A4000E7F8000000000000E7F8000000000000D8
:101A5000E7F8000000000000E7F8000000000000C8
:101A6000E7F8000000000000E7F8000000000000B8
:101A7000E7F8000000000000E7F8000000000000A8
:101A8000E7F8000000000000E7F800000000000098
:101A9000E7F8000000000000E7F800000000000088
:101AA000E7F8000000000000E7F800000000000078
:101AB000E7F8000000000000E7F800000000000068
:101AC000E7F8000000000000E7F800000000000058
:101AD000E7F8000000000000E7F800000000000048
:101AE000E7F8000000000000E7F800000000000038
:101AF000E7F8000000000000E7F800000000000028
:101B0000E7F8000000000000E7F800000000000017
:101B1000E7F8000000000000E7F800000000000007
:101B2000E7F8000000000000E7F8000000000000F7
:101B3000E7F8000000000000E7F8000000000000E7
:101B4000E7F8000000000000E7F8000000000000D7
:101B5000E7F8000000000000E7F8000000000000C7
:101B6000E7F8000000000000E7F8000000000000B7
:101B7000E7F8000000000000E7F8000000000000A7
:101B8000E7F8000000000000E7F800000000000097
:101B9000E7F8000000000000E7F800000000000087
:101BA000E7F80000341501000FFF000000000000FE
:101BB000E7F8000000000000E7F800000000000067
:101BC000E7F8000000000000E7F800000000000057
:101BD000E7F8000000000000E7F800000000000047
:101BE000E7F8000000000000E7F800000000000037
:101BF000E7F8000000000000E7F800000000000027
:101C0000E7F8000000000000E7F800000000000016
:101C1000E7F8000000000000E7F800000000000006
:101C2000E7F8000000000000E7F8000000000000F6
:101C3000E7F8000000000000E7F8000000000000E6
:101C4000E7F8000000000000E7F80000A003002013
:101C5000E5FE000000000000E7F8000000000000C2
:101C6000E7F8000000000000E7F8000000000000B6
:101C7000E7F8000000000000E7F8000000000000A6
:101C8000E7F8000000000000E7F800000000000096
:101C9000E7F800003DC9000043010100000000001A
:101CA000E7F8000000000000E7F800000000000076
:101CB000E7F8000000000000E7F800000000000066
:101CC000E7F8000000000000E7F800000000000056
:101CD000E7F8000000000000E7F800000000000046
:101CE000E7F8000000000000E7F800000000000036
:101CF000E7F8000000000000E7F800000000000026
:101D0000E7F8000000000000E7F800000000000015
:101D1000E7F8000000000000E7F800000000000005
:101D2000E7F8000000000000E7F8000000000000F5
:101D3000E7F8000000000000E7F8000000000000E5
:101D4000E7F8000000000000E7F8000000000000D5
:101D5000E7F8000000000000E7F8000000000000C5
:101D6000E7F8000000000000E7F8000000000000B5
:101D7000E7F8000000000000E7F8000000000000A5
:101D8000E7F8000000000000E7F800000000000095
:101D9000E7F8000000000000E7F800003F01010044
:101DA0004301010000000000E7F80000000000000F
:101DB000E7F8000000000000E7F800000000000065
:101DC000E7F8000000000000E7F800000000000055
:101DD000E7F8000000000000E7F8000028030020FA
:0C1DE000E5FE000000000000E7F8000035
:101DF000C8140020A825002000080000D985000094
:101E00000000000000000000000000000E000000C4
:101E10000000000045250100000000000000000057
:101E200027FE00000000000009B000004BFE00008B
:101E300057FE00006BFE000075FE00007FFE0000F4
:101E400025B2000093FE00000000000091AD0000EC
:101E50007DFD0000DFFD00000000000019FD000016
:101E6000000000000000000027FF0000C1B40000D7
:101E700019FF0000040000000F0000000100000036
:101E80000800000020000000740000008400000032
:101E90000D0000000C0000000E00000050000000CB
:101EA00088000000BC000000FFFFFFFFFFFFFFFFF6
:081EB000FFFFFFFFFFFFFFFF32
:101EC000000000000400000040060000800C00003C
:101ED0000000000000A0105000820D5000040550CA
:101EE00005000000040000000100000001000100E6
:101EF00000010100000100010000010001000000DC
:101F000001000B0002000A00050009000A00080099
:101F1000140007001E000600320005004B000400FC
:101F20006400030096000200FA000100F4010000C2
:101F300002030100F401FA00960064004B00320035
:101F40001E0014000A000500020001000C08021720
:101F50000D01010209090101060209181803010116
:101F600009090303050302012302022409100404E2
:101F700005050B0B040B2B1B1B151A1A1C021D1637
:101F8000130501490D150508061B1B0F1D1D0A062B
:101F90000601010000FEFEFEFEFEFEFEFEFEFEFE4F
:101FA000FEFEFEFEFEFE16FEFEFEFEFEFEFEFEFE39
:101FB000FEFE1F1FFEFE26FEFEFEFEFEFEFEFEFED7
:101FC000FEFEFEFEFEFEFEFEFE3E3EFEFEFEFE3B74
:101FD0003B00A201B003BE05EE024806A209C405FB
:101FE000F40B24120E021C045A03B4063006600CD3
:101FF000840C00200200000B680000200200000B8F
:10200000900C00200200000CF60C00200200000BD7
:10201000F60C00200100000CF40C00200100000C64
:1020200001000000070000000000000000000000A8
:10203000000000000406080A0C0E10121416181CEA
:102040001E20222426282A2C2E30323436383A3CC0
:102050003E40424446484A4C4E021A50000000009E
:10206000280000001800000000000000F02300001D
:10207000241300000000000040060000400600009D
:10208000000098086B03000000000000F02300002F
:10209000241300000000000048A3000014A000006A
:1020A000000040060C0300010302000000000000D5
:1020B0000000010101010101010101010101020210
:1020C00002020202030304040505060607070808C6
:1020D000090A0B0C0D0E0F101112131415161718F8
:1020E000191A1B0010010000D2000000300100008E
:1020F000D800000001000000E40000000200000021
:10210000EA00000002000000EC00000003000000F4
:10211000EE00000004000000F000000005000000D8
:10212000F200000006000000F400000007000000BC
:10213000F600000008000000F700000009000000A1
:10214000F80000000A000000F90000000B00000089
:10215000FA0000000D000000FB0000000F0000006E
:10216000FC00000011000000FD0000001300000052
:10217000FE00000015000000FF0000001800000035
:10218000000000001B000000010000001F00000014
:1021900002000000230000000300000028000000EF
:1021A000040000002D0000000500000033000000C6
:1021B0000600000039000000070000003F0000009A
:1021C0000800000000100200FA00000000000000FB
:1021D0000338FDD870470000000000000000000038
:1021E0000338FDD87047000009080000522501009F
:1021F000FF1D0000840400204000002000000000BB
:1022000006000100020000000C2201000000000096
:102210000E2B010006000000E04F16000000002019
:10222000162B010021000000E0EF02208998000039
:102230000000000093F900002C2201004822010058
:102240004700000000000000E85800202C22010098
:102250005C2201002E00000000000000C85C00208D
:102260002C22010070220100020100000000000089
:102270009C5D00200E030000EDA400000F04000090
:1022800029A500003E010000A59B0000FF01000001
:10229000659B00003E010000859B000010010000CE
:1022A000F7FA00002C220100B422010047000000D0
:1022B00000000000B85E0020F5AC0000C5AC0000D6
:1022C000000000004DAE0000CDAD000009FE000092
:1022D00005FE000000A0105000820D5000040550C3
:1022E0001F00000000A01050280300200000000084
:1022F00000000000FFFF000000820D50A00300203E
:102300000000000001000000FF070000000405506D
:1023100000000000000000000200000000A01050BB
:1023200000820D500004055000600C5000000000B9
:10233000000000005423010000C201000000D6018B
:1023400000000000000000400000000012250020F6
:102350001125002000600C506023010002000000E5
:10236000802301000400000070230100040100002C
:1023700024800000258000012680000227800003C1
:1023800024000000260000022506000127060003A5
:1023900069B7000031000100B9B9000000A0105079
:1023A00000820D50000405500800000002000000EB
:1023B0000400000001000000041401000C140100DE
:1023C000641401006C1401009414010094140100C1
:1023D000232D0100000100000000000000010000AA
:1023E000000200000014000000280000004000006F
:1023F00001000000020000004B65792025642F25B4
:10240000642020616464723A20253032583A2530C5
:1024100032583A253032583A253032583A2530323F
:10242000583A253032580A005061796C6F61643A2D
:102430000020253032580062745F6C655F616476FD
:102440005F7374617274206661696C6564202865CD
:102450007272202564290A00526F746174696E6774
:10246000206B6579202564202D3E2025640A0062BA
:10247000745F69645F7265736574206661696C6519
:102480006420286572722025642920E280942073DC
:102490006B697070696E6720726F746174696F6EBA
:1024A0000A004E65787420726F746174696F6E20D3
:1024B000696E20256C75206D730A0046696E642074
:1024C0004D7920456D756C6174696F6E20E2809462
:1024D000206B657920726F746174696F6E20657608
:1024E00065727920256C75206D732C202564206B16
:1024F0006579730A0062745F656E61626C6520665F
:1025000061696C65642028657272202564290A005F
:10251000426C7565746F6F746820696E6974696167
:102520006C697A65640A0062745F69645F637265EE
:10253000617465206661696C65642028657272202B
:102540002564290A00726F746174696F6E5F746923
:1025500064005975736F6F54616700B1227A41212D
:10256000A548BBD1C9A83132639C4C29733DCF1B10
:102570009ACC1A25A99D5AC3418B5234B65ACCE243
:10258000DAB9424374AD5D3A844EE02CABDD2B36B4
:10259000BAAE6BD5539C6345C76BDDF3EBCA53549E
:1025A00085BE6E4B955FF13DBCEE3C47CBBF7CE7F3
:1025B00065AD7456D87CEE04FCDB646596CF7F5C19
:1025C000A670024ECDFF4D58DCC08DF977BE8567F1
:1025D000E98DFF150DEC7576A7D0806DB781135F7F
:1025E000DE105E69EDD19EA288CF9678FA9E102605
:1025F0001EFD8687B8E1917EC8922470EF216F7A24
:10260000FEE2AFB499D0A7890BAF21372F0E979870
:10261000C9F2A28FD9A33581F032808B0FF3C0C6E7
:10262000AAE1B89A1CC03248401FA8A9DA03B390A7
:10263000EAB446920143919C2004D1D8BBF2C9ABC5
:102640002DD143595130B9BAEB14C4A1FBC557A3DE
:102650001254A2AD3115E2EACC03DABC3EE2546A70
:102660006241CACBFC25D5B20CD668B42365B3BE93
:102670004226F32A2A2A20426F6F74696E67206E01
:10268000524620436F6E6E6563742053444B207630
:10269000332E322E312D6438383837663666333271
:1026A0006466202A2A2A0A002A2A2A205573696E7B
:1026B00067205A6570687972204F532076342E3225
:1026C0002E39392D65633738313034663135363936
:1026D000202A2A2A0A0072302F61313A20203078CD
:1026E00025303878202072312F61323A202030781E
:1026F00025303878202072322F61333A202030780C
:10270000253038780A0072332F61343A202030782F
:1027100025303878207231322F69703A2020307895
:1027200025303878207231342F6C723A202030787E
:10273000253038780A0020787073723A202030787B
:10274000253038780A004661756C74696E672069B7
:102750006E737472756374696F6E20616464726500
:10276000737320287231352F7063293A2030782511
:102770003038780A00556E68616E646C6564204973
:1027800052516E3A2025640A002A2A2A2A2A205504
:1027900053414745204641554C54202A2A2A2A2A8B
:1027A0000A0020204469766973696F6E206279207F
:1027B0007A65726F0A002020556E616C69676E65DC
:1027C00064206D656D6F7279206163636573730A50
:1027D000002020537461636B206F766572666C6FA6
:1027E000772028636F6E746578742061726561204C
:1027F0006E6F742076616C6964290A0020204E6F28
:1028000020636F70726F636573736F7220696E738C
:102810007472756374696F6E730A002020496C6C62
:102820006567616C206C6F6164206F66204558435A
:102830005F52455455524E20696E746F2050430AC2
:10284000002020496C6C6567616C20757365206F92
:10285000662074686520455053520A002020417458
:1028600074656D707420746F206578656375746528
:1028700020756E646566696E656420696E73747236
:10288000756374696F6E0A002A2A2A2A2A20425523
:1028900053204641554C54202A2A2A2A2A0A00202D
:1028A00020537461636B696E67206572726F720A80
:1028B000002020556E737461636B696E67206572CA
:1028C000726F720A0020205072656369736520641C
:1028D00061746120627573206572726F720A0020E4
:1028E000204246415220416464726573733A20303D
:1028F0007825780A002020496D70726563697365D8
:10290000206461746120627573206572726F720A4F
:10291000002020496E737472756374696F6E206253
:102920007573206572726F720A002020466C6F61A9
:1029300074696E672D706F696E74206C617A79208E
:102940007374617465207072657365727661746901
:102950006F6E206572726F720A002A2A2A2A2A2054
:102960004D5055204641554C54202A2A2A2A2A0ADD
:10297000002020537461636B696E67206572726F0B
:10298000722028636F6E74657874206172656120AF
:102990006D69676874206265206E6F742076616C63
:1029A0006964290A002020446174612041636365E1
:1029B00073732056696F6C6174696F6E0A00202012
:1029C0004D4D46415220416464726573733A203024
:1029D0007825780A002020496E73747275637469D3
:1029E0006F6E204163636573732056696F6C617409
:1029F000696F6E0A0052657365727665642045786A
:102A000063657074696F6E20280053707572696F0A
:102A1000757320696E7465727275707420284952DE
:102A2000512000535053454C20696E2074687265E4
:102A30006164206D6F646520646F6573206E6F74D0
:102A400020696E646963617465205053500A002ADE
:102A50002A2A2A2A2048415244204641554C5420D3
:102A60002A2A2A2A2A0A00202042757320666175C4
:102A70006C74206F6E20766563746F72207461626F
:102A80006C6520726561640A002020446562756788
:102A9000206576656E740A0020204661756C74208E
:102AA000657363616C6174696F6E2028736565205E
:102AB00062656C6F77290A00415243485F4558436D
:102AC000455054207769746820726561736F6E2079
:102AD00025780A0A002A2A2A2A2A2044656275676C
:102AE000206D6F6E69746F722065786365707469AC
:102AF0006F6E202A2A2A2A2A0A002A2A2A2A2A200B
:102B0000257320256429202A2A2A2A2A0A00464CCD
:102B10004153485F30005352414D5F300000000088
:102B200000000000FFFFFFFFFFFF000000000000AB
:102B30000104000200000002000000000000000587
:102B40000000000000000000000000000000000580
:102B5000574553545F544F504449522F7A6570681B
:102B600079722F7375627379732F626C7565746FE8
:102B70006F74682F686F73742F6863695F636F7217
:102B8000652E63006576745F666C6167732026202E
:102B90002831554C203C3C202830292900415353F2
:102BA000455254494F4E204641494C205B25735DA8
:102BB00020402025733A25640A0062745F686369C7
:102BC0005F6576745F6765745F666C6167732868BC
:102BD00064722D3E657674292026202831554C20BC
:102BE0003C3C2028312929006275660073756363B7
:102BF0006573730009636F6D6D616E64206F706340
:102C00006F6465203078253034782074696D656F85
:102C100075740A00657272203D3D20300009436FD3
:102C20006E74726F6C6C657220756E726573706F06
:102C30006E736976652C20636F6D6D616E64206FB5
:102C400070636F6465203078253034782074696D46
:102C5000656F7574207769746820657272202564C9
:102C60000A00425420525820575100636C6F636B26
:102C700040313065303030007073612D726E670006
:102C80006770696F40313061303030006770696F54
:102C9000406438323030006770696F40353034300E
:102CA000300000010405020608090F7561727440C6
:102CB000633630303000536F6674446576696365FF
:102CC00020436F6E74726F6C6C6572204153534574
:102CD00052543A2025732C2025640A0062745F68E0
:102CE00063695F736463004D50534C2041535345F7
:102CF00052543A2025732C2025640A004D50534C21
:102D000020576F726B0000071823232323232323EC
:102D100023232323232300010269646C65006D6172
:102D2000696E00737973776F726B71009B8FACC3A0
:102D30001D42AE44FACD1FC348A0B42FCF29EE3DAB
:102D400000FFFFFFFF1F00647261676F6F6E2F6CE3
:102D50006962732F73636865642F7372632F736383
:102D60006865645F68616C5F74696D65725F6772E6
:102D700074632E6300286E756C6C29002A666C6F74
:102D800061742A00FFFFFFFFFF1F00001F0000000B
:102D9000000000001D40000000000000FFFFFFFFDA
:102DA0001FFF0000BAABBABA1010101001000000EB
:102DB000000000000050085000000000000000006B
:102DC0000C00000000FF7F00000000000000000079
:102DD00000000000F9140000000000000B76000065
:102DE00000000000000000000000000000000000E3
:102DF000B0000020E97F0000EF7F0000F17F0000BD
:102E000017800000F57F000021800000FB7F00009C
:102E10002B80000001800000378000000D80000042
:102E2000118000000380000009800000278000005E
:102E300031800000F800002001FF0000198300002D
:102E400025830000298300003183000035830000C2
:102E50000000000000000000000000000000000072
:102E60000000000000000000000000000000000062
:102E70000000000000000000000000000000000052
:102E80000000000000000000000000000000000042
:102E90000000000000000000000000000000000032
:102EA0000000000000000000000000000000000022
:102EB0000000000000000000000000000000000012
:102EC0000000000000000000000000000000000002
:102ED00000000000000000000000000000000000F2
:102EE00000000000000000000000000000000000E2
:102EF00000000000000000000000000000000000D2
:102F000000000000000000000000000000000000C1
:102F100000000000000000000000000000000000B1
:102F200000000000C9A40000000000000000000034
:102F30000000000000000000000000000000000091
:102F40000000000000000000000000000000000081
:102F50000000000000000000000000000000000071
:102F60000000000000000000000000000000000061
:102F70000000000000000000000000000000000051
:102F80000000000000000000000000000000000041
:102F900054150100000000006187000000000000DF
:102FA0000001000000000000000000000000000020
:102FB0000000000000000000000000000000000011
:102FC000000000000000000067000000000000009A
:102FD00000000000000000000000000000000000F1
:102FE00000000000000000000000000000000000E1
:102FF00000000000000000000000000000000000D1
:1030000000000000000000000000000000000000C0
:1030100000000000000000000000000000000000B0
:1030200000000000000000000000000000000000A0
:103030000000000000000000000000000000000090
:103040000000000000000000000000000000000080
:1030500000000000FFFFFFFFC3F6000000000000BB
:1030600089F90000000000000000000000C01050BE
:103070000000000000000000000000000000000050
:103080000000000000000000000000000000000040
:103090000000000000000000000000000000000030
:1030A0000000000000000000000000000000000020
:1030B0000000000000000000000000000000000010
:1030C0000000000000000000000000000000000000
:1030D00000000000000000000000000000000000F0
:1030E0000001000000A00D500000000000000000E2
:1030F00000000000000000000000000000000000D0
:1031000000000000000000000000000000000000BF
:1031100000000000000000000000000000000000AF
:10312000000000000000000000000000000000009F
:10313000000000000000000000000000000000008F
:10314000000000000000000000000000000000007F
:10315000000000000000000000000000000000006F
:103160003DFB000000000000000000000000000027
:10317000E99D0000000000000000000075B500009F
:1031800000000000FF0000000090D003FF000000DE
:103190000F000000710200005404002054040020BD
:1031A0002F0E0100DD12010067742000B40400201E
:1031B000DC040020C8040020380500202C05002075
:1031C000971101009B1101004C0012190000000032
:1031D00000000000000000000000000000000000EF
:1031E00000000000000000000000000000000000DF
:1031F0000000000000000000B4040020B40400201F
:1032000000000000000000000E000000C8040020C4
:10321000C804002000000000000000000E000000B4
:10322000DC040020DC04002000000000000000009E
:103230000E000000F0040020F00400200000000058
:10324000000000000E00000004050020040500201E
:1032500000000000000000000E0000001805002023
:103260001805002000000000000000000E00000013
:103270002C0500202C05002000000000380500204F
:1032800038050020000000000000000000000000E1
:103290004C0500204C05002054050020540500205A
:1032A0000300030000000000000000004C220100A9
:1032B000545D0020000000000000000078050020A0
:1032C0007805002080050020800500200100010015
:1032D0000000000000000000A4220100005F0020A8
:1032E0000000000000000000A4050020A40500204C
:1032F000AC050020AC0500200A000A000400000014
:10330000AD9A000038220100B05B002000000000F0
:1033100000000000D0050020D0050020D8050020C6
:10332000D80500200100010000000000000000009E
:0C33300060220100A05E002015E015E006
:00000001FF
