:10000000004F002035940000DDFC0000219400002A
:10001000219400002194000021940000219400000C
:10002000000000000000000000000000A19500009A
:100030002194000000000000399500002194000088
:1000400029970000299700002997000029970000B0
:1000500029970000299700002997000029970000A0
:100060002997000029970000299700002997000090
:100070002997000029970000299700002997000080
:100080002997000029970000299700002997000070
:100090002997000029970000299700002997000060
:1000A0002997000029970000299700002997000050
:1000B0002997000029970000299700002997000040
:1000C0002997000029970000299700002997000030
:1000D0002997000029970000299700002997000020
:1000E0002997000029970000299700002997000010
:1000F0002997000029970000299700002997000000
:1001000029970000299700002997000029970000EF
:1001100029970000299700002997000029970000DF
:1001200029970000299700002997000029970000CF
:1001300029970000299700002997000029970000BF
:1001400029970000299700002997000029970000AF
:10015000299700002997000029970000299700009F
:10016000299700002997000029970000299700008F
:10017000299700002997000029970000299700007F
:10018000299700002997000029970000299700006F
:10019000299700002997000029970000299700005F
:1001A000299700002997000029970000299700004F
:1001B000299700002997000029970000299700003F
:1001C000299700002997000029970000299700002F
:1001D000299700002997000029970000299700001F
:1001E000299700002997000029970000299700000F
:1001F00029970000299700002997000029970000FF
:1002000029970000299700002997000029970000EE
:1002100029970000299700002997000029970000DE
:1002200029970000299700002997000029970000CE
:1002300029970000299700002997000029970000BE
:1002400029970000299700002997000029970000AE
:10025000299700002B04010029970000299700002E
:100260002997000029970000150401002997000034
:10027000299700002997000029970000299700007E
:10028000299700002997000029970000299700006E
:10029000299700002997000029970000299700005E
:1002A000299700002997000029970000299700004E
:1002B000299700002997000029970000299700003E
:1002C000299700002997000029970000299700002E
:1002D000299700002997000029970000299700001E
:1002E000299700002997000029970000299700000E
:1002F00029970000299700002997000029970000FE
:1003000029970000299700002997000029970000ED
:1003100029970000299700002997000029970000DD
:1003200029970000299700002997000029970000CD
:1003300029970000299700002997000029970000BD
:1003400029970000299700002997000029970000AD
:10035000299700002997000029970000299700009D
:10036000299700002997000029970000299700008D
:10037000299700002997000029970000299700007D
:10038000299700002997000029970000299700006D
:10039000299700002997000029970000299700005D
:1003A000299700002997000029970000299700004D
:1003B000299700002997000029970000299700003D
:1003C000299700002997000029970000299700002D
:1003D00029970000FF0301002997000029970000DA
:1003E000299700002997000029970000299700000D
:1003F00029970000299700002997000029970000FD
:1004000029970000299700002997000029970000EC
:1004100029970000299700002997000029970000DC
:1004200029970000299700002997000029970000CC
:1004300029970000299700002997000029970000BC
:1004400029970000299700002997000029970000AC
:10045000299700002997000029970000299700009C
:10046000299700002997000029970000299700008C
:0C04700029970000299700002997000040
:10048000054B00221B78826001330260034A426000
:10049000C371FF230372704730060020F800080084
:1004A000F8B5C71D0028054627F007070CBF002038
:1004B000384600F0D7FA041E02DA6FF00B00F8BDE0
:1004C0002F4EF188B0880331737A0330327A89B2C3
:1004D00080B207F032F80028EFDB2744B178F378D8
:1004E000002D07F10307194427F0030700FB01F172
:1004F0000CBF0020384600F0DDFB07440DB9002F8B
:10050000DBDB01203C4600F0A3FAA0B1F17A91B107
:100510000737002D4FF025034FF0280227F007047E
:100520000CBF0020204602F005FB0028C5DB044478
:100530000DB9002CC1DBB37AABB1012000F088FA11
:1005400088B1F37A7BB10734002DB17A24F0070427
:100550000CBF0020204601F001FB0028ADDB044465
:100560000DB9002CA9DBF3683BB115B1F460002094
:10057000A5E72834A1D42046A1E7002DF7D1FAE75A
:10058000300600201FB572B6194B1C69ECB9BFF3D9
:100590004F8F1849184BCA6802F4E0621343CB60CE
:1005A000BFF34F8F00BFFDE7B2FBF6F22B465D1C99
:1005B000002AF9D1DBB203F110056D4405F80C2CCB
:1005C0000A2233B901A8A047E1E7024600230A2620
:1005D000EDE7013BDBB203F110050DEB0506B0FBC7
:1005E000F2F502FB1500303006F80C0C2846E8E75F
:1005F0003006002000ED00E00400FA050A4B07B5C4
:100600001A896846ADF80020DA889B88ADF8042086
:10061000ADF8023000F0C0FD18B1FC219C20FFF7BE
:10062000B1FF03B05DF804FB3006002038B5054685
:1006300038B306F049FA10B94FF0FF3038BD06F074
:10064000D9F8B0F5FA7FF7D80F4C1048256100F0C3
:100650007BF9002323752370E360012363801B2350
:10066000A380E38040F2032323814FF4427363812C
:10067000EFF3108472B600F035FB04B962B60020C7
:10068000DCE76FF01500D9E730060020FD0500001B
:1006900038B51446002847D1254D2B7D032B40D07B
:1006A00071B112B96FF0150038BD013906293BD878
:1006B000DFE801F0043A133A293A32001378AB70BC
:1006C0000020FFF7EDFE0028B7BF012302236FF0E3
:1006D0000B002B75A8BF2B75E6E71379002BE1D033
:1006E0005379002BDED01288FB2ADBD863881B3BB2
:1006F0009BB2E02BD6D81A2AD4D92368A2886B6083
:100700000C4B9A80DCE7012000F0A2F9237808B1B5
:10071000012BC7D9EB72D3E71388FF2BC2D8AB727A
:10072000CEE74FF0FF30BFE76FF02C00BCE700BF13
:100730003006002034060020F8B50D46064620B3EA
:1007400019B311F0070420D1114F3B7D012B02D1C9
:100750006FF00B00F8BD032B02D14FF0FF30F9E72B
:1007600000F054F80028F8D02846FFF799FE00283A
:10077000EEDB07F017FD3046F96800F06FFDFFF77C
:100780003DFF032320463B75E4E76FF01500E1E7EA
:100790003006002010B5064C237D032B03D100F05A
:1007A00079FD01F021F906F01DFF0020207510BD34
:1007B0003006002050B1074B03F1140253F8041B1C
:1007C000934240F8041BF9D1002070476FF01500E8
:1007D000704700BF1D30010008B500F027FD034938
:1007E0000120BDE8084000F02BB900BF81040000E3
:1007F00002680020014B1A60704700BF48060020C5
:10080000014B1B68184700BF48060020024B1868C0
:10081000003818BF01207047480600202DE9F84332
:100820000446184E00F104081648C6F8008001F08E
:10083000EBF80228054606D11249204606F0DCFBFB
:100840002846BDE8F8830428FAD13146204606F050
:100850000BFCB0F5817F03D372210820FFF792FED5
:100860000028E1D0277894F80290384600F020F86C
:100870000028D9D03E2FE3D1484600F051F8002897
:10088000DED1D1E74C060020074B4FF0FF3141F697
:10089000FF72C3E9001205490022C1E900221F21AD
:1008A000C3E90212704700BF40000020500700203B
:1008B0003F280CD801380B4BC0F3421200F01F0048
:1008C00053F8223023FA00F000F001007047FF28AF
:1008D00006D04038044BC0F3421200F01F00EFE78F
:1008E000012070474000002050070020074B0146C0
:1008F000006849681A4603C240F48C221A6041F02D
:10090000107242F4FF625A60704700BF400000203E
:100910000246024B0068516803C37047480000203C
:10092000431EF428DBB21FBF064A590903F01F0318
:1009300002EB81021DBF9068D84000F0010000204A
:10094000704700BF40000020014B1860704700BF97
:100950005807002010B5FFF797FF06F09FFE034BE6
:1009600004461B6803B19847204610BD5807002075
:100970000A8870B595B2C67CC2F30E0204880236AE
:1009800002F118033444C35AA4B233442344013B54
:10099000B3FBF4F303FB0422438892B29342044B6B
:1009A0008BBF2B40AB4313439BB20B8070BD00BF8A
:1009B0000080FFFF4A1E062A08B50346084604D8F1
:1009C0004FF4D1711520FFF7DDFD094A914202D99C
:1009D00040F2A311F6E711B903B1196008BD2BB1BC
:1009E0001B680022C3E901211A1D1A600430F5E7D3
:1009F000FAFFFF7F10B5114B00EB41041A786389B1
:100A0000B3FBF2F303FB0223013A1A44B2F5706F11
:100A10000279807828BF00231A440B18B2FBF0F14A
:100A200000FB11215B1AB3FBF0F100FB11331344FF
:100A30006FEA43436FEA5343638110BD5C070020B4
:100A4000024B03EB80035960704700BF5C07002036
:100A5000034B03EB80035868003818BF0120704730
:100A60005C0700202DE9F04F10F0070A85B005461D
:100A700004D040F261111720FFF784FD524F044665
:100A800007F10C06B146B04657F8043B8DF80BA0B1
:100A90003BB101A898479DF80A30082B01D9E821FD
:100AA000E9E79DF80B1041BB05B131604F4506F1F8
:100AB0000406E9D1002D6ED00022DFF81091022744
:100AC000964689F8002058F827A0013FBAF1000F98
:100AD00054D09AF804609AF802C0FF2E5FD03946CD
:100AE0000023481C37D19C44BCF1FF0F3ED90AB10A
:100AF00089F800E040F22711BDE79DF80AC04B1DC0
:100B000060465A0004EB4303022838BF0220441E0B
:100B100040422344BDF808406444CCF1000C03403B
:100B2000013C04EA0C04B4F5803F01D3F821A2E7AC
:100B300075B19A1A0120326091701480D0709DF8BE
:100B40000C00107101984FEA104C1081A2F806C0F9
:100B500004FB0134AAE758F8210028B190F804B04A
:100B6000B34504BF80781B180139BAE7DBB2E6450C
:100B70008AF804303CBF5FFA8CFE01227B1CA2D1B4
:100B80000AB189F800E0022640F6FF6A58F826709C
:100B9000B7B9013EFAD2601B05B0BDE8F08F002363
:100BA000E5E707EB410309F101093846A3F80AA07C
:100BB000FFF720FF5FFA89F1BB788B42F1D8E8E7B5
:100BC0004FF00009F6E700BF600700205C07002037
:100BD0001C4B03EB810370B51C69054644B3030449
:100BE00004D54FF4DC711720FFF7CCFC01462046FA
:100BF00006F07EFCFF28014604D02046BDE8704088
:100C000006F093BCA078B5FBF0F300FB1353DBB206
:100C100019460A1D04EB4206B6F90260002E09DBF4
:100C20000131B1FBF0F200FB1211C9B28B42F0D1DD
:100C3000002070BD8B4201D00023E37004EB420220
:100C40005580DAE75C070020094B03EB810301467E
:100C500010B51C69204606F04BFCFF28014604D065
:100C60002046BDE8104006F060BC002010BD00BF6B
:100C70005C07002038B50E4B0446827903EB8203F3
:100C8000186908B9052038BD8278E1799142F9D216
:100C90004B1CE37100EB41035D89B3F90A30002B73
:100CA000F3DBA58006F041FC20600020EBE700BFED
:100CB0005C07002070B5044610F003000E4603D018
:100CC0004E211820FFF75EFCFFF774FE054624B1A5
:100CD000034831460460FFF76DFE284670BD00BF33
:100CE000780700201F4B4FF0FF3000211A680123C6
:100CF0005360C2F80803C2F80015C2F804351A4A56
:100D000012685360C2F80803C2F8001540F6FE717D
:100D1000164A1748C2F80815B0F90020002A0CDB63
:100D2000510902F01F02934001F12002114941F8DC
:100D30002230BFF34F8FBFF36F8FB0F90030002B1D
:100D400009DB5A09012103F01F03994002F16003F6
:100D5000084A42F82310054B40F6FE72C3F80825F6
:100D6000704700BF980F0020940F0020002008500B
:100D7000AC0F002000E100E0014B1876704700BF87
:100D80008007002010B50446084806F035FF0849E2
:100D9000204607F0A8F8204606F0FAFE20B12046CB
:100DA00001F03AFD002010BD1220FCE72C080020C5
:100DB000340800202DE9FF4106780746012E40F057
:100DC000898031460020FFF73FFF054620B940F6F5
:100DD00033713920FFF7D6FBBB88002B72D106F0A8
:100DE000B9FE002870D195F8F430002B6ED128465A
:100DF000FFF7C8FF044600286AD1DFF84481314676
:100E00003046FFF721FF98F81C3006461BB110B999
:100E100040F64F71DDE7D8F818200392002B45D03B
:100E200096F8F430002B41D07B88002B3ED198F807
:100E300008303046009303ABD8F8142098F80A1015
:100E400006F0B9FE90B3304607F072F806F14003A1
:100E5000074605F14002643653F8041BB34242F8DA
:100E6000041BF9D12846FFF78DFF024610B140F66A
:100E70007671AEE70C2F07D10146284602F08CF8B8
:100E8000E0B940F67A71A4E717B140F67F71A0E7A8
:100E900098F809302846296D43F0040385F854304A
:100EA00002F04CF850B940F6817192E7BA882846B2
:100EB000798802F071F8002808BF0724204604B0A2
:100EC000BDE8F0811124F9E73A24F7E70C24F5E7AF
:100ED0001224F3E701210020FFF7B6FE054610B902
:100EE00040F6947175E706F0A2FF04460028E5D1AC
:100EF00095F8543095F8892022B195F88A2013434B
:100F000085F88900053B012BD8D82B6D13B940F625
:100F1000A4715EE701210846FFF796FE2946F822F4
:100F2000064605F079FF0423316D304686F85430CB
:100F300002F004F80028C1D140F6A97149E700BFCA
:100F40002408002038B506F09CFC154C00F01CFB72
:100F500000F0CEF904F1100506F042FD00F010FE9D
:100F600000F03CFC00F022FC00230E4A0E49136006
:100F70000E4A238062600E4A84F8203011601B21E3
:100F8000537491805382938293750A4A1068083291
:100F900012F8041CA060217307CA85E8070038BD59
:100FA000240800208800002003021B001B004801C9
:100FB000740C002018210100044B41F64C52C3E987
:100FC00002221B221A74FFF7BDBF00BF740C002061
:100FD000014B93F92600704724080020034B5A88E0
:100FE00002801B7883700020704700BF740C0020C3
:100FF000F8B503780546032B02D912242046F8BD24
:101000004378032BF9D8467E0EB11124F6E7837896
:10101000012BF2D100F062F9C307F6D5AB7813F0DB
:10102000010414D0EA78012A3AD82A693C49A2F28C
:101030005370884236D8AC686FF41C7CA4F6C41098
:10104000614488422ED8944234BF12240024980769
:1010500011D5EA78012A27D82A6932498A4225D847
:10106000A9683148A1F6C41C84451FD8914238BFF5
:1010700012262643F4B259071DD5EB78012B0CD864
:101080002B692949A3F6C4128A4211D8AA68A2F68C
:10109000C41088420CD89A420DD244F01204ADE735
:1010A0001224D4E73024D2E71226E2E73026E0E724
:1010B00044F03004A2E7002CA0D12B7E013B062B8C
:1010C0009BD801212046FFF7BFFD064620B940F618
:1010D00034613920FFF756FA903006F0FEFE18B161
:1010E00096F854309A0719D1EA78A978012AB5F808
:1010F00000C0A86814BFB2FA82F202222E7E18BF86
:101100005209CB07094B48BF2F6919725A72A3F8CD
:101110000AC01E731974C3E905076FE70C246DE755
:101120003CF670028FFD7002CBF3700224080020A1
:1011300000B589B0437940F271218DF8043083798C
:101140008DF8053001238DF8063003788DF80730CF
:10115000B0F801304B430393B0F803204A430C49E5
:10116000097B0592A2F6C4128DF81C1000218DF89F
:101170001D1008498A4209D8A3F6C4138B4205D82A
:1011800001A8FFF735FF09B05DF804FB3020FAE74E
:10119000240800203C369C000278034672B1427855
:1011A00062B142881A2A09D982881A2A06D90068A7
:1011B000034A106000209B8893807047122070477C
:1011C000740C002002680020014B9A60704700BF39
:1011D000740C00200378FF2B14D14378FF2B11D11E
:1011E0008378FF2B0ED1C378FF2B0BD1037923F02B
:1011F000E0021F2A06D11F2B04D05B09024A0020FF
:1012000013737047122070472408002008B500F0BF
:10121000BDFC01F01BFFFFF7DBFE01460248BDE805
:10122000084001F0ABBA00BF5008002010B5084CD0
:10123000072000F041F8074904F5037006F001FBB0
:1012400004F504700449BDE8104006F0FABA00BF86
:10125000500800208C0000209400002038B5094C74
:101260000D4600F0ADFBD4F80C02C4F8045106F0B2
:10127000E0FAFFF7A1FE00F015FC012384F8183214
:1012800038BD00BF50080020014B93F8180270478A
:101290005008002010B5074CD4F8100206F0C9FA27
:1012A000D4F8140206F0C5FAFFF74CFE002384F8C8
:1012B000183210BD50080020C208044900F0070091
:1012C00001238340885C03438B5470475000002007
:1012D000014BD3E90001704750000020034B186810
:1012E000C0F30020400040F0010070475000002093
:1012F00008B505F07FFA0023074A32F8231081422F
:1013000005D302EB83029378044A137008BD0133BE
:101310000C2BF2D10023F7E72C210100690A0020F1
:10132000024B1878072828BF07207047690A002059
:1013300050B90A4A0120134603F8010B0868C2F8A5
:1013400001008A889A807047012805D1034B0A68FA
:10135000D8719A608A889A81704700BF940A0020E9
:1013600050B90B4B187888B1D3F80120B3F8053089
:101370000A6001208B807047012806D1044BD87980
:1013800020B19A689B890A60F3E70020704700BF8C
:10139000940A002010B9044B18787047012806BF42
:1013A000014BD87900207047940A0020F7B58A884D
:1013B00000238DF80600ADF8042008680B4A8DF86C
:1013C00007300146147802F5A872019DD8B2844214
:1013D00001D8082007E052F8087F01335668AE4272
:1013E00008BF8F42F2D103B0F0BD00BFA80A0020B1
:1013F000084B0146002230B55C7803F20113D0B2ED
:10140000844201D8082004E013F8015F01328D42C4
:10141000F5D130BDA80A0020F0B5254D89B095F86A
:10142000984105F299116846224605F0F5FC2146DF
:10143000684606F045FA0446B8B300EB400102A83E
:10144000C9B2FFF7DDF9631E95F8A1610124DBB293
:1014500095F8981105E0721CB2FBF1F001FB102227
:10146000D6B206F120020DEB020010F8202C002A63
:10147000F1D103EB430100F8204C06EB460220318A
:101480002A44694411F8187C82F8A27111F8177C7B
:1014900011F8161C82F8A37182F8A411013BAA1955
:1014A000DBB282F89941FF2BD2D109B0F0BD00BF69
:1014B000A80A002070B5064688B00C46002A4ED017
:1014C000294A92F8A131D01890F8991119B9FF2141
:1014D0002820FFF757F803EB43010133114491F83B
:1014E000A251E57091F8A35191F8A4112571617191
:1014F000002180F8991192F89811B3FBF1F001FBEB
:10150000103382F8A13192F8C23123B9174902F59C
:10151000DD7006F08AFA65790D220021684605F033
:101520003F0545F04005657106F0D5FFE37804AA54
:1015300069468DF80F30304623798DF80D508DF8BF
:101540000E30042306F06EFF9DF81F3023709DF8C7
:101550001E3063709DF81D30A37008B070BD03216C
:101560006018FFF74DF9D6E7A80A0020191400000B
:10157000044B5A78824286BF1B1893F84201002020
:10158000704700BFA80A0020064B00224FF461718B
:101590001A8083F8C32183F8C421A3F8C61183F805
:1015A000C2217047A80A002010B51446FFF7FEFEBE
:1015B000082813D0FFF71CFF094B5A7882420DD937
:1015C00004B12070184490F83A3190F84A01012B88
:1015D00008BF40F0010000F0010010BD0120FAE753
:1015E000A80A0020014BB3F8C6017047A80A0020E2
:1015F0000A4B30B55C7884420ED9184490F8020149
:101600002B3003EBC004A5790D7053F83000106047
:101610000120A388938030BD0020FCE7A80A0020A9
:101620000246074810B590F8C34124B1417821B172
:10163000023001F033FD204610BD0C46FBE700BF31
:10164000A80A0020F8B50646174C48B3617804F59F
:10165000A17006F035F994F89851074604F29910F4
:10166000294606F02DF92D1AEDB2AF421AD8002501
:101670006278EBB29A4201D80120F8BDE21892F8E4
:1016800042215AB90621324601FB034104EB031300
:1016900001F5857103F18200FFF70CFF0135E7E7E3
:1016A0000546E5E70020E8E7A80A0020F0B51B4E54
:1016B00089B007460D46737883422CD9331893F8C6
:1016C000424144BB0D222146684606F004FFEB78F8
:1016D00006EB071004AA8DF80F3069462B7982308B
:1016E0008DF80E306B798DF80D30042306F09AFEDC
:1016F0002A789DF81F309A420AD16A789DF81E30E8
:101700009A4205D1AC789DF81D30E31A5C425C41E9
:10171000204609B0F0BD0020FBE700BFA80A00206A
:10172000074B5A78824209D91A1892F842212AB9ED
:10173000062202FB003000F58570704700207047DC
:10174000A80A0020074B93F900301844142804DC41
:1017500010F17F0F03DB40B27047142070476FF029
:101760007E007047700C00207F2307B50DF1070045
:101770008DF8073002F0A2FA03469DF9070053B135
:10178000094B5B785B425BB21844142806DC10F10D
:101790007F0F05DB40B203B05DF804FB1420FAE7CD
:1017A0006FF07E00F7E700BF700C0020024B0022B4
:1017B0001A705A70704700BF700C0020054BFF2252
:1017C0001A70054A016811600179117100221A70BE
:1017D000704700BF720C00205800002007B5064A71
:1017E00010681279009068468DF80420FFF7E6FF34
:1017F00003B05DF804FB00BF3230010083230B709F
:10180000014B1B78CB7070478C0C00202DE9F347FF
:101810008246894605270026DFF84881D9F810302E
:1018200053B11B7A1BB980211020FEF7ABFED9F80B
:101830001040B4B9002071E0D9F80440237A012B9C
:10184000F8D0EFF3108372B6D9F804201268C9F803
:10185000042003B962B6C9F81040237A0BB9A62157
:10186000E2E7257AEDB227726B1E0B2B6AD8DFE810
:1018700003F066061C3463693D69696969586368E9
:1018800013B94FF4D771CFE720465146984704204B
:10189000EFF3108272B6237A052BD9B25CD126728F
:1018A000C9F81060B2B962B614E0636813B940F2C7
:1018B000B711B9E75146204698470346ADF80400F2
:1018C000C0B2C3F30723012B3FD0022BE0D100238A
:1018D000C9F810300028A1D020E0636813B940F2A5
:1018E000BF11A1E7204698470020D1E763680BB9F4
:1018F000B52199E70D2200248AF8002001221988D9
:1019000018698AF80220AAF803108AF805208AF8D4
:10191000064005F0E3FD0420C9F8104002B0BDE820
:10192000F087D8F80030514620469847034660B10A
:101930000220C9F81060F1E74FF4FB7174E740F240
:10194000F91171E74FF4FE716EE725720028E5D1B9
:10195000002B7FF463AF6DE711B940F21D2163E7FF
:1019600000209FE7A000002038B5134C142200216E
:10197000201D06F0B0FD0125257404F10803142292
:10198000002104F11800C4E9013306F0A4FD84F835
:10199000245004F11C03094AC4E906330023E3621E
:1019A000236384F83430C4F83530C4F8393084F80F
:1019B0003D30136038BD00BF8C0C00209C0000201F
:1019C00010B5084C2378FF2B04D04FF4A0711020E1
:1019D000FEF7D8FD05F054F92070BDE81040FFF780
:1019E000C3BF00BF5D00002010B5034C207805F098
:1019F00061F9FF23237010BD5D000020014B1878B2
:101A000005F068B95D00002010B506490446FFF7EF
:101A1000FDFE28B920460449BDE81040FFF7F6BE98
:101A200010BD00BFA40C0020900C0020134610B580
:101A3000027A22B140F299211020FEF7A3FD0A4656
:101A400001460248BDE8104005F0CCBF900C0020D4
:101A50000346064890F83E203AB190F83D2022B95E
:101A6000034900F8353B05F0DABF70478C0C0020C5
:101A7000FD170000094AD2E90003434083EAB01190
:101A800081EA43214FEAF34311605360044B58430A
:101A90004FEAF06000EB8000704700BF600000205C
:101AA000BB79379E10B50A4C08210948FEF7A8FEFD
:101AB000D4E900321343F7D0064CFFF7DBFF206078
:101AC000FFF7D8FF236860601843F6D010BD00BF51
:101AD00060000020CC0C0020F0B51F4D00242B78B6
:101AE00014709BB1013B6D68DBB21E1B012E0FDC35
:101AF00005EBC40655F8347076688E4208BF8742FD
:101B000027D0B84271EB060612D214700020F0BD47
:101B10001E197710C6F3470655F837C005EBC70EF8
:101B20008445DEF804708F412CBF33463446DCE731
:101B300005EBC30455F8335064688C4208BF8542F6
:101B400006D0A84271EB040428BF01331370DDE70F
:101B50001C4601201470DAE7E40C002010F00702A4
:101B600008B503D063214820FEF70CFD18B1034BE4
:101B7000197258601A70C80008BD00BFE40C00203C
:101B8000014B00221A707047E40C0020014B002228
:101B90001A607047080D002008B5044B186810B98A
:101BA000FFF7F4FF08BD0C20FCE700BF080D002084
:101BB00030B50D4AFF231371D0E9065373B1D0E954
:101BC00002149D610C44D9682144D960816939B1FE
:101BD000CB610023C0E90633137130BD1560F5E712
:101BE000002BF6D0D960F4E7080D002010B5124A9A
:101BF000FF231371C16189B91368836103B1D8618F
:101C000010600023C169C36099B1CB687BB184685F
:101C1000A3420AD230213720FEF7B4FC8B698861D9
:101C20008361002BEDD0D861EBE71B1BC360002361
:101C3000CB600023137110BD080D0020034B002062
:101C40001B6803B9704718469B69FAE7080D002026
:101C50000B4B002230B51B6804464FF0FF35104691
:101C600023B911B9002808BF104630BDDA68A24276
:101C700003D3AA423CBF154618461A469B69EFE7B4
:101C8000080D002070B50F4CFF232371036A1BB1B0
:101C900081689D68A94203D2E5213720FEF772FCD6
:101CA000C2698669DA619E6152B193619A691AB11B
:101CB000D361C26811444A1BDA600023237170BDEE
:101CC0002360F3E7080D0020024B00221B6883F815
:101CD00070207047100D002008B5FFF745FD014B3F
:101CE000187008BD68000020024B18686C3000F0C6
:101CF00067BF00BF100D002038B50F4CFFF7F4FF91
:101D0000656800F033FF63682860186820B940F206
:101D1000EC413220FEF736FC05F087FF10B940F2A7
:101D2000EE41F6E701F05AFF002001F08BFF6368F7
:101D300004221A7138BD00BF100D002070B52B4C65
:101D400006466368186805F070FF054620B941F241
:101D5000AE313220FEF716FC236893F8543013B9E5
:101D600041F2B431F5E776B105F014FE30B16368A5
:101D70001A79022A0ED841F23431EAE7284605F0F2
:101D800021FE0028F3D163681A79022A17D841F29C
:101D90009431DEE71A79082A02D941F23531D8E7C1
:101DA0001B792846A26803F180431269033B52F86D
:101DB000233098470C2812D941F2C731C9E71A7964
:101DC000082A02D941F29531C3E71B79A26803F1D1
:101DD00080435269033B52F823309847EAE7A368EF
:101DE000DB68BDE8704053F820301847100D002024
:101DF00008B5074B93F900207F2A04D140F29231B5
:101E00003220FEF7BFFB02707F221A7008BD00BFB0
:101E10006800002010B504788EB004F00F0404A907
:101E2000224605F023FFFFF757FF042C33D11B4C4C
:101E3000059A2368107893F8741088422BD1507853
:101E400093F87510884226D1907893F876108842DE
:101E500021D1D07893F8771088421CD1107993F86B
:101E60007810884217D1517993F87920914212D194
:101E70009DF8212093F87A309A420CD10DF10F0091
:101E8000FFF7B6FF9DF90F3004A90093237C227B56
:101E9000606805F0DCFE03200EB010BD100D0020C0
:101EA0000D4A536810B51979022904D841F2A641A8
:101EB0003220FEF767FB1979082902D941F2A741C0
:101EC000F6E71B79926803F180439268033BBDE813
:101ED000104052F823301847100D002010B5054C63
:101EE000637B2BB101F0DCFE01F036F90023637354
:101EF00010BD00BF100D002010B5064CFFF7EEFF1F
:101F0000012263681A71FFF7EFFE2068BDE81040F8
:101F100006F023B9100D002010B500B919B9BDE8BD
:101F20001040FFF7E9BF0D4A53681979082904D812
:101F300041F276413220FEF725FB19790C2902D9AE
:101F400041F27741F6E71B79926803F180435268CA
:101F5000093BBDE8104052F823301847100D00200F
:101F600038B52F4CFFF7C0FE656800F0FFFD6368D1
:101F70002860186820B940F249413220FEF702FB80
:101F800005F053FE054610B940F24B41F5E72368D2
:101F900093F889306BB123681A6D93F88A10C3F8EF
:101FA000F02093F854200A4383F85420002283F849
:101FB000892063681A795AB11B79012B08D0002156
:101FC000206805F0BCFF18B9BDE83840FFF794BFA2
:101FD0002368144A93F88830D05C01F099FC012101
:101FE000252001F0F7FB284601F0F8FD0121084605
:101FF00001F0B8FCE81CFFF713FB607320B101F09F
:102000007FF8402001F040FE002362680821E3735E
:10201000A3732374D380032321735171137138BDCB
:10202000100D0020FD21010070B5384C0546636895
:102030001B79012B04D940F6F9013220FEF7A2FAF0
:1020400001F0FAFB01F02CFE01F086F8304801F0B7
:10205000BDFD304801F0B4FD2F4801F04FFC6B7A14
:1020600023B123681B6E0BB101221A602B7A032B5C
:1020700002D140F62811E0E7206893B9032190F8D7
:10208000882090F84A500E460132B2FBF6F303EB7B
:102090004303D31ADAB245FA03F3DB072BD580F8F2
:1020A000882090F9580001F023FCFFF759FF2568BC
:1020B00095F84830F3B16FF00043D5E920129A4209
:1020C00008BFB1F1FF3F15D003F0DEF9D5E92023B9
:1020D000904299410ED3236893F8483083B925681C
:1020E000FFF780FA044603F0CFF90C4BE4FB030141
:1020F000C5E9200170BD013911F0FF01C4D1CEE75F
:102100000120FFF79FFA0028F4D0E8E7100D002027
:10211000A400002055555500D6BE898E40420F00C0
:102120002DE9F8435E4F0023064689467869D7F8C3
:1021300000800370437001F06DFD054630B9002545
:102140000320FFF785FC2846BDE8F8837C69032E51
:10215000237833D123F00F0343F0030323700C23C0
:102160006370D8F874307869C0F80930B8F87830FE
:10217000A0F80D3098F87A1005F002FC002178697B
:1021800006F039F83B6893F8482003F1420993F8C8
:102190004180002A62D14C46236841467869C0F8E4
:1021A0000330A388A0F8073005F0DDFB3D4BD3F8E2
:1021B0000C32002B66D001F059FCC0E723F02F034E
:1021C0003968222243EA4913627043F00503237001
:1021D0000B6DDB69C4F80F300B6D5A6AE274100A9C
:1021E000120C207540F2E24062759A8DB2FBF0F25B
:1021F000A2759A6AB2FBF0F2E275C2F30722227668
:102200009A69B2FBF0F26276C2F30722A2761A8CC8
:10221000E276120A22775A8C6277120AA277D3F8F2
:102220008F20C4F81F2093F8933094F8242084F86A
:1022300023300B6D22F01F0293F89A3003F01F0336
:10224000134384F82430FFF76BF894F8243003F03C
:102250001F0343EA401384F8243082E793F85420A4
:1022600052070CD593F84C204AB193F84D00FFF774
:1022700057FA044600288ED04FF001088CE77B689F
:102280005879F4E7052E7FF45EAF3B6821681A6D3C
:10229000C2F80A10A188D1811B6D83F8098052E72A
:1022A000100D002000A0085010B500210320FFF7FA
:1022B00037FF18B9BDE81040FFF71EBE074C0321D9
:1022C000206805F03CFE0028F4D00121084601F00A
:1022D00001FD636809221A7110BD00BF100D0020B6
:1022E0002DE9F04F734C95B00546FFF7F5FC2368D8
:1022F00093F8543013F0060F04D0012296210020E9
:1023000005F06DFF2E7828460AA906F00F06324622
:1023100005F0ACFC0B9D55B39DF83930012B50D125
:102320006B7903F0C003A3F140056B426B41627B04
:102330004AB143B1656805F0D0FA636868715B79AA
:1023400023730123A3736368587908283BD10B9941
:102350009DF8390005F078FB626805460B99053257
:102360009DF83900FFF720F9636800283DD0226806
:1023700092F8543013F0030106D0062E97BF92F85E
:102380004B1000212943C9B2606801F0010113F02C
:102390000403817106D0062E97BF92F84C300023BB
:1023A0001D43EBB203F00103C3710B9BF3B19DF826
:1023B000391082F87A10196851679B88A2F8783032
:1023C00014E00023B3E708AA0DF11F01FFF710F98D
:1023D00020B940F6A6313220FEF7D4F808A99DF8BE
:1023E0001F0005F031FB0546C1E7D880062E00F23C
:1023F000C680DFE816F06100E4000700C400C400F6
:10240000C400240001F032FB266896F85430980787
:1024100013D06568AB7983B108A8FFF7E9FC9DF993
:10242000203002220AA902932846237B0193FF232E
:10243000009306F1420305F0FAFB03251DE06568F1
:10244000AB79002B00F09B80266896F8542091070A
:1024500019D508A8FFF7CCFC9DF9203028460622A4
:1024600002930AA9237B09250193FF23009306F118
:10247000420305F0DCFB00232374FFF72FFD284601
:1024800015B0BDE8F08FD30779D5570701D501F016
:10249000EDFA08A8FFF7ACFC9DF920202368029212
:1024A000227B42330192FF22009206220AA9606831
:1024B000C1E700BF100D0020236893F85420560791
:1024C00038D56168CA79002A34D00B9A93F85A003B
:1024D0001578854256D1557893F85B00854251D1E5
:1024E000957893F85C0085424CD1D57893F85D00DF
:1024F000854247D1157993F85E00854242D15079E3
:1025000093F85F2090423DD19DF8392093F859000F
:10251000151A6A426A4193F8560001284DD0002AE4
:102520004BD193F84D30082B02D04A799A4244D0CF
:1025300001F09CFA6568AB79002B3CD0266896F8D0
:102540005420900720D508A8FFF752FC9DF92030B1
:102550002846002202930AA9237B09250193FF2321
:10256000009306F1420305F062FB012323746368C4
:10257000DA79002A81D19B79002B7FF47EAF01F0BC
:1025800075FA5AE70022C6E7D10714D5530701D5DB
:1025900001F06CFA08A8FFF72BFC9DF920202368B6
:1025A0000AA90292227B42330192FF22009200226A
:1025B000606805F03CFB0325D9E70A25D7E7616889
:1025C00022688B799DF83A000593012892F84830EB
:1025D00091F807B083F0010A40F0A8800C98477981
:1025E00007F0C007A7F1400CDCF1000747EB0C0730
:1025F00092F85400460740F19B8092F84C00002866
:1026000000F0968092F84D50082D00F093802846F7
:10261000FEF7AEFF4AEA00005FFA80FA002F00F0F2
:102620008B800C992846FFF741F80646216891F8FF
:10263000542091F8418055074ED50B9A91F85A00D5
:10264000157885427AD1557891F85B00854275D12D
:10265000957891F85C00854270D1D57891F85D004D
:1026600085426BD1157991F85E00854266D150792B
:1026700091F85F20904261D19DF8395091F859202E
:10268000A81A4542454162685279082A58D091F803
:102690004D90A9EB0202D2F1000949EB0209002E8C
:1026A00051D1BAF1000F50D00C9B42319DF83A2025
:1026B000404605F0E7F8BBF1000F0BD0236893F814
:1026C0005630012B56D02BB9002D53D110B1B9F192
:1026D000000F51D101F0CAF9236893F854309B07D9
:1026E0003FF4ABAE01F0C2F9059B002B3FF4A5AE61
:1026F00020680C9B00F142019DF83A2090F84100BF
:1027000005F0C0F8256800B90EB308A848EA4608E5
:10271000FFF76EFB9DF920300293237B01935FFA54
:1027200088F30093012205F14203BFE600275FE72B
:102730004D7969E7002679E73E4677E70025A2E76D
:102740004FF00009ABE70120B5E73046B3E795F855
:102750005530023B012B3FF670AE002F3FF46DAEBB
:1027600008A8FFF745FB9DF920300293237B0193D6
:10277000FE23D6E70028ADD00A257EE6F8B5174F30
:102780000E46012178610020FEF722FA054620B9A5
:1027900040F682013220FDF7F5FEF822002105F017
:1027A0009AFE01210846FEF713FA044618B1F822F2
:1027B000002105F090FEBB6813B940F68C01E9E7F3
:1027C000304605F0CDF9284605F085FB24B12046BA
:1027D000BDE8F84005F07FBBF8BD00BF100D00203C
:1027E000014B024A9A607047100D0020040100203E
:1027F000036810B523B940F66D113220FDF7C2FE13
:10280000044A13606C3353609368BDE810401B6842
:10281000184700BF100D002038B5044690F840005E
:1028200000F0FD0004F14201003818BF012084F8D7
:102830004100FEF795FD94F84030023BDBB2012BDE
:1028400094BF0123002384F8483015D8FEF7CAFE50
:10285000054602F019FE094BE5FB030194F84830E8
:10286000C4E9200143B10020FEF7ECFE20B940F698
:1028700015213220FDF786FE38BD00BF40420F0013
:102880000149363005F0CEB89F7A000008B504F053
:10289000A0FE054AD2E84F3F0133DBB2C2E8413F18
:1028A0000029F7D108BD00BF280D00202DE9F84F01
:1028B0001E46474B0D46934600211A7804689DF842
:1028C00028709DF82C809DF930909DF834A001600F
:1028D00032B9A4F108015868BDE8F84FFFF7D6BF38
:1028E0001A2204F1090005F0F6FD0123A372BBF1E1
:1028F000060F3DD8DFE80BF00421273C313C2B00CC
:10290000E37A23F0130343F01303E3720123B8F1D6
:10291000080F04F10E0284F8189023754FF0FF039E
:10292000A3754FF07F03E37545D004F10D014046D8
:10293000FEF75EFE08BBC1211CE0E37A23F015031D
:1029400043F01503E1E7E37A43F01003DDE7E37AB0
:1029500023F0120343F01203D7E7E27A4AF01A0A8F
:1029600022F01B020AF01B0A42EA0A02E272CDE7D9
:1029700040F22B413320FDF705FE637B43F0020359
:102980006373E37A5B071FD5BA1E04F11C03012AA7
:102990008BBFAA6832681168E2618ABFE161B288C0
:1029A00092889A80E776002323720A492046BDE880
:1029B000F84F05F037B86B7C63736B681968C4F81F
:1029C0000E109B889380DCE7FF23E376EBE700BFE4
:1029D000280D0020D92900002DE9F04305468DB0CF
:1029E0000C4600200121FEF72FF9064620B940F2DF
:1029F000C7113320FDF7C6FD9030A5F108084C4FF4
:102A000005F06BFA18B196F85430042B17D1304604
:102A100005F0A0F898B941467868FFF737FF4FF402
:102A20000073ADF8043000209DF8043063F3070014
:102A30009DF8053063F30F200DB0BDE8F08302A9C7
:102A400005F1230005F043F9EE7A04F10D0316F0C9
:102A5000100607D09DF8186018460599324604F014
:102A6000DBF90346E97AC80601D45B21C1E711F01E
:102A7000040FAA7A95F80DE004F1060005F10E0C9A
:102A800029D095F81B90B9F1FE0F24D11121E270E5
:102A900084F805E021701101012202312271617078
:102AA000D5F80E20C4F80620BCF80420828084F8F3
:102AB0000C90EA69C4F80D202A8C9A802B7EE3746E
:102AC00041467868FFF7E2FE237923F06003237123
:102AD0004FF40173A5E706F10A030321E2705343A3
:102AE0002170023384F805E06370D5F80E30C4F825
:102AF0000630BCF804308380267326442B7E737323
:102B0000EA7A12F0080002D004232371D8E702F019
:102B10000303032B01D12071D2E7520701D5012312
:102B2000F3E7022BF1D00BB92171C9E7A22160E7CD
:102B3000280D0020233270B5054692B20C461E4681
:102B400004F00FFD25B1034A5560147256721470DB
:102B500070BD00BF280D002010B5034C606804F064
:102B600022FD237A237010BD280D002038B5134DA7
:102B7000686804F01EFD044620B940F24711332076
:102B8000FDF700FDD5E84F3F013BDBB2C5E8413F13
:102B90000029F7D104F108052322284605F09BFC03
:102BA0007F2301222846E377FF23A377637584F808
:102BB0002330E37C62F34613E37438BD280D002014
:102BC000016810B5044631B1034B08395868FFF766
:102BD0005DFE0023236010BD280D00202DE9F04F7D
:102BE00004468FB098468A469146BDF860B002F020
:102BF0004BFCD4F8B430074620460391049305F00B
:102C00008DF80546B8F1000F00F06B81B9F1000FA7
:102C100000F0E280804617F5FA630593039B43F1C9
:102C200000030693FFF70AF8064604F1C800314690
:102C30000790FEF7DBFFD4F8F01011B1079805F00C
:102C4000B9F9BDB1D4F8D050BEB1B0682A46D6E9C2
:102C50000031C018059B009341F10001069B0193D0
:102C600004F0FCFE8542034608D240F26731212081
:102C7000FDF788FCD4F8B050E6E73346059AD4F85F
:102C8000B0109D18069A42F1000601F2CF7213446B
:102C9000B3FBF1F34B43EB1A66F10002C4E93232A5
:102CA000BBF1000F40F08D804FF0FF326FF000431A
:102CB000C4E92423204605F01EF8D4F89030D4F857
:102CC000941083465A1B059361EB0600012A70F1AC
:102CD00000034FF00003C0F2F480DDF810C094450B
:102CE000834100DB0492049BD4F8B400834228BFE4
:102CF00003460493C4F8BC30B9F1000F05D0D4E901
:102D00003223C4E92656C4E92A234FF00009C4F847
:102D1000B8B02A46334620460691C4E928568AF8B8
:102D2000099005F004F8CAF804B08AF80800B8F170
:102D3000000F00F0D1800123039A06998AF8003031
:102D4000059BDB1B61EB0202012B72F10000C0F25C
:102D5000BA80794D9D4279EB020200DB1D46D4F822
:102D6000F030D4F8B060002B40F0B280072220464B
:102D7000A6FB022804F0D2FF002800F0A680D4E9C8
:102D80002630D21848EB00039742039971EB0300F9
:102D90000DD2D21B6FF0010063EB010390424FF0A4
:102DA0000000984102D3954228BF15462E46CAF826
:102DB0001060049B5B4534BF002001200FB0BDE8CC
:102DC000F08F1FFA8BFB42F2107329463246EBFB61
:102DD0000312C4E924126DE788B36FF00043D4E90D
:102DE00024129A4208BFB1F1FF3F23D0204604F0DD
:102DF00082FF17F1AB02039B0546099008A843F137
:102E000000038DF82090CDE90C230223ADF8283083
:102E100002F01AFC10B94FF4966128E7D4E9243285
:102E20000C995B1A0D9962EB01025B1B62F10002C7
:102E3000002A3FDB3D46039E4FF001083AE7D4E904
:102E40003226D4F8B050BB1A5219B3FBF5F305FB88
:102E500003F346F100069B18A3EB070246F10006B8
:102E6000AA2A04D8ED1846F10006C84622E72046F3
:102E700004F041FFD4F8A020D4F8B05009902046C7
:102E80008DF820908DF82990D4E93213521AB2FBB4
:102E9000F5F26A43521843F10003CDE90C2304F024
:102EA00046FF29468DF8280008A804F02CFDDDE92E
:102EB0000C56DAE73D46039E4FF00108CDF810901E
:102EC000F8E604930FE74D4649E7D4E92A3058E77E
:102ED0004FF0FF32134657E78AF80080CAE90456DC
:102EE00067E7B9F1000F7FF496AED4F8B0802046C2
:102EF000D4E932B1A7EB0B0518EB0B03059141F1B7
:102F00000006B5FBF8F508FB05F5ED18D4E9262316
:102F100046F1000604F0E0FE08FB00F005992A46A1
:102F2000334610EB0B0041F10001C4E932012046A9
:102F300004F0D2FE99E700BF0040420F70B504468E
:102F40000D4690F8F43003F0FF0623B140F29A21C9
:102F50002120FDF717FB11B940F29B21F8E701464C
:102F60000C4802F0B9FA202884F8F70010D0C4F811
:102F7000F05095F8C83103F0FF0113B14FF42971F7
:102F8000E6E784F8F610204605F0B4F8012070BD9D
:102F90003046FCE71580000038B504460D46014672
:102FA000074802F099FA202884F8F70005D0204657
:102FB000294605F09FF8012038BD0020FCE700BF3E
:102FC00015800000F7B501231F4E00273370CDE9AF
:102FD00000776846FDF74EFE0546E8B100233370E2
:102FE00003B0F0BD90F8C90102F026FB94F8C901C6
:102FF00002F0CCFB94F8C90184F8C85102F05CFAE5
:1030000010B940F2C1111BE0202304F5D07084F800
:10301000C931FEF7CDFDDAE7009B002BD9D093F83C
:10302000C821002AD5D018884FF6FF739842D5D012
:103030002946FDF709FE04460028D3D14FF4E97173
:103040003520FDF79FFA00BF380D0020024B00220B
:10305000C3E90022FFF7B6BF380D0020014B5870BE
:10306000704700BF380D0020064B1B68D3F80001E5
:1030700038B1D3F8040120B1D3F80801B0FA80F0D8
:1030800040097047940F0020034B00221A705A70B9
:1030900010229A70704700BF840D0020F8B50646D4
:1030A000022014460D4600F01FF9114B114A01276A
:1030B000191D5C609A6002F1807203342D011F704B
:1030C000DC601D83C3E904260022243303F80A2CA4
:1030D0000D2203F8092C084A1268C2F83015074976
:1030E000C2F80875C2F8383503C983E80300F8BD93
:1030F000840D00200300000B940F0020002201002B
:1031000008B5022000F0F0F80D4B01221A700022E1
:103110000C4B1B68C3F80021C3F80421C3F8082135
:10312000094AC3F88020094BC3F88C20084B1B6860
:10313000C3F88C210822074BC3F8042508BD00BF43
:10314000840D0020940F0020030000800030085000
:10315000A00F002000200450154A08B51378FBB1D9
:10316000144B19680023C1F880301349C1F88C3022
:1031700012490968C1F88C310821114BC3F80815B0
:10318000FFF772FF88B101235370938EFF2B03D991
:10319000BA213B20FDF7F6F9DBB2937000231370E0
:1031A0000020BDE8084000F09FB810235070F4E7FD
:1031B000840D0020940F002000300850A00F002044
:1031C000002004500A4B1A786AB10A4B1B68D3F8E6
:1031D000002152B1D3F8040140B1D3F80801B0FA8C
:1031E00080F040097047587870470220704700BF50
:1031F000840D0020940F0020064A08B513782BB1E7
:10320000FFF732FF20B192F8340008BD9078FCE758
:103210001020FAE7840D00200A4B02211A680023CF
:10322000C2F88030084AC2F88430084A1268C2F8EE
:103230008431074AC2F8081502F58022C2F8083521
:10324000704700BF980F002000300850A00F0020EA
:1032500000200450024B00221A809A70704700BF71
:10326000BC0D0020054808B503781BB1FFF7D4FF5B
:103270000023037000234370837008BDBC0D002041
:1032800038B50A4D00242B68D3F80025032A04BF63
:1032900001225A60064A1268C2F80045C3F8004588
:1032A000FFF7E0FF2B68C3F8804038BD940F002083
:1032B000980F00200A4BB3F90030002B0DDB5A09A0
:1032C000012103F01F03994002F12003054A42F84F
:1032D0002310BFF34F8FBFF36F8FFFF7D1BF00BF36
:1032E000AC0F002000E100E010B50446FFF7C8FF76
:1032F000012C06D0022C0AD044B18C213D20FDF7D0
:1033000041F9084B02221B68C3F8002510BD064B8B
:1033100003221B68C3F8002502F10042C3F8802095
:10332000F4E700BF980F0020940F0020024BD3F861
:10333000A00300F00100704700C0FF00084BD3F865
:10334000A423D3F8A833511C9BB203D14FF6FF71CD
:103350008B4203D0026083800120704700207047B9
:1033600000C0FF000B4B30B5D3F89053D3F8944313
:10337000D3F89813D3F89C2305EA04030B401340B9
:10338000013317BF05600020446081601CBFC2602C
:10339000012030BD00C0FF000B4B30B5D3F8805387
:1033A000D3F88443D3F88813D3F88C2305EA0403B5
:1033B0000B401340013317BF05600020446081605B
:1033C0001CBFC260012030BD00C0FF00064B0022C0
:1033D000C3F80022C3F81822C3F82022C3F80C2235
:1033E000C3F81422704700BF00A00850024B00220F
:1033F0001A809A701A717047300E002038B5144D3B
:103400000346084695F83D2022B940F6B2113E2009
:10341000FDF7B8F86BB9012AAC6B95F83C1005D1F3
:1034200000F0F8FD20442B6BC01A38BD04F0E9FE13
:10343000F8E7012B0AD1012AAC6B95F83C1002D1B8
:1034400000F0DAFDEEE704F0E7FEEBE70020EAE744
:10345000300E002008B50128084B83F82400084BE3
:1034600006D0022808D040F6DC613E20FDF78AF83D
:103470000322C3F8002508BD0422FAE7300E00201D
:1034800000A0085008B5144B93F84A30D90720D54E
:103490009A070ED5114BD3F8002442F00102C3F86D
:1034A0000024D3F8200500F0F600023818BF0120F0
:1034B00008BD5B070DD5094B094AC3F80821A3F5E0
:1034C000A043D3F8403123B140F28A713E20FDF78A
:1034D00059F80120ECE700BF300E002000A0085092
:1034E0000B00008008B570B9104B28311846D96020
:1034F0000F4900F031FE0130012816D940F66D0168
:103500003E20FDF73FF801280CD1084B2931184621
:10351000D960074900F026FE0130012805D940F6A0
:103520007701EDE740F67B01EAE708BD6C0000207B
:103530003022010008B50C4B9B78012B09D100F01B
:1035400017FE013001280ED940F604213E20FDF778
:1035500019F8022B07D100F011FE0130012802D921
:1035600040F60A21F2E708BD300E00200A4B40F475
:1035700009000A4A1B8D40F04000B3F5166F36BFB4
:10358000A3F63813A3F5166343F48073C2F8083723
:10359000C2F84005704700BF300E002000A0085060
:1035A00037B50C460546FFF755FF20462146FFF785
:1035B000DDFF104A01AB284692F9252000F06CFD92
:1035C0009DF8050000F0E0FD20B140F255713E206D
:1035D000FCF7D8FF9DF9040000F0AAFC064B40F26E
:1035E0000312C3F8442E40F25B62C3F8482E03B0C6
:1035F00030BD00BF300E002000A008502DE9F84378
:103600000C4617468046434D00283FD10123AB703E
:103610002B78012B23D1404B33F812304FF47A72C0
:1036200003F5FA73B3FBF2F3CC1A2B6B3B4E1C443D
:103630003B4BC6F84045C6F8C0312B78002B57D11C
:1036400095F84A3043F0020385F84A30FFF71AFF35
:103650000546002853D100252846BDE8F8831046CA
:1036600095F82610FFF79CFF2E4B4FF47A7253F813
:10367000273003F5FA73B3FBF2F3E41A2B78002B2F
:10368000D3D1294B264AC3F80021CEE701282AD1FD
:103690000223254EAB702B78012B06D1D6F80034CF
:1036A00043F01003C6F80034BFE795F826901046A3
:1036B000FFF7D0FE293C4846FFF758FFD6F8003404
:1036C00043F01003C6F8003440F20313C6F8443E3A
:1036D00040F25B63C6F8483E2B78002BA5D1104B17
:1036E000C6F80431A1E74FF413613E20FCF74AFF0E
:1036F000012BABD195F84A3043F00403A4E7012332
:10370000F364D6F84C35A342A5DA21464046FFF7CC
:10371000E9FEA1E7300E0020B02201000050085061
:103720000B000080A422010000A0085008B5602210
:103730000021034804F0CFFEBDE80840FFF756BE65
:10374000300E0020024B0344187D00F516607047D0
:10375000302201000A4B93F83C20D3E90C30C01A08
:10376000084B03EB8203DB6BC01A074B53F8223084
:103770004FF47A7203F2F313B3FBF2F3C01A7047FB
:10378000300E002030220100982201000F4A08B5B7
:1037900092F83C10012906D0022914D040F2C6212B
:1037A0003E20FCF7EFFE40F61C40D2E90C239B1AAA
:1037B000074A02EB8102D26B9B1A4FF47A72B0FB7C
:1037C000F2F0184408BD4FF4AF60EEE7300E002071
:1037D00030220100FF2808B504D940F2E5213E203F
:1037E000FCF7D0FE124B0129A3F8480004D00229AF
:1037F00019D040F24131F2E7002343F4801340F046
:1038000000700C4A43F4847340F44030C2F8203E08
:10381000C2F8280ED2F8203503F0F703032B05D1A8
:103820004FF45671DBE74FF08073E6E708BD00BF49
:10383000300E002000A00850F8B5244E4FF48067E9
:10384000C6F89070BFF34F8FBFF36F8F204C0121EC
:10385000204DC4F8A410FFF7B9FD0323C4F8401E9F
:1038600085F82410C4F800354FF40023C4F8003460
:10387000194B187C00F09AFC03F0A4FA174B184A75
:10388000C4F83833174BC3F8C820013AC3F8C42032
:1038900040F6FE72144BC4F81433144BC3F80425DD
:1038A0000023AB87AB6385F84A3001F0EAFF4FF4A1
:1038B00080732863C6F89071C4F888342B6E376122
:1038C00003B19847BDE8F84000F03ABC00E100E0E1
:1038D00000A00850300E00206C0000200300008083
:1038E00006000080005008500100008000200850B1
:1038F000014B83F825007047300E0020020E034B69
:103900000002C3F8342EC3F82C0E704700A00850F4
:10391000044B054A034482F826001B7D03F5166319
:103920001385704730220100300E002010B5044688
:103930000068FFF7E3FF094B6268C3F84C2E207A5A
:10394000FFF7E6FF617A6089FFF744FF607AFFF7CF
:1039500081FD227B024B83F8252010BD00A008507A
:10396000300E00202DE9F041324C06460F4694F807
:103970004A30DA0704D440F6BE013E20FCF702FECE
:103980002D4D43F00203D5F8002442F00102C5F8A2
:10399000002484F84A3028BB012394F826103846C6
:1039A000A370FFF7FDFDA378012B02D040F6CA01FA
:1039B000E3E7224AD3642B60204B3046D3F84C55C2
:1039C0002946FFF78FFD236BED1A7EBB1C4B4FF48E
:1039D0007A7253F8273003F5FA73B3FBF2F35819F0
:1039E000BDE8F0810128E7D1022394F8268008463B
:1039F000A370FFF72FFD4046FFF7B8FDD5F8003460
:103A000043F01003C5F8003440F20313C5F8443EF8
:103A100040F25B63C5F8483EA378022B02D040F623
:103A2000D201AAE7054BDE646E60C5E705F1290007
:103A3000D6E700BF300E002000A00850005008500C
:103A4000A422010008B5FFF7D9FD58B9064B0122A1
:103A5000C3F8400503F5A04302201A61BDE8084001
:103A6000FDF7F6BF08BD00BF0050085013B5264B48
:103A70004FF48061254A4FF0FF30D3F88844C3F8F3
:103A80009004C2F890114FF40022214904F480748C
:103A9000C3F80024002281F84A201E49C1F84025BD
:103AA000C3F80821C3F80021C3F80421D3F8201576
:103AB000C9B2D1B18DF80700C3F8202201221A61E2
:103AC0009DF8072012B1D3F820223AB19DF80730B3
:103AD0005BB940F6F2113E20FCF754FD9DF807203B
:103AE000013AD2B28DF80720EAE7FFF723FD064935
:103AF0000023C1F82032FFF779FC1CB14FF480732A
:103B0000C1F8883402B010BD00A0085000E100E008
:103B1000300E00200050085070B50024234D244E74
:103B2000C5F84845C5F84445C5F84045C5F84C4575
:103B3000FFF79CFF00F00AFBC5F8C441C6F8084136
:103B4000C6F80041C6F80441C5F8C840C5F8C440ED
:103B500003F050F9174B40F6FE72C6F83843C6F82A
:103B60001443C5F8C041C3F808254FF48062124BD6
:103B70001C77C3E90D44114BC5F84845C5F84445C9
:103B8000C5F84045C5F84C45C5F84841C5F844411D
:103B9000C5F84041C5F84C41C3F89020BFF34F8FA2
:103BA000BFF36F8FC3F8902170BD00BF0050085065
:103BB00000A0085000200850300E002000E100E076
:103BC000014BC3F84C0E704700A0085010B50FC849
:103BD000014C84E80F0010BD940E002008B50B4B7B
:103BE000C3F8D00E0A4B93F84A20586442F0010201
:103BF00083F84A20FFF746FC30B9FFF737FF032070
:103C0000BDE80840FDF724BF08BD00BF00A0085074
:103C1000300E0020094B10B5C3F8D00E084B93F8B6
:103C20004A20586442F0010283F84A20FFF72AFC38
:103C3000044608B9FFF71AFF204610BD00A008503F
:103C4000300E002010B50E4C0346022294F83D00C1
:103C50002277012894F83C1094F824204FF0960025
:103C60000BD100F0E3F9074A00232062C2F8443187
:103C7000A36B0344C2F8443510BD00F0F1F9F2E73C
:103C8000300E002000500850044BC3F8940ED3F8B7
:103C9000002442F04002C3F80024704700A00850FE
:103CA000054BD3F8002422F04002C3F80024002280
:103CB000C3F8942E704700BF00A00850044BD3F8FF
:103CC000183703F07F035B4203700120704700BF89
:103CD00000A008500022044B90421A70D97014BF03
:103CE000022201225A707047300E00202DE9F04761
:103CF0000123824C824DB4F84870EB64D5F84C2512
:103D0000236BA2EB030801F0BFFBC4F85880C4E9A1
:103D10001401FFF70FFC7B4A0023C2F80831C2F8F8
:103D20000031C2F80431D2F8001421F01D01C2F8AC
:103D3000001484F84A30237F23B1D5F84431003B86
:103D400018BF0123A17801290AD1D2F81852002DF9
:103D500043D16C4BD3F82032ABB145F0100512E0E3
:103D6000022938D1674AD2F81852D2F80C2E003DF9
:103D700018BF0125D6074FEA450558BF45F0040591
:103D80002BB345F00105FFF721FBE806A37803D527
:103D9000012B08BF45F02005594A94F80190D2F84C
:103DA0004815A163D2F8442584F83D3094F82430B6
:103DB000626384F83C30B9F1000F10D1FFF716FBB5
:103DC00084F81C90E9077DD5636E984744E015F0B0
:103DD0000B0FD8D1BDE70025BBE70825D3E715F0C9
:103DE000110F0ED1B9F1010A2379267818BF4FF0CF
:103DF000010A012B43D0022B56D02BB14FF4446162
:103E000045E0FFF733FEDDE796215046FFF7F6FA6F
:103E10000146FFF7EBFA012E50D1B9F1010F14BFA3
:103E2000272333239844884543D90220FDF710FE09
:103E3000344B30461E61AA0746D5636C01465B7859
:103E4000BB42A36E88BF45F00405C5F3800585F02D
:103E5000010505F001009847A378022B0DD1237FBF
:103E60005BB1022B264A3DD1A36B216A0B44C2F8F9
:103E70004435234B244AC3F8C421BDE8F0872348C6
:103E8000FFF754FD94F83D3023B940F6B5013E20CC
:103E9000FCF778FB012B04D1FFF778FCA369C1186C
:103EA000B7E7FFF757FCF9E71848FFF73FFDA169AF
:103EB000AFE7134B00222670C3F84021E27850464A
:103EC000FFF7C0FD0020B6E715F0280F05F0200130
:103ED00004D0B1FA81F1E36E4909BCE7EB06BBD52A
:103EE000236F72E7012B02D040F69F51CFE7236A80
:103EF000A16B8B42BBD84FF45A61C8E7300E00204B
:103F00000050085000A0085009000080380E002022
:103F1000024B03EB8003D86B704700BF30220100D7
:103F2000024B03EB8003986C704700BF3022010006
:103F30002E3008B5362854D8DFE800F050535353DC
:103F400053534D53535353535353535353534B534F
:103F5000535353535853585349534753455343535B
:103F6000413F3D3B39373533312F2D2B2927252331
:103F7000215A1C003F231F4AC2F8103708BD3323C3
:103F8000F9E72D23F7E72823F5E72323F3E71F239A
:103F9000F1E71B23EFE71823EDE71523EBE71323E6
:103FA000E9E71123E7E70F23E5E70D23E3E70B2319
:103FB000E1E70A23DFE70923DDE70823DBE707233F
:103FC000D9E70623D7E70523D5E70423D3E703235F
:103FD000D1E70123CFE74FF49873CCE74FF4887310
:103FE000C9E74FF486713F20FCF7CCFA0223C2E701
:103FF0003923C0E700A00850054B4FF47A7202380D
:1040000033F8113003F2E733B3FBF2F3184470478F
:1040100090220100044B4FF47A7233F81130B3FB55
:10402000F2F30133184470479022010038B51D4661
:104030000A4B33F8114003EB820305359B681C449F
:104040004FF47A7304F6B73403FB00441046B4FB14
:10405000F3F42544FFF75CFF284438BD90220100AB
:1040600070B5064608461546FFF75AFF094B03EBA5
:1040700085039C684FF47A7304F6B73403FB064457
:10408000241A2846B4FBF3F4FFF742FF053020441E
:1040900070BD00BF902201002DE9F04F264C87B083
:1040A000074698460D46164601F0B4FE2378814631
:1040B000BB4211D16378AB420ED194F90230B342C6
:1040C0000AD1E378834207D1A388A8F8003094F995
:1040D000060007B0BDE8F08F7B1EDBB2032B0DD8C6
:1040E000164A294612F803A00DF11703324650462E
:1040F00001F096FE38B14121A92002E040F2FE41D4
:104100000620FCF73FFA039028469DF917B0FFF709
:1041100019FB039A0346414658460092524600F066
:1041200039F8B8F80030A071A38027706570A670C8
:1041300084F80390CBE700BF80000020B622010086
:10414000014B1B685B6818471C010020014B1B6872
:104150009B6818471C010020014B1B681B6918470E
:104160001C010020014B1B685B6918471C010020E3
:10417000014B1B689B6918471C010020014B1B6801
:10418000DB6918471C010020014B1B689B6A18471C
:104190001C01002030B4044C9DF80850246802959E
:1041A000E468A44630BC60471C01002000220D4991
:1041B000134610B540FA02F4E40744BFCA545C1C2D
:1041C00002F1010248BFE3B2042AF3D1054AFF24F9
:1041D000D118032B01D9107110BD013301F8014B27
:1041E000DBB2F6E7F815002008B5074801F05AF8E9
:1041F000054800F03FF801F009FD01F003FC00F074
:10420000A7FB012008BD00BFF40F002008B501F096
:1042100025F801F0D1FC01F019FCBDE8084000F0E0
:10422000B3BB01F035BD01F06FB810B5EFF31084EA
:1042300072B601F069F804B962B610BD01F076B843
:1042400001F08EBD01F044BD01F054BD01F054BD3C
:1042500001F058BD01F07ABD08B5054B1A781AB1C6
:104260002721032002F08EFB5860197008BD00BFA3
:10427000FC0F0020024B986000221A705A607047B1
:10428000FC0F0020F7B51E4C2378012BDAB204D0C6
:10429000022A2ED0012003B0F0BD0DF107016068A5
:1042A00000F07EFB65686B7DDB071CD5AB7F042BC4
:1042B00019D001F083F80646A8B101F085F82B6902
:1042C000D5E900279A18B36847F100070A332CBFD5
:1042D000012500251B1845EB01059342BD4102D382
:1042E000606800F02DFC0023636023709DF80700D8
:1042F000D1E70DF10701606800F05CFBF3E700BF58
:10430000FC0F002010B5837F8BB9034601F1180222
:1043100051F8044B914243F8044BF9D101248477BE
:104320002146FFF799FF00F0E1FF204610BD002075
:10433000FCE773B505460C4601F040F80646AB7F36
:10434000012B1AD021462B4604F1180251F8040B18
:10435000914243F8040BF9D101230DF107012846DE
:10436000AB7700F01DFB16B1012002B070BD044B0D
:104370000421986803F0C2FFF6E70020F5E700BFCC
:10438000FC0F002010B5FFF7D4FF044620B1034B0B
:104390000621986803F0B2FF204610BDFC0F0020F4
:1043A000024B0621986803F0A9BF00BFFC0F002054
:1043B00010B5EFF3108472B601F000F818B9C921F6
:1043C000032002F0DFFAFFF7EBFF04B962B610BD7D
:1043D00010B504460221FFF73FFF00F087FFA07FE2
:1043E000B0FA80F0400910BD38B50446A37F03B988
:1043F00038BDA37F032B02D0A37F042B0FD1EFF393
:10440000108572B6204600F0F0FA05B962B6A37FB7
:10441000002BEDD040F20D11032002F0B3FAA37F80
:10442000012B02D14FF48971F6E704F005F8DDE7BE
:1044300010B50446FFF7CCFF20B92046BDE8104078
:10444000FFF7D2BF10BD13B50DF1070100F0B2FAAE
:10445000044600F0B3FF20B940F22F11032002F010
:1044600091FA204602B010BDF8B504460F4600F0A0
:10447000ABFF0025A4682418384641F10006224607
:10448000334600F001FBA04271EB060309D3001B89
:104490006FF0010361EB0601834275EB010102D36A
:1044A000F8BD2846FCE74FF0FF30F9E710B5EFF311
:1044B000108472B6FFF7D8FF04B962B610BD2DE9BB
:1044C000F04185681746002306464A190C465B41B1
:1044D00013B10020BDE8F08100F076FF2A183846BD
:1044E00041F1000314EB020843F1000500F0CCFA9F
:1044F0004045A941EDD301F0CBFB00F075FAB3685C
:10450000012037752344B360E4E710B5EFF310845E
:1045100072B6FFF7D4FF04B962B610BD837F012BDA
:1045200001D100F08DBB00207047D0E90001704739
:104530000069704700F048BF10B5EFF3108472B601
:1045400000F042FF04B962B610BD80687047007D7C
:104550007047F8B50369044623B140F2D511032032
:1045600002F010FA01F094FB05460E4602F02CF919
:1045700070B36435D4E9003246F10001AB4272EB0E
:10458000010001D22B460A46C4E90032EFF3108540
:1045900072B600F013FF064698B100F015FFB3683D
:1045A0000B332CBF012200221B18D4E9006042EB20
:1045B0000101B34271EB00023CBF33460146C4E93E
:1045C000003105B962B62046BDE8F84000F0D2BA25
:1045D00002F01AF9074600F00DFFB84238BF38461E
:1045E000963546F100024319D4E9000142F1000278
:1045F000834272EB0105C7D20346C4E7042300F1EE
:10460000180283770023037643768376C376044BC0
:10461000196811B91A605A60704759680A60FAE758
:10462000081000202DE9F843DFF86C8000240646CE
:104630000F46D8F80830204633B950B3174B1878D6
:10464000BDE8F84302F046BB53E90612D3F80090E8
:10465000B14272EB07051AD253F8085C6D1842F1AB
:104660000002B542BA4112D24CB1226812682260EF
:10467000A3F11800FFF7C2FF01204B46DCE7D8F892
:104680000820002AF4D01268C8F80820F0E71C4679
:10469000F3E7BDE8F88300BF0810002065010020A3
:1046A0002DE9F047304B4FF0000E05469446C2F816
:1046B00000E09868002855D018380746BA69002AE3
:1046C00050D0D0E9009352E906684E4578EB0304D8
:1046D00003D2BF219F2002F055F9A94573EB0104D5
:1046E0000BD2046914EB090443F10003A542A1466F
:1046F00071EB03043CBFA9460B46AE4278EB0104C4
:104700000BD252F8084CA41948F10008A5422646DD
:1047100071EB08043CBF2E46884684680A344EF18B
:10472000000A14EB090443EB0A03A64278EB0303E7
:1047300018D2047D12F8043C9C420DD08CBF01239A
:1047400000232BB107F11803A2F11800CCF80030B8
:10475000BF693FB1183FB1E79388848B1B1BC3F33C
:10476000C033EEE7BDE8F087081000202DE9F04FD8
:1047700085B082834E4A04460091D2F808C094F86E
:104780001580D0E90030BCF1000F40D0ACF1180129
:10479000002708F00109D1E90026934270EB0605D5
:1047A0006DD3B9F1000F2CD0277D0D7DAF4228D3FA
:1047B0008D68AD1846F1000615F10A0A46F1000EA3
:1047C000534570EB0E0219D22269D21840F100074E
:1047D00092457EEB070B01D252467746AA42B7417B
:1047E0000FD220460024FFF709FF324B187802F061
:1047F00071FA009B1C7005B0BDE8F08F1A460746A1
:10480000ECE78A690F4622B1A2F11801C3E76246BC
:10481000674618F0010F37D0A168C91840F1000BA6
:1048200001918AB3019DD2E9001615F10A0E4BF1F0
:1048300000058E45B54127D394F814E0157DAE45AB
:1048400019D395686D1846F1000615F10A0946F16D
:1048500000084B4570EB080113D22169C91840F1DB
:10486000000E894578EB0E0A01D24946C646A94298
:104870007EEB060EB5D3926932B1183AD2E70A46FA
:10488000C7E719468646F2E704F118035FB1BA6933
:10489000A261BB6103AA00200021FFF701FF231AD8
:1048A0005C425C41A5E7024AC4F818C09360F1E796
:1048B0000810002065010020F8B5244C0023E360B7
:1048C000EFF3108272B621686360E160236002B981
:1048D00062B60026E36803B9F8BD9A79A3F118001F
:1048E000032A07D11A6801219E7153F80C3CE2603B
:1048F0009847EFE7196851B1A1F118030746002264
:104900009D7F042D09D09B7F032B02D1B2B9E160BA
:1049100017E063219F2002F035F8B0F81CC09D8B92
:10492000A5EB0C052D049D6944BF07F1180218463C
:10493000002DEBD01F46A5F11803E1E713681B68B3
:104940001360C36802218677D2E700BF08100020F9
:1049500010B50A4C2378FF2B04D04FF484719F20AC
:1049600002F010F8064802F08BF9064B0022207086
:104970009A601A605A601A8210BD00BF650100205B
:10498000B94800000810002010B5044C2078FF281A
:1049900003D002F08FF9FF23237010BD65010020C2
:1049A000034B1A8A10B4541C1C8210BCDEE600BFF4
:1049B0000810002037B504460D4601AA002100204A
:1049C000FFF76EFE231A04F118015842584128706F
:1049D000044803F0B9FC10B100230120A37703B011
:1049E00030BD00BF101000201CE638B5114B044646
:1049F00000F118011A68B2B11A6800209AB1914208
:104A00000ED108B1A56905601D68A94204BF1268EE
:104A10001A605A68914200D158600023A37707E0DA
:104A200010461268EAE7044803F08EFC0028F4D12F
:104A300038BD00BF081000201410002037B505460F
:104A40000C46FFF7EFFD01AA28462146FFF728FE96
:104A500028B100F11803034A536103B030BD034687
:104A6000F9E700BF0810002010B5064C616904F199
:104A7000080003F069FC18B160690023183863610D
:104A800010BD00BF081000209C46144BF0B59D6877
:104A9000FDB115F8043C183D834218D812F10A0400
:104AA000D5E900364CF10001A34276EB01070BD2A9
:104AB0002F69FF1846F10006A7428E4107D3B4F1D3
:104AC0000A0041F1FF31F0BD1C463146F7E7AD6900
:104AD000DEE74FF0FF300146F5E700BF0810002089
:104AE00008B5837F022B1CD1437D13F0020302D053
:104AF0000023837708BD0322037643768376C3764B
:104B00000D4B827700F11802196839B91A605A60A2
:104B10000A4B1878BDE8084002F0DCB859680A6012
:104B2000F5E7837F012BE5D0837F042BE2D04FF4A0
:104B3000FB719F2001F026FF081000206501002076
:104B400010B500F118010446084803F0FDFB20B938
:104B50004FF400719F2001F015FF2046FFF74EFD36
:104B6000034BBDE81040187802F0B4B810100020D4
:104B7000650100202DE9F74FD0F810E0BEF1000FDD
:104B800004D040F21F219F2001F0FCFE836890F8C2
:104B900014800193D0E90014EFF3108972B6274B0B
:104BA000B3F810C09B686BB1019D183B0A35D3E97F
:104BB00000264EF1000A6D1844EB0A0A95427AEB82
:104BC000060707D2B9F1000F35D0C0E9001403B0D1
:104BD000BDE8F08F8A4276EB04070CD31F69BF183B
:104BE00046F1000BAF427BEB0A0B34BF01250025D9
:104BF00075B99B69D7E712F10A0A9D6846F100076B
:104C000015EB0A0547F10007A94274EB0707ECE72B
:104C10001D7DA84509D0ECD912F10A019D6846F125
:104C20000004691844F10004E3E79D8BA5EB0C0533
:104C30002D04DED5F0E762B6C7E700BF08100020FC
:104C4000F7B50C460DF107010646878BFFF7B2FE5C
:104C500020B940F24A219F2001F094FE0FCC354646
:104C60000FC594E803003A4685E8030030460DF18D
:104C70000701FFF77BFD012003B0F0BD034B18785F
:104C800000F0FD00431E584258417047201000209C
:104C900038B5FFF7E9FE002580B1094CC4E90105EC
:104CA000E56000F0E7FE6068022329468377C36869
:104CB0009847D4E90401FFF797FE012038BD00BFF3
:104CC00020100020024B0521986903F017BB00BF9C
:104CD00020100020042938B5054613D005D8023924
:104CE000012915D940F2C91109E00529FAD1FFF7C8
:104CF000C5FF10B1114C607F60B140F2BF11B02010
:104D000001F040FEFFF7BEFA10B10C4B01221A77FA
:104D1000002012E0236A98470123206B6377084A3A
:104D2000D4E90A31323B41F1FF31181841F1000159
:104D300000F07EFF034B02202B6038BD20100020C6
:104D4000C54C00007D500000064B586810B520B9D6
:104D500040F28D21B02001F015FEC3680621BDE8A8
:104D600010401847201000202DE9F84F2B4D8146A8
:104D70006B7F2E6B002B3AD1FFF780FF074618B1EF
:104D8000AB8E9E4238BF1E4600F082FF044680195B
:104D90008B4641F10001FFF751FE68B3D0E9008A6C
:104DA000B0457AF1000324D3B8EB06006AF10001A4
:104DB000844223465A467BEB01043CBF03460A4625
:104DC0009B1942F10002C5E90432154A00F030FF98
:104DD0004046514600F08EFEEFB1A98E114B124AAB
:104DE0008E4218BF1346C9F80030BDE8F88F00277F
:104DF000CAE700200146DBE76B7F33B12B78023B2B
:104E0000012B02D82B6A0120984700236B7700F012
:104E100072FE064BE7E7044BE5E700BF20100020D9
:104E2000C54C0000F74E0000314E0000C94E000096
:104E3000042938B5044624D007D80239012938D9C5
:104E400040F26B11B02001F09DFD0529F8D100F072
:104E500053FE194D01F0ACFCFFF710FFD8B16B7F8A
:104E6000CBB900F015FFAA8E2B6B9B1A134AC5E92C
:104E70000A01181841F1000100F0DAFE104B23601E
:104E800007E0FFF7FFF9A0B100F0F2FE2046FFF7C0
:104E90006BFF022038BD00F0FBFE2B6B074A323B54
:104EA00065EB0505181845EB010100F0C1FE054B47
:104EB000E5E70020EEE700BF20100020C54C000011
:104EC000D54C00007D500000032910B5044606D8DB
:104ED00001290ED840F21711B02001F053FD04292A
:104EE000F8D1FFF7CFF920B12046FFF73DFF0220B0
:104EF00010BD0020FCE7042938B5054613D005D8BD
:104F00000239012929D940F23B1109E00529FAD1DA
:104F1000FFF7B4FE10B1124C607F70B140F2331154
:104F2000B02001F02FFDFFF7ADF9B0B100F0A0FE09
:104F30002846FFF719FF022038BD236A984701234E
:104F4000084A6377236BD4E90401C01A61F10001B8
:104F500000F06EFE044B2B60EDE70020ECE700BF95
:104F600020100020C54C0000314E00002DE9F04714
:104F700080468A4691463A4C002B5ED0D3E90056D3
:104F8000854276EB01033CBF0E4605463146284676
:104F9000C4E9045600F0AEFDA38EB5EB080803F19A
:104FA000640366EB0A0A43454FF0000373EB0A0300
:104FB00021DA637F43B12378023B012B02D8236AB5
:104FC0000120984700236377FFF758FE0746236BBD
:104FD00003F5E17398457AF1000A15DA6FB1A08EF6
:104FE000204A281A66F1000100F022FE1E4BC9F883
:104FF0000030BDE8F0870027E9E71A4A2846314625
:1050000000F016FE194BF2E700F077FD01F0D6FB39
:10501000A38E206B4FB1834207D9E81A114A66F17B
:10502000000100F005FE124BE1E7281A0D4A66F177
:10503000000100F0FDFD0F4BD9E7637F33B123780A
:10504000023B012B02D8236A012098470023637793
:1050500000F053FD01F0B2FB00F04DFD064BC6E73A
:1050600020100020C54C00000D5100008D510000A3
:10507000F74E0000314E0000C94E0000023970B5F5
:105080000446032938D8DFE801F00502070E1D4B5E
:1050900000221A77002012E0FFF7F4F80028F9D078
:1050A000184B0122F5E700F029FDB0B1154B1B7F2D
:1050B00033B9FFF7EDFD18B1134B2360022070BD2B
:1050C00000F0E6FD06460D46FFF7B8FC2246034613
:1050D00029463046FFF74AFFF0E700200021FFF79E
:1050E000ADFC08B1FFF72CFD00F007FD01F066FBF9
:1050F0002046FFF739FEE1E740F2A511B02001F0AC
:1051000041FC00BF20100020E5510000042970B5CB
:10511000044613D005D8023901292ED94FF40F7156
:1051200009E00529FAD1FFF7A9FD10B1144D687FF8
:10513000B8B14FF40D71B02001F024FCFFF7A2F8D4
:10514000D8B100F095FD00F0A3FD06460D46FFF72F
:1051500075FC2246034629463046FFF707FF02202A
:1051600070BD2B6A98470123064A6B77D5E9040185
:1051700000F05EFD044B2360F1E70020F0E700BF84
:1051800020100020C54C00008D510000042970B58E
:10519000044611D007D8023901291FD940F217213E
:1051A000B02001F0EFFB0529F8D1FFF771FD40B108
:1051B0000B4B2360022070BDFFF764F870B100F064
:1051C00057FD00F065FD06460D46FFF737FC224609
:1051D000034629463046FFF7C9FEEBE70020EAE721
:1051E000E551000002392DE9F041064604292ED888
:1051F000DFE801F003090B2D0E00174A1378003B7E
:1052000018BF0123537700201FE0FFF73BF8FAE7B0
:10521000DFF8448000F044FC00F03AFD0C460546FF
:10522000FFF70CFC0746D8F80400FFF759FC0023F1
:1052300000222846C8F8043000232146C8E9042388
:105240003B463246FFF792FE0220BDE8F08140F275
:10525000EF11B02001F096FB2010002010B5EFF305
:10526000108472B60B4B0C4A9B691B6893420DD09D
:105270000A4A93420AD00A4A934207D000F03DFC02
:1052800001F09CFA00F037FC00F0F2FC04B962B6C1
:1052900010BD00BF20100020C94E0000F74E0000D6
:1052A000314E0000054B10B5054C03600023A06192
:1052B000237001F0A9FA3230206310BDC94E0000FE
:1052C0002010002008B5074B9A691168064A9142E0
:1052D00004D040F27221B02001F054FB3230186348
:1052E00008BD00BF20100020C94E000010B5EFF32C
:1052F000108472B6034B0421986902F0FFFF04B9D1
:1053000062B610BD2010002008B5064B5B6823B9BB
:1053100040F29321B02001F035FB034ABDE808407C
:1053200000F086BC20100020494D000008B5064B57
:105330005B6823B940F29921B02001F023FBBDE85E
:10534000084000F095BC00BF2010002008B5054BB8
:105350005A6822B940F29F21B02001F013FB9860F7
:1053600008BD00BF2010002008B5054B5A6822B9BF
:1053700040F2A521B02001F005FBD86008BD00BFB8
:1053800020100020054BDB6810B523B940F2AB219B
:10539000B02001F0F7FABDE81040184720100020B7
:1053A000054B9B6810B523B940F2B121B02001F044
:1053B000E9FABDE81040184720100020014B58685A
:1053C000704700BF2010002008B5054B5A6822B96D
:1053D0004FF42F71B02001F0D5FAD3E9040108BDD4
:1053E00020100020024B323118701A6299867047E3
:1053F0002010002008B5FFF741FC08B1014B988E42
:1054000008BD00BF201000200028ADBF00F16040A3
:1054100000F00F00044B00F56140B4BF185C90F839
:1054200000034009704700BF14ED00E0064B1B6805
:1054300010B51BB97621452001F0A4FA1A6A05219E
:10544000586ABDE81040104758100020064B1B68F2
:1054500010B51BB97021452001F094FA1A6A042195
:10546000586ABDE81040104758100020FFF76EBF83
:10547000FFF77ABF034800214022C0E9001108303D
:1054800003F029B858100020FEF7CBBE704708B5CE
:10549000074B1A681AB9C121452001F073FA054972
:1054A000D1600022C3E90022BDE80840FEF778BFC2
:1054B00058100020E55700001F2801D90020704730
:1054C000044B03EB4000037A002BF7D00023037258
:1054D0000120704758100020F8B50E4A0C460023F2
:1054E00002EB4306357A05F0FF0175B9DDB2FF27FF
:1054F0003772282673431A44C2E91A040648202248
:10550000184402F0E8FF2846F8BD0133202BE7D10C
:105510001D46F8E758100020A01000201F2810B5E5
:1055200001D9002010BD064B03EB4004247A002C67
:10553000F7D0282404FB0030C0E91A120120F1E75B
:105540005810002030B587B00C46054618220021BF
:10555000684602F0C0FF237853BBD4E904310A3B0C
:105560006268207A41F1FF310A328DF8140002920C
:105570009DF81520154822F003020390CDE9003173
:10558000637A6946C3F340035B0043F001031343AE
:105590008DF815300E4B5868C0F3080088B11038EC
:1055A000FFF732FF68B92846FEF7C3FE07B030BDEB
:1055B000FEF737FE226910F10A03049241F100015F
:1055C000CDE72846FEF79EFEF0E700BFE557000056
:1055D00000ED00E01F2830B411D80A4A02EB400465
:1055E000257A65B14B7A4832C3F3800383F0010317
:1055F0006372282330BC03FB0020FFF7A3BF002009
:1056000030BC70475810002008B50A4B0246586855
:10561000C0F3080040B11038FFF7F6FE20B910467D
:10562000BDE80840FEF70FBF1046BDE80840FEF792
:10563000CFBE00BF00ED00E0024B282202FB00308D
:10564000FFF7E2BFA010002010B5037886B0044633
:1056500023B14FF4AA71452001F094F905934168F4
:10566000CDE90333D0E90432007A0A310A3B8DF8E0
:105670001400684642F1FF320291CDE90032FEF794
:1056800068FF009B019A01200A3342F10002C4E93D
:10569000043206B010BD4FF4BA71452008B501F0D0
:1056A00071F908B5094B0A46596821B940F27911D8
:1056B000452001F067F901461868FEF700FF18B1B0
:1056C000FEF7BCFD002008BD0220FCE758100020BA
:1056D000194B70B50446586886B0C0F3080010B97D
:1056E000002006B070BD1038FFF78EFE034600287C
:1056F000F6D1C3F307230E7A4D6823F003030A356E
:10570000CDE90400D1E904208DF814600A3A0B4E6B
:10571000029540F1FF300396CDE900204A7A2046F9
:105720006946C2F34002520042F0010213438DF871
:105730001530FEF7F3FED4E700ED00E0E55700007A
:105740001F280AD8064B03EB4002127A2AB14833CD
:10575000282202FB0030FFF7BBBF0020704700BFCC
:1057600058100020034B5A6812B11868FEF7EFBEBC
:105770000220704758100020024B01461868FEF7BF
:1057800073BE00BF58100020FEF72EBE1F2808B5BC
:1057900004D940F2E511452001F0F4F8074B03EB82
:1057A0004002127A12B94FF4F371F4E74833282219
:1057B00002FB0030BDE80840FEF716BE581000207E
:1057C00008B5074B5B6823B94FF4F671452001F02B
:1057D000D9F8FEF7AFFE0A3041F1000108BD00BF65
:1057E000581000202DE9F0411C4F05461C4B0E4679
:1057F00007F14804041BE4105C43E4B2620007EBC9
:105800004404237A19BB3B681BB18E21452001F06B
:10581000B9F87B680BB18F21F8E707F1080313444F
:10582000C7E900030F48FFF791FD0F48FFF79CFD04
:10583000FFF7C6FF637A80464BB1FEF701FDA8EB88
:105840000000C7F8480500F035FA0028FBD02B6AA5
:105850003146686ABDE8F041184700BF5810002083
:10586000CDCCCCCC4D5400002D54000010B50446D6
:10587000FFF7A6FF201841F10001FEF7D4FC01203C
:1058800010BD024BD3F84805704700BF58100020E8
:10589000FEF7DABC7047FEF7D5BCFEF7D7BCFEF7C3
:1058A000D7BC08B5FFF79EFD002008BD70B50B788A
:1058B00086B023B140F23121452001F063F8059311
:1058C0000E7A4D68049228228DF814600A35124E23
:1058D00002950396D1E904340A3B44F1FF34CDE943
:1058E00000344B7A4FF00001C3F34004C3F380034C
:1058F00064F3410183F001038DF81510074901EBB2
:105900004004637201F14803694602FB0030FEF770
:10591000F9FC06B070BD00BFE5570000581000202C
:105920007FB5FEF77EFC002305930B4B039340F2FB
:105930001E2302934FF0FF33CDE90001694607486B
:105940000493FEF7F6FC18B9CB21432001F01AF8B6
:1059500007B05DF804FB00BF61590000A8150020E6
:1059600038B5062937D8DFE801F004383336363643
:10597000170002F0AEFCFEF7DDFD044617480D46A9
:10598000FEF7E3FD1E3C45F1FF312018BDE838402D
:1059900041F10001FEF747BC00F016FF38B10F4B94
:1059A000002283F82020BDE83840FEF7F9BC02F061
:1059B00092FC08B902F08DFC00224FF400710748F8
:1059C000FEF77DFD0028D6D1EA21432000F0DAFF62
:1059D000BDE83840A4E7F921F7E738BDA815002055
:1059E00010B5074C94F8203043B900F0EDFE28B90B
:1059F000012384F82030BDE8104091E710BD00BFBE
:105A0000A81500204FF000430D4A0E480021C2F8AF
:105A10008030A2F58022C2F88031012302F578326D
:105A2000C2F80435A2F58022C2F804352022064BC4
:105A300080F820101B68D3F81835436202F04BBD84
:105A400000400C50A8150020A40F00200023084A95
:105A5000C2F88030A2F58022C2F88031012302F51D
:105A60007832C2F80835A2F58022C2F808357047AE
:105A700000400C5008B506F095FC074AD2F858379C
:105A800043F00103C2F858370122044B1B68C3F8E6
:105A90001825BDE80840A3E700200E50A40F002001
:105AA00008B506F085FC0E4AD2F8583723F00103FA
:105AB000C2F858370B4B0C4A1B68526AC3F81825BA
:105AC00001220A4B5A604FF0FF32C3F8082320220C
:105AD000074BC3F89021BDE8084000F0C9B800BFEB
:105AE00000200E50A40F0020A815002000500850E0
:105AF00000E100E0704770477047704708B500F05C
:105B000063FEB0B90D4BD3F800314BB90C4A936A20
:105B10000133312B93620BD99C21432000F032FFDB
:105B200002F0D9FB08B1A021F7E702F0D0FB012079
:105B300008BD034B00229A62F9E700BF00E0105055
:105B4000A81500204CE700BF1848202208B5C0F86F
:105B50009020BFF34F8FBFF36F8F154BC0F890218C
:105B6000D3F8041521F00301C3F80415D3F8081580
:105B700041F00301C3F8081592FAA2F1B1FA81F1DC
:105B8000092904DD4FF473710A4800F0F1FEC3F8EF
:105B9000101501215960D9604FF00041C3F8801001
:105BA0004FF0FF31C3F80813026108BD00E100E0C7
:105BB0000050085038300100124B4FF4E062C3F837
:105BC00038230022C3F8AC25C3F8BC25C3F8CC2584
:105BD000C3F82021C3F82421C3F8282120220A4B2E
:105BE000C3F89C21C3F89C20BFF34F8FBFF36F8F86
:105BF000C3F89020BFF34F8FBFF36F8FC3F890218E
:105C0000704700BF00200E5000E100E008B5FFF72C
:105C1000D3FF054B4FF4A062C3F834232022034B7B
:105C2000C3F89C21DA6108BD00200E5000E100E0BD
:105C30000C4B10B51C681CB14B21042000F0A2FED7
:105C4000B1F5801F1A6004D340F2E141064800F02C
:105C50008FFE064B0122C3F8A005C3F8A415C3F8B4
:105C6000AC2510BDD81500203830010000200E50A2
:105C7000054A136833B100230449C1F8AC35C1F8B3
:105C800020311360704700BFD815002000200E504F
:105C900030B54FF0FF30064C6FF04041D4E900239F
:105CA000904271EB0305F9D31046C3F3130130BDE5
:105CB00040270E5008B5FFF7EBFF044BD3E9022352
:105CC000904299412CBF0120002008BDD81500202A
:105CD00010B5029C241841F10001A01A61EB0301E8
:105CE000B0F1004F71F1000103DB7721042000F0D7
:105CF00049FE10BDFFF7CCBF014B1861704700BFD4
:105D0000D815002008B50E4B1B691BB9872104204C
:105D100000F038FEEFF3108272B6B1F5801F04D3A5
:105D200040F2E141074800F023FE074BC3F8C005ED
:105D3000C3F8C4150121C3F8CC1502B962B608BD79
:105D4000D81500203830010000200E5008B5FFF7AC
:105D5000FBFE024B01221A6008BD00BF0050085034
:105D600010B5FFF7F1FE114C0023C4F8BC35C4F8A0
:105D70002431FFF78DFF0A3041F10001B1F5801F9A
:105D800004D140F2E1410A4800F0F2FD4FF0004337
:105D9000C4F8B005C4F8B415C4F8A4310123C4F89C
:105DA000BC35044BC3E9020110BD00BF00200E50FA
:105DB00038300100D8150020144BD3F8342312F4E6
:105DC000A06F10B503D1C821042000F0DBFDD3F88B
:105DD00020215AB100220E49C3F8AC25C3F8202176
:105DE0000B680BB9D021EFE70A609847074BD3F84F
:105DF00028214AB10022C3F8CC25C3F82821044B3E
:105E0000BDE810401B69184710BD00BF00200E50B0
:105E1000D8150020014B187D704700BFA80E002048
:105E2000042810B511D883B104280CBF10242824ED
:105E3000A1420AD2064C54F8200018B141568A42B9
:105E4000A8BF0A4600201A7010BD6FF01500FBE7CE
:105E5000A80E00200728034611DC10F12D0F10DBDF
:105E6000094A101890F82E0002EBC00292F93C206B
:105E70009A4207D0002918BF0130C0B270471B20DA
:105E800070470020704700BFBC220100072808B5FA
:105E900007DCFFF7DFFF044B03EBC00393F93C0083
:105EA00008BD0820FCE700BFBC22010010F0FF0085
:105EB00008B5094B05D0012807D05121B52000F0C5
:105EC00061FD01229A601A6008BD044A1268292AFD
:105ED000F3D15862F8E700BF00E010508C0F0020AB
:105EE00010F0FF0008B5174B05D0012820D0842101
:105EF000B52000F047FD01225A60DA60C3F80001C6
:105F0000114B18700F4BD3F80824D2070FD40F4A47
:105F10001268292A03D1D3F86834DB0707D4094B68
:105F20000022C3F81021C3F81821C3F8142108BDBA
:105F3000064A1268292ADAD100229862C3F81C2185
:105F4000E0E700BF00E01050BD0E00208C0F0020E5
:105F5000014B01221A707047BD0E002008B50D4B91
:105F600028B101280BD0D021B52000F00BFDD3F8CB
:105F7000103113B9084B187808BD0120FCE7074A17
:105F80001268292AEFD1D3F81C01003818BF01206C
:105F9000F2E700BF00E01050BD0E00208C0F002083
:105FA000024BD3F8080400F00100704700E01050E5
:105FB000024BD3F8480400F00100704700E0105095
:105FC000024BD3F84004C0B2704700BF00E010504D
:105FD00007490246D1F84C04D1F84C1410F4803033
:105FE00005D0D0B201F003031B1A58425841704744
:105FF00000E0105038B51A4BD3F80C34DA0304D44F
:1060000040F27F116D2000F0BDFC164A0124164BB2
:10601000106A536620F03F0094645464136CDB03F1
:10602000FCD4136A116C03F03F03C1F30A01C1F5FC
:10603000806181EAE1750B29A5EBE17509DD3F2B54
:1060400004D0013303431362172DE6DC002393646D
:1060500038BD0B31F8DA002BF8D0013BF2E700BF76
:1060600000E01050000812500100008038B50B4CC1
:1060700023781BB100232370FFF7BCFFEFF31085DB
:1060800072B6637803F0FF000BB9FFF729FF05B97B
:1060900062B6034B00225A6638BD00BFC00E002016
:1060A00000081250002808DB4309012200F01F00FD
:1060B00002496033824041F82320704700E100E04C
:1060C00070B5174D012204460E462B18DA7002F007
:1060D000F1F8A0B934B1012C0FD04FF494716D20B8
:1060E00000F050FC11232A19012105EB84045171A1
:1060F0000C4AA660C2F8043370BD8023F3E7002E7B
:10610000FAD034B90220B047002305EB8405AB6018
:10611000F2E7012C01D12046F5E740F24311DEE71A
:10612000C00E002000E01050044B0022191803EBB1
:1061300080034A719A60CA70704700BFC00E002089
:10614000014B1882704700BFC00E0020014B988A97
:10615000704700BFC00E0020014B188A704700BF77
:10616000C00E002010B5EFF3108472B6064B034446
:106170005A780132D2B25A705B78012B01D1FFF705
:1061800095FE04B962B610BDC00E0020034610B5DE
:10619000EFF3108472B611490B445A7822B940F2D9
:1061A00067216D2000F0EEFB5A78013AD2B25A70A6
:1061B0005B7883B98B7D43B1094BD3F80C34DB0397
:1061C00006D44B7803F0FF002BB9FFF789FE02E0FD
:1061D000C87D00F07FFD04B962B610BDC00E00207E
:1061E00000E0105010B502F068F80C4C02F062F8B4
:1061F00060B1237E3BB90A4B01229A610423637686
:106200000023A37610BD02F05BF8F9E70323012217
:106210006376034BC3F80423F2E700BFC00E0020EF
:1062200000E01050014B01221A62704700E010504C
:10623000044BD87E28B1044BD3F81001B0FA80F09B
:1062400040097047C00E002000E0105038B50C4BDC
:10625000DD7E5DB90124DC7602F02FF8094B1022B7
:10626000C3F81051C3F80423DC6138BDFFF7E0FF29
:106270000028FAD040F2A3216D2000F083FB00BF7C
:10628000C00E002000E01050024B587E003818BFAE
:1062900001207047C00E002038B5174CA37D23B9EC
:1062A00040F216316D2000F06DFB01232370237E38
:1062B000C3B9237FB3B1A27E013B9A4212DA01F047
:1062C000F9FF054600F0A0FC237F012B82BFA37ECF
:1062D0000133A37655B1236AC31A0133022B09D9BE
:1062E00035B12062BDE83840FFF77CBF636AF3E751
:1062F0006062F7E738BD00BFC00E002037B5184C0C
:10630000237E63B9A06A00F00300FFF761FE30B19D
:10631000EFF3108372B6627E1AB103B962B603B0AE
:1063200030BD0122627603B962B608230D4DC5F86F
:1063300008334FF42073ADF80630BDF806309BB239
:106340005A1E92B2ADF80620002BF6D1C5F80C31DA
:1063500084F82C30FFF746FF0823C5F80433DEE746
:10636000C00E002000E010502DE9F74F544CA37DE3
:10637000002B00F0A1800323524AADF80430524BA9
:106380001268D3F80051003D18BF0125292A07D112
:10639000D3F81C2122B1012245F080058DF805209B
:1063A000D3F80881D3F8142112B9D3F8183173B196
:1063B000454B0026C3F81461C3F81861C3F8106197
:1063C000E37E0BB101F07CFFE676FFF7BBFB3E4BB3
:1063D000D3F810316BB3E37E1BB101F071FF0023E2
:1063E000E376637913B102238DF8043045F010058C
:1063F000364E0DF1040A344B4FF00009F71EC3F876
:1064000008531AF8010B03280AD03B7843B14FF028
:10641000000B336887F800B013B19847C6F800B096
:1064200009F10103043601374FF00109022BE8D1CD
:1064300001E0002DDCD1B8F1000F08D0224B002282
:10644000C3F808210422C3F80823FFF757FF94F884
:106450002C60EA071C4BF6B2D3F80C7108D5627EAB
:10646000032A05D1227E82B90422627601229A6132
:10647000A7B1154B0022C3F80C21637E042B09D071
:1064800040F279316D2000F07DFA01F019FF02230E
:106490006376EDE70223637601F012FF66B1002315
:1064A00084F82C30637E022B01D1FFF79BFE03B0F2
:1064B000BDE8F04F01F004BF03B0BDE8F08F00BFAE
:1064C000C00E00208C0F002000E01050C80E0020ED
:1064D00010B5054CA06A00F00300FFF779FD002815
:1064E000F8D0002010BD00BFC00E00202DE9F04103
:1064F000054650B10278022A07D8437842B9013BD9
:106500001F2B02D88378212B07D96FF01500A0E04C
:10651000002BFAD18378002BF7D1754EB6F90030F5
:10652000002B0DDB5A09012103F01F03994002F1F2
:106530002003704A42F82310BFF34F8FBFF36F8FD1
:10654000B6F90000FFF7AEFD6B4AFD236B4CC2F8B5
:1065500008336B4B1B68292B4FF0000308BFC2F8B0
:106560001C31C2F80031C2F80831C2F80C31637036
:10657000A370AB88A382FFF713FD10B10123E37072
:1065800063705D4F40F25633D7F80C04238210F449
:1065900080301BD0FFF7DCFC5A4800F071FB564FEF
:1065A0006023E0750022C7F804332B78A978012B0B
:1065B000E276A26223762177A2761FD0022B16D034
:1065C000EBB140F22E516D2000F0DCF9C7F810015C
:1065D000FFF76CFCD7F81031002BFBD0FFF70AFD5A
:1065E0000020FFF77DFC484B00225A66D4E701F0FB
:1065F00064FED7F80C34D903FBD50223A362FFF75E
:10660000D7FC68B3FFF7DCFCA36A03F003039842EE
:1066100026D1AB79FBB9FFF75BFF237F63B12B7802
:1066200053B901F047FE054600F0EEFA6FF0004363
:10663000002D52D0C4E9080300230125B6F900005B
:106640006376A575FFF72EFDB6F90030002B47DA0B
:106650000020BDE8F081284B0422C3F80423DCE7C6
:10666000254B012200215A61C3F8081194F8281023
:10667000C3F840141A610422C3F80423AA79002A3B
:10668000CBD1D3F80423520702D440F2E1419AE778
:106690001E4A116901F01008116941F010011161E1
:1066A000D3F808310BB901F0C9FE134FD7F8083100
:1066B00083B1FFF70DFFB8F1000F04D1134A13693E
:1066C00023F0100313610423C7F808330023C7F82D
:1066D0000831A2E701F0B0FEE8E7C4E90830ABE713
:1066E0005A0903F01F039D40024B43F82250AFE7C5
:1066F000A80F002000E100E000E01050C00E0020D4
:106700008C0F00206D6000000008125000ED00E0CA
:1067100040B1012808D1054B1868A0F1290358425F
:106720005841704701207047002070478C0F0020AF
:106730000F4A38B5137904460D461BB18D216F20E1
:1067400000F020F9FFF7E4FF70B1224453790BB158
:10675000002038BD012320465371FFF703FD294671
:106760002046FFF7ADFCF3E76FF01500F1E700BF3F
:10677000F00E002070B50D4D04462E791EB1A421F7
:106780006F2000F0FFF8FFF7C3FF60B125446B797D
:106790000BB9002070BD2046FFF7C6FC20466E7185
:1067A000FFF7F4FCF5E76FF01500F3E7F00E0020BB
:1067B000014B9B68184700BFF00E0020014BDB68BF
:1067C000184700BFF00E0020014B1B69184700BF9F
:1067D000F00E002008B5064B1B7923B140F24111A1
:1067E0006F2000F0CFF8BDE80840FFF755BD00BFAF
:1067F000F00E0020034B1A790AB9FFF7A7BC988D59
:10680000704700BFF00E0020034B1A790AB9FFF75A
:10681000A3BC988A704700BFF00E0020024B1B7982
:106820000BB9FFF76BBD7047F00E0020014B9B6961
:10683000184700BFF00E002038B51D4C237933B344
:10684000FFF7C2FF50B91B4DC5F81001FFF7B0FFAD
:10685000D5F81031002BFBD0FFF7B0FF154B6022AD
:10686000C3F80423636A9847002806DB94F82E30A7
:1068700023B10123002084F8303038BDFFF7D6FF64
:106880000028F6DA40F2A5116F2000F07BF80A4BE1
:10689000A3610A4BE3610A4B23620A4BA3600A4BD4
:1068A000E3600A4B2361FFF721FE0028E1D0E4E713
:1068B000F00E002000E01050D1640000CD820000F6
:1068C00089620000BB820000C1820000C782000014
:1068D00038B5084B04461D7925B140F2F9116F20F7
:1068E00000F050F8FEF7EEFC2046FFF729FC2846A2
:1068F00038BD00BFF00E0020014B1879704700BF73
:10690000280F0020044B1A79824283BF1B68302273
:1069100002FB003000207047280F0020BFF34F8F8C
:106920000549064BCA6802F4E0621343CB60BFF32B
:106930004F8F00BFFDE700BF00ED00E00400FA0547
:10694000094B01221B685A604FF0FF32C3F808233D
:106950004FF40062054BC3F88820BFF34F8FBFF39D
:106960006F8FC3F8882170479C0F002000E100E082
:1069700008B572B6024B5B6803B19847FFF7CEFFCC
:10698000300F00201FB572B6144B5C6894B9FFF746
:10699000C5FFB2FBF6F22B465D1C002AF9D1DBB233
:1069A00003F110056D4405F80C2C0A2233B901A837
:1069B000A047ECE7024600230A26EDE7013BDBB2E5
:1069C00003F110050DEB0506B0FBF2F502FB150017
:1069D000303006F80C0C2846E8E700BF300F0020E6
:1069E000F8B5294F05460C4616463B78002B47D193
:1069F00000F0B0F9254B1B681C2B06D1244B1B68FB
:106A00001BB99E211120FFF7BDFF01F052FC7E60F3
:106A1000204B01263C814FF48062C3F8A4601E4BDA
:106A2000C3F89020BFF34F8FBFF36F8FC3F890214F
:106A3000FFF786FF194B002D14BF28461846FFF7B5
:106A4000FBFE0546D0B9FEF715FDFFF7E7FE01F0A6
:106A500044FCFDF7C9FB08B9BE21D3E7002C0BDBD2
:106A600004F01F036409A4009E4004F1604404F58F
:106A70006144C4F88061266001233B702846F8BD5C
:106A80004FF0FF35FAE700BF300F00208C0F0020D9
:106A9000900F002000A0085000E100E0D423010086
:106AA000074BB3F90830002B09DB5A09012103F029
:106AB0001F03994002F14003024A42F82310704735
:106AC000300F002000E100E0014B1878704700BF54
:106AD000300F00202DE9F74FFF27454DDFF81481D7
:106AE000B946CDE90012444A1478E4B282F8009025
:106AF00004B157704FF0010CDFF800E1EFF3108B99
:106B000072B629684FF0000A009EC1F804C0C1F8AF
:106B100000A1C1F804A1C2E9016E019EC2E9056E9F
:106B20000668C1F810654668C1F814658668C1F842
:106B30001865C668C1F81C65314EC1F8306510365D
:106B4000C1F83865C1F800C0BBF1000F1DD162B6B5
:106B50001BE0D8F810A01AF0100F17D04FF4006106
:106B6000284EC6F88811EFF3108A72B64FF0030B67
:106B70002968C1F804B3D1F800B1BBF1000F01D10D
:106B8000D1F80411BAF1000FE1D02968D1F800A1C1
:106B9000BAF1000F04D1D1F804A1BAF1000FD8D096
:106BA0004BB10C9E3EB1D1F840A5C3F800A0D1F87E
:106BB0003CA5C6F800A0D1F8041100299ED1A4B9C3
:106BC0005678F6B254704FF0030C2968C1F808C328
:106BD0004FF4006CC1F80441C1F800410949C1F803
:106BE00088C11470002E7FF47FAF03B0BDE8F08F32
:106BF0009C0F002000ED00E03C0F00201000000B77
:106C0000400F002000E100E01A4B4FF4000270B585
:106C1000C3F89820BFF34F8FBFF36F8F164C00213E
:106C2000164DC4F80011C3F898212E692B6906F09F
:106C3000100643F010032B610123C4F804332360D2
:106C4000D4F800319BB11EB92B6923F010032B61DE
:106C50000123D4F808054FF400026360C4F8083338
:106C60000023C4F80031034BC3F8982170BD01F034
:106C7000E3FBE5E700E100E000700D5000ED00E00F
:106C800038B50B49042301EBC302157905F0FF0465
:106C90002DB1013BF7D240216920FFF773FE41F887
:106CA000330001215471D8B29471117138BD00BF05
:106CB000600F0020042808B503D947216920FFF799
:106CC00061FE034B002203EBC0031A7108BD00BF35
:106CD000600F0020042808B503D950216920FFF770
:106CE00051FE094B03EBC0000379012B01D0512168
:106CF000F4E7437982790133DBB29A4218BF4371DA
:106D0000BDE80840FFF7CCBE600F002038B5052471
:106D10000F4D95F8281005EBC1031A79012A09D106
:106D200058799A79904205D05A79D2B29A7155F829
:106D30003130984795F82830013C0133DBB2052B00
:106D400028BF002314F0FF0485F82830E1D138BDB6
:106D5000600F00201249134BD1F84023292AF0B5C7
:106D60001A60D1F8447312D0272A00D17FB10E4A9D
:106D700040F205100D4E46210D4D0E4CC3E9017237
:106D8000C3E90326C3E90554C3E90701F0BD0A4A74
:106D90004FF48770074E4A21084D094CEEE700BFBB
:106DA00000C0FF008C0F00200060045000700450F1
:106DB0000030045000B0045000A0045000400450C3
:106DC00000E00450094B0A4AC3F800230132C3F81B
:106DD0000C230132C3F818230132C3F820230132F7
:106DE000C3F81C230132C3F81021704700A00850DB
:106DF00004000080074B0022C3F80023C3F80C23D3
:106E0000C3F81823C3F82023C3F81C23C3F81021A8
:106E1000704700BF00A00850844641EA000313F009
:106E2000030359D1403A33D3F0B4F0C9F0C0F0C9EC
:106E3000F0C0F0C9F0C0F0C9F0C0403AF5D2F0BCE3
:106E400026E0403A24D300BF0B6803604B684360E0
:106E50008B688360CB68C3600B6903614B694361D6
:106E60008B698361CB69C3610B6A03624B6A4362BE
:106E70008B6A8362CB6AC3620B6B03634B6B4363A6
:106E80008B6B8363CB6BC36340304031403ADBD2C2
:106E900030320BD30B6803604B6843608B688360B0
:106EA000CB68C36010301031103AF3D20C3205D3E6
:106EB00051F8043B40F8043B043AF9D2043208D0BC
:106EC000D2071CBF11F8013B00F8013B01D30B882E
:106ED00003806046704700BF082A13D38B07B0D0E9
:106EE00010F00303ADD0C3F10403D21ADB071CBFBB
:106EF00011F8013B00F8013BA3D331F8023B20F825
:106F0000023B9EE7043AD9D3013A11F8013B00F85D
:106F1000013BF9D20B7803704B7843708B78837008
:106F2000604670477BB972B90029BEBF00204FF0A0
:106F3000004106E008BF00281CBF6FF000414FF081
:106F4000FF3000F057B8ADF1080C6DE904CE002910
:106F500009DB002B1ADB01F0F7FADDF804E0DDE9CC
:106F6000022304B07047404261EB4101002B1BDB60
:106F700001F0EAFADDF804E0DDE9022304B0404262
:106F800061EB4101524263EB43037047524263EBB2
:106F9000430301F0D9FADDF804E0DDE9022304B08F
:106FA000404261EB41017047524263EB430301F001
:106FB000CBFADDF804E0DDE9022304B0524263EBD2
:106FC0004303704753B94AB9002908BF00281CBFC2
:106FD0004FF0FF314FF0FF3000F00CB8ADF1080C6E
:106FE0006DE904CE01F0B0FADDF804E0DDE902233A
:106FF00004B07047704700BF8B88043010B500F8AC
:10700000043C0C4610F8033C03F0F00300F8033C8A
:107010008A88C2F30322134300F8033C03F0CF0332
:10702000CA8800F8022CCA8800F8033C120A00F84B
:10703000012C0A7A120102F03002134303F03F03DD
:1070400000F8033C4A7A43EA821300F8033C0968DB
:10705000814205D0E288FB2A28BFFB22FFF7DCFE35
:10706000E0880430C0B210BD70B50B7805460C4600
:107070001E2B23D853B3013B1D2B27D8DFE813F079
:107080002B0037003B00EA002600B200B800BE002B
:10709000C400CA00CE00D000E000E60026002600B2
:1070A000400026004400D400DA00F400FA00EE00AC
:1070B000000106010C01120125011801822B4FF07D
:1070C000FF0200F0FB80832B00F0FC8040F2672180
:1070D000C720F9F757FA0C230B7008236370627806
:1070E00021462846961C3246FFF796FE51E01A23A9
:1070F0000B700123F2E73E230B700223A370EEE72F
:107100003E230B700B23F9E72920F9F709FC28B17E
:107110003E232370222363702923EFE70A20F9F727
:10712000FFFB3E2305F1080204F108012B7090B328
:107130000A23AB70E378EB70A3882B71A3881B0A3A
:107140006B71A379AB71E379EB71A368AB608B884A
:1071500093801F22D4F80E30C5F80E30638A6B82FC
:1071600063696B61238B2B83638BAB76638B1B0A09
:10717000EB76A38B2B77A38B1B0A6B77E38BAB7719
:10718000E38B1B0AEB7794F8203085F82030961CAF
:107190006A70304670BD0123AB70E378EB70A38852
:1071A0002B71A3881B0A6B71A379AB71E37903F090
:1071B0000103EB71A368AB608B8893801322638B10
:1071C000AB73638B1B0AEB73A38B2B74A38B1B0A10
:1071D0006B74E38BAB74E38B1B0AEB7494F8203075
:1071E0002B75D4E73E230B7004234B70142385E7E3
:1071F0003E230B700C234B7004237FE73E230B7060
:107200000A234B70032379E73E230B700D234B7049
:10721000052373E70523237004235FE70823FAE7B8
:1072200030230B70032359E73E230B700B234B7065
:10723000072363E73E230B7006234B700C235DE7A7
:1072400013230B708B789B00013347E757230B7098
:10725000022343E73E230B700D234FE73E230B70C1
:1072600001234B70112349E73E230B7006234B701B
:10727000122343E73E230B7009234B7013233DE792
:107280003E230B7005234B70202337E73E230B7002
:1072900009234B70212331E7FF230B700B234B7025
:1072A000A2232BE7FF230B7005234B70A32325E7B5
:1072B000FF230B700D234B7080231FE70A700D22F4
:1072C00062701BE70A700222FAE7FF23C21C0370F8
:1072D00081238370D1F8033003F1280153F8040BA4
:1072E0008B4242F8040BF9D1292250E710B50C4625
:1072F00048B141B1F9F792FA002820700CBF6FF045
:107300002200002010BD6FF01500FBE708B5F9F76B
:10731000EDFA002008BD0346022200201A70052263
:1073200058709A709B22D8705A716FF07002187161
:107330009A716FF05302DA716FF03C021A721D22DB
:107340005A7242229A726FF05102DA72704700F05C
:10735000E1B970B50446FBF7E9FF012805461AD1EB
:10736000601CFBF7EBFFB0B1A3790020E61D63F0D2
:107370003F03A371FAF70EF838B11022002130460E
:1073800001F0A9F80020257070BD3046FBF7EAFF38
:107390000028F2D0F6E70025F4E710B504461022E5
:1073A000002101F098F804F1100310220021184682
:1073B00001F091F8FBF7F0FF0020F9F7EBFF20B1A7
:1073C0002046FBF7CFFF002010BDFBF7AFFF0028E2
:1073D000F6D0F8E710B50446FFF716FCB0F5007FCD
:1073E00009DA10F5007F08DD031EB8BF03339B10D8
:1073F0000020237010BD7F23FAE76FF07E03F7E7CC
:107400001FB5002341F64B524178CDF80A30D0F831
:107410000230934295BF4FF47A7240F2E242B3FBDE
:10742000F2F3B3FBF2F398BF03F5506302789BB21B
:1074300042EA0122ADF80230ADF80020ADF8043088
:10744000C279837943EA0223ADF80630427A037A9F
:10745000684643EA0223ADF8083000F098F905B019
:107460005DF804FB00F0DAB90078003818BF01209D
:1074700000F088B9F9F7A6BEF9F7ACBE0120704755
:1074800000F0D5B900F00FB900F039B908B5F9F737
:107490003FFA002008BDF9F7A1BD00F0B7B900F030
:1074A0004AB9F9F745BE00F053B900F01FB900F032
:1074B00006B900F00AB9023101444A43B2F5004F5F
:1074C000A8BF4FF0FF3290B21B3020F00300B0F5A0
:1074D000004F34BF00B24FF0FF3070478388014641
:1074E00002899BB29A4202D00831F9F741BA70473B
:1074F00030B590B18478B1FBF4F304FB131300EBC7
:10750000430252898A4201D1D8B230BDC27822B931
:1075100000F10803D0B2844201D8FF20F5E733F828
:10752000025F01328D42F5D1EFE7827803880532A0
:107530004B4303EB42031844704770B51E460D469B
:107540000921FFF7B8FF0446324609212846FFF714
:10755000B2FF40EA04031B0454BF00194FF0FF3090
:1075600070BDD31D23F0070370B5083390B110F040
:10757000070403D058212220F9F704F804604FF6DD
:10758000FF75C28000F108040A468180013A92B278
:10759000AA4203D103FB01F0083070BD06682660E3
:1075A00004601C44F2E718B1C2888188FFF7D9BF94
:1075B00070470346EFF3108272B6006830B101687D
:1075C00019600023037043708370C37002B962B600
:1075D0007047EFF3108372B602680A60016003B966
:1075E00062B67047F9F77EBB90F8C831DBB290F80D
:1075F000A8202AB903F0FB00003818BF012070470B
:10760000002070471FB5002240F6881303A900929E
:10761000FCF7C0FD05B05DF804FB30B5841F40F6F3
:107620007A45A4B2AC421CD88C1FA4B2AC4218D884
:10763000884216D80132B2F5FA7F12DCA3F10A00B3
:1076400040F6764480B2A0420BD842F210704A4312
:10765000584340F6C4135A43904294BF002001207F
:1076600030BD0020FCE708B501210020F9F7ECFA55
:1076700030B901210846F9F7E7FA40B9012008BD01
:10768000903000F02AFC0028F3D00020F7E790307B
:1076900000F023FC80F00100C0B2F0E708B5F9F774
:1076A000F9FD002008BD102243F220030270C270D1
:1076B0005922A0F801308280C38000207047082141
:1076C00008B5F9F79DF8002008BD10B504466FF025
:1076D0007F00FFF797FFFAF735F820707F20FFF75C
:1076E00091FFFAF72FF86070002010BD0A4600F1F4
:1076F000100108B5072300F095FE002008BD10B565
:10770000014604460020F9F72BFE08B92060A0804E
:10771000002010BD10B50446F9F7B6FD28B90020C9
:107720002146F9F705FE002010BDFFF79CFF002859
:10773000F5D10C20F8E710B50446FFF794FF28B107
:1077400001202146F9F7F4FD002010BD0C20FCE7D4
:1077500007B5037800214278012B8DF800308DF8B1
:107760000120ADF80210ADF8041007D1012A07D8A6
:107770006846F9F71FFB03B05DF804FB002BF7D058
:107780001220F8E708B5F9F7F7FA002008BD37B579
:1077900004466946008800F0AAF810B1022003B040
:1077A00030BD019D2846FFF71FFF0028F6D06289F3
:1077B000A3899A4201D91220F1E7A1882389E2889E
:1077C0006088FFF72AFFE8B195F8F43103F0FF0075
:1077D000D3B940F2E24359439942ECD9A5F8E631D6
:1077E000C5F8EC11E279A37943EA0223A5F8F03158
:1077F000237A627A43EA0223A5F8F231FF2385F85F
:10780000F431CCE73020CAE73A20C8E710B5044687
:10781000F9F75EFD20600020616010BD08B50078BA
:10782000003818BF0120FBF719FC002008BD12200A
:10783000704710B5044604B910BD236898476468C2
:10784000F9E703680BB9016070471A465B6813B12A
:107850008A42FAD170478A4218BF5160704708B512
:1078600000F09EFCF9F7B4FB00F07AF9BDE808409F
:10787000FAF792B908B5FAF7B3FFBDE80840F9F78F
:10788000C5BC704730B542401C7808785D786040D0
:107890004C786C409D7820448C786C40DD78204496
:1078A000CC786C401D795B7920440C7949796C4027
:1078B0004B40204418441044B0FA80F0400930BDD9
:1078C000024600200139C9B2FF2900D17047535C3C
:1078D00083F001030344D8B2F4E708B500F06DFC6F
:1078E00018B1BDE80840FBF787BC082008BD10B5FB
:1078F0000C460021F9F7A8F9606010B10020207053
:1079000010BD0220FCE7F8B505460C46D0E9047628
:10791000FDF79AFE20B940F207112920F8F732FE50
:10792000ECB1D5E90423D21B63EB0603012A73F102
:1079300000014FF0000114DB6FF00100904299410B
:1079400002DA40F21111E8E7631E1344B3FBF4F3CB
:107950005C43E41946F10006C5E904461C4620468E
:10796000F8BD0C46FBE70378890123F0400301F0E2
:1079700040010B43037070470078C0F380107047DC
:10798000037803F07F0343EAC11303707047007864
:10799000C00970470278437802F00F02062A0FD818
:1079A000DFE802F00804080E0E0E08000C3B5842F7
:1079B00058417047981F1F288CBF00200120704736
:1079C00000207047037803F00F03042B06D14078A2
:1079D00006381F288CBF0020012070470020704708
:1079E000F9F7C2BF10B521B94FF410711020F8F7A4
:1079F000C9FD4A600B72EFF3108472B6031D0B6071
:107A000042681AB1127A012A08BF0360036819603C
:107A1000016004B962B6BDE81040F9F7EFBF022279
:107A2000FAF704B80322FAF701B80422F9F7FEBF07
:107A300010B50B7901284C790A6843EA04211046F5
:107A400008BF41F4803110BD07B5FFF7F1FF0DF11C
:107A50000702FAF741F803B05DF804FB30B585B0D2
:107A60001546089BC01A099B61EB0304002C2146B4
:107A700002DA404264EB440103AB2A46009302ABB6
:107A800000F01DFD002C039801DA00B1281A05B0A2
:107A900030BD4FF42E71322008B5F8F773FD13B5E1
:107AA00003460C4690F8BE2002F0FF0032B1A3F16D
:107AB000360000F0BCF918230420237002B010BD7A
:107AC00038B504460D4600F000FA94F87030012BEA
:107AD00003D094F87030002BF7D13F2200212046CC
:107AE00000F0F9FC40F20712002384F85850A4F883
:107AF0004A20012284F8543084F8883084F84C20DD
:107B0000236684F8893038BD08B5FAF7E5F8FBF745
:107B1000ADFFBDE80840FAF723BA08B5FAF7DCF87C
:107B2000FAF7DCF9FBF7A2FFBDE80840FAF718BA4C
:107B3000FAF7E2B908B5FAF7CFF8FBF797FF032099
:107B400008BD08B5FAF7C8F8FAF7C8F9FBF78EFFD1
:107B5000032008BD90F83E00003818BF0120704790
:107B600010B5012104460020F9F76EF810B1214646
:107B7000FFF7A6FF01210846F9F766F810B1214684
:107B8000FFF79EFFBDE81040FAF7E6BFFAF7B4B979
:107B900090F8400000F0FD00003818BF0120F9F710
:107BA000F9BB01F0FD0380F85510B3FA83F35B09CC
:107BB00080F84B30704710B5D0F8B04094420BD1EC
:107BC00090F840208A4207D1D0F8B4001B682930D1
:107BD000C31A5842584110BD0020FCE7012910B5D6
:107BE000044601D1FAF77AF904F16C00FAF7E8FFDC
:107BF000002384F8703010BD10B501210446002028
:107C0000F9F722F820B940F6CC213220F8F7BAFC77
:107C1000637880F85430A37880F84030E178FFF73B
:107C2000C0FF237980F84A3010BD233070471FB55C
:107C3000002403949DF9204002949DF81C40019477
:107C40009DF818400094FAF731FE04B010BD1FB53E
:107C500003939DF91830CDE90123FF2304220093FB
:107C60000023FAF723FE05B05DF804FB70B50C465F
:107C700005461646FFF780FE60742846FFF787FE2C
:107C8000062EA07407D8012303FA06F212F0550F4E
:107C900006D19E4212D000236370C4E9013313E081
:107CA0006370EB1C63600023A3606B78063B13F0EA
:107CB000FF030AD009352374E56070BD03236370A8
:107CC000EB1809356360A56000231D46F3E70278D1
:107CD00002F00F02FFF7CABF08B5D0F8C830D21AB9
:107CE00004D54FF469712120F8F74CFCD0F8B000AE
:107CF000B2FBF0F008BD10B504460120FCF710F906
:107D000000F522434FF47A72B133B3FBF2F303F57B
:107D10000170D4F8F03003B1400010BDD0F8B43099
:107D2000D0F8B00029331B1A584258417047D0F898
:107D3000F01070B506461D46FFF7F0FF11B1013097
:107D4000C0B270BDD6F8B0100724A1FB041450B126
:107D5000D6E92630C91844EB00048A4275EB0404C6
:107D60000AD20320EDE7D6E92A30C91844EB000413
:107D70008A4275EB040401D20220E2E70120E0E729
:107D80002DE9F0410446FDF77FFB07468846204673
:107D9000D4E92623FFF7CBFF0646FDF7EDFC1828B4
:107DA000034641D9421CD4E92E1513D04218AA42E9
:107DB000D4E9242028BF6B1AD21B60EB0800012AEB
:107DC00070F100054FF000052CDB9342854100DB8C
:107DD00013465D186D1A41F288339D4228BF1D4637
:107DE000FDF752FBC7F1320303449D421CD33146D9
:107DF0002846FDF756FCB8B9D4F8C020D4F8B830FE
:107E0000A818D4F8BC202B44C4F8C0009342C4F88E
:107E1000B83003D1D4E93223C4E92A23BDE8F041C4
:107E2000FDF724BD2B46D4E70020BDE8F08138B52E
:107E3000044690F8F43003F0FF05002B43D0FF23F5
:107E400080F8F53090F8F700FDF7F6FB94F8F700AE
:107E5000FDF79CFC00212046FFF7C0FE94F8F630A9
:107E600004F1C805F3B1D4F8E8302BB32846F9F78C
:107E700009FF002384F8F53094F8F65015F0FF055B
:107E800018BF0C2584F8F630C4F8F03084F8F430CC
:107E900094F8F700FDF710FB90B940F2F92121208A
:107EA000F8F770FBD4F8F00030B1D4F8E8301BB923
:107EB00000F5D070F9F77CFE2846F9F779FED8E78F
:107EC000202384F8F730284638BD90F8F4300BB101
:107ED000FFF7ADBF7047FFF7F8BF90F864000038B8
:107EE00018BF0120704708B50B7813F0060F04D0B7
:107EF00040F2B1212120F8F745FB90F8F42002F080
:107F0000FF0312B140F2B721F4E70A7812F0010240
:107F100018BF8B684968C0F8B010C0F8D81040F29C
:107F20007121A0F8DC1012B1293BC0F8B43008BDB3
:107F3000D0F8F0300BB1FFF77ABF0C20704770B566
:107F400006460C4690F8F53083BBFDF79DFA0546D2
:107F5000062C20D8DFE804F0241F1F27041F2C0064
:107F600040F20122D6F89810D6F8B8306D1A8C3B42
:107F70001544AB428CBF012400240AD83046FFF7D9
:107F8000FFFE30B1D6F8B8408C3CA5422CBF00248F
:107F90000124204670BD40F246312120F8F7F2FA64
:107FA0004FF40472DEE74FF45772DBE70024F0E78A
:107FB0000124EEE7F8B50D46064601F5D07700211D
:107FC000D5F8A801F9F744FEB042044606D182680C
:107FD000D5F8A8319A4213D2816989B12146384631
:107FE000F9F704FE002333622CB194E80E005B180D
:107FF00042F1000201E000231A46C5E96832F8BDEB
:108000009A422CBFB260B360F2693762002AF2D0A4
:108010000ECAECE770B5044688B0072967D8DFE8D8
:1080200001F0045441413C66566390F8F5304BB181
:108030000121FFF7D3FDFBF76FFD08B0BDE87040ED
:10804000FDF725BAFDF7BCFB0B46024606460D467A
:10805000C4E926012046FFF73FFEB0FA80F0324621
:108060002B46400902948DF810002046FFF734FE9D
:10807000003818BF01208DF8110002A8FAF7B8FBEC
:10808000D4F8B8008238C4F8C000FDF7EFFBE0B9BF
:1080900040F293112120F8F775FA08B0BDE870405E
:1080A000FBF724BE0022012302A90092FAF796FDF5
:1080B00040B102A994F8F700FDF78CFA28B940F214
:1080C0008771E7E72046FAF7DBFB08B070BD90F850
:1080D000F53023B108B0BDE87040FFF757BDFFF79A
:1080E0004FFE0028F1D1F5E740F2C911D2E740F286
:1080F000CD11CFE710B5044688B090F8F43003F006
:10810000FF0223B140F26A212120F8F73BFAFF2356
:1081100080F8F43080F8F520FFF700FE78B9D4F845
:10812000B4302933C4F8D03001220091002302A9D1
:108130002046FAF753FD28B940F27F21E4E741F2E7
:108140008833EFE702A994F8F700FDF743FA10B976
:108150004FF42071D8E708B010BD10B5044688B0C0
:1081600090F8F52002F0FF039AB91A4602A900938D
:10817000FAF734FD50B102A994F8F700FDF72AFA96
:1081800038B940F26E712120F8F7FCF92046FAF771
:1081900077FBFBF7C1FC08B0BDE81040FDF777B9ED
:1081A000FAF710BF08B5FBF7C1FAFBF783F8FAF747
:1081B0006BFFBDE80840FBF74DB8C82108B5FBF7D9
:1081C00001F8022807D1013911F0FF01F7D1EB21A5
:1081D0003B20F8F7D7F9431E5842584108BD38B53F
:1081E00004461546FBF70AF901462A462046BDE833
:1081F0003840FBF727BC19B943780BB1C3788370BB
:10820000704710B504460846FBF78AFE4FF47A73B0
:10821000B0FBF3F0201A10BD10B504460846FBF77A
:108220007FFE4FF47A7200F2E733023CB3FBF2F3C5
:10823000E01A10BD08B5FEF78DFDBDE8084000F05E
:1082400038B8801A00F3070038B50D46144659B205
:1082500040B2FDF71BFE0023287020446B7040B233
:1082600038BD0023036070477047002070474FF00F
:10827000FF3070474FF0FF30704770474FF0FF30CE
:10828000704700207047002070470023037070473C
:108290009DF800300022FFF7D4BF4FF0FF30704749
:1082A000002070474FF0FF3070474FF0FF307047AD
:1082B000704770470020FDF751BE0020FDF752BF08
:1082C0000020FDF763BF0020FDF748BE7047FDF7B3
:1082D000A9BFFDF7BBBFFDF7ABBF70B50024FEF72C
:1082E0000BFB05462646E0B2854200D870BDFEF77E
:1082F00009FB0134068580F82A60F4E7F8B50379B4
:1083000004461BB11B219D20FEF73CFB4679017101
:1083100026B901234371217909B96171F8BD276834
:1083200020462671B84702280546F4D1032120468D
:10833000B84708B12F21E6E7236829462046984729
:108340000028E8D03021DEE703460068884204D1E7
:1083500009B10A681A600846704728B97047884210
:1083600002D10A681A60F6E7034600680028F6D1D1
:10837000704701F11003013813F8012D8B4200F80A
:10838000012FF9D170472DE9F04713F0010F8EB09E
:1083900004460D4617469A46DDE9168924D006A8FC
:1083A000FFF7E7FFA30735D002AA04F11005206804
:1083B000083454F8041C1346AC4203C31A46F6D1E1
:1083C00006AD02AC1AF0020F4346CDF8009023D060
:1083D000294620460AAAFEF77DFB0AA93846FFF780
:1083E000C8FF0EB0BDE8F08713F0040F0DD106AB47
:1083F0000E4601F1100C1D463068083656F8041C74
:108400001A46664503C21346F6D1214602A8FFF775
:10841000B0FFD6E706ADD5E73A4629462046FEF737
:1084200059FBDEE713B50024CDE90044FFF7ABFFAD
:1084300002B010BDFEF76ABC20BF704720BF704776
:108440009142F8B503D373219620FEF79BFAB2FA56
:1084500082F33BB1C3F1200499409A4020FA04F41E
:10846000984021434FEA124C93B2040C87B2B1FBFF
:10847000FCF50CFB151E05FB03F64FEA0E4E0EEB4A
:108480001040864205D9361A964294BF012602262C
:10849000AD1B04EB0141280405FB1211B1FBFCF4F8
:1084A0000CFB1411634307EB0147BB4205D9DB1BEF
:1084B000934294BF01230223E41A2043F8BD70B510
:1084C000044615461E46FFF7BBFF049B00FB154400
:1084D00030601C6070BDF0B5C9B20446A3072646E3
:1084E0000ED14FF0013522F003034D43E718BC4293
:1084F0000CD1334402F003021A44934209D1F0BD77
:10850000002AFCD0013A04F8011BE7E744F8045BB9
:10851000EDE703F8011BF0E700280CBF6FF0150032
:108520000020704700207047072303700020704729
:108530000020704700207047034611F8012B03F814
:10854000012B002AF9D170472DE9F04786468C4669
:108550000846089E154674461946002B40F0C18017
:108560008542B2FA82F245D94AB1C2F1200300FA3B
:1085700002FC954094402EFA03F343EA0C0C4FEAB8
:10858000154EA8B2230CBCFBFEF80EFB18CC08FB62
:1085900000F943EA0C43994528D9EB1808F1FF3755
:1085A00004D2994502D9A8F102072B44A3EB090391
:1085B000A4B2B3FBFEFC0EFB1C330CFB00F044EA40
:1085C0000344A04214D92C190CF1FF3304D2A04269
:1085D00002D9ACF102032C44241A43EA07401EB12D
:1085E000D440002334607360BDE8F0874746DDE780
:1085F0006346F1E792BB431B01214FEA154EAFB230
:10860000200CB3FBFEFC0EFB1C330CFB07F840EA0E
:108610000343984561D9EB180CF1FF3004D298451B
:1086200002D9ACF102002B44A3EB0803A4B2B3FBC4
:10863000FEFC0EFB1C330CFB07F744EA0344A74285
:108640004DD92C190CF1FF3304D2A74202D9ACF159
:1086500002032C44E41B43EA0040C0E7C2F12003BC
:108660009540944020FA03F12EFA03F34FEA154E99
:108670009040AFB20343B1FBFEFC0EFB1C10190C83
:108680000CFB07F841EA0041884522D969180CF132
:10869000FF3004D2884502D9ACF102002944A1EB95
:1086A00008019BB2B1FBFEFC0EFB1C110CFB07F793
:1086B00043EA01439F420ED9EB180CF1FF3104D27B
:1086C0009F4202D9ACF102012B44DB1B41EA00417D
:1086D00093E76046E3E76146F7E76046A4E7634651
:1086E000B8E7834206D916B9002108467CE7C6E9F7
:1086F00000E0F9E7B3FA83F78FB9834201D37245FB
:1087000008D8BEEB020460EB030301209C461EB9AF
:10871000002169E73846FAE7C6E9004CF8E7C7F1F7
:10872000200CBB400EFA07F522FA0CF42EFA0CF1DD
:10873000BA401C4320FA0CF3B8404FEA14490143F5
:108740001FFA84FEB3FBF9F809FB18300B0C08FB89
:108750000EFA43EA00439A4540D9E31808F1FF3086
:1087600004D29A4502D9A8F102002344A3EB0A03DC
:1087700089B2B3FBF9F809FB183308FB0EFE41EA96
:1087800003418E452CD9611808F1FF3304D28E4580
:1087900002D9A8F10203214443EA0040A1EB0E01F3
:1087A000A0FB02984145CE46434602D306D14D4533
:1087B00004D20138B9EB020E68EB0403002EA7D0F7
:1087C000B5EB0E0261EB030101FA0CFC22FA07F390
:1087D000F9404CEA0303C6E9003199E74046C5E792
:1087E0004346D9E7000000002DE9F04F6023002444
:1087F00091B0CDE90544ADF8163030236A48ADF8A4
:108800001830079407F061F9684807F05EF92046D0
:1088100001F0BAFF0146002840F0B580B421644859
:1088200007F053F9634F0023634D18462A46396811
:10883000013139600133202B507002F11802F9D157
:108840005E4807F042F95E4905A802F0E5FB0146E3
:1088500040B15C4807F039F94FA1D1E9000105F0BA
:10886000EBF9E0E70021584805F0E6F902F024FCB6
:10887000014610B1554807F028F900263446B046A5
:108880004D490B783BB14B782BB10846013406F0CB
:10889000C7FE00B1013608F10108B8F1200F01F15F
:1088A0001801EED139684A4807F00FF90F214948FD
:1088B000B42207F00AF92146474807F006F98CB9B7
:1088C000464807F002F9464807F0FFF8002E3ED16F
:1088D000444807F0FAF8444807F0F7F830A1D1E926
:1088E0000001BCE74FF00008404CDFF80491DFF8CE
:1088F00004A1DFF804B114F8023C03B314F8013CFE
:10890000EBB1204608A900F075F9D4F81230D4F87C
:108910000E20607A991A237A94F9072002903C205D
:10892000B1FBF0F10191A17A032B009188BF53466E
:10893000484698BF5BF8233008A907F0C6F808F14D
:108940000108B8F1200F04F11804D4D1BBE70024CA
:108950003C26DFF8A880284606F062FE68B108A928
:10896000A81C00F047F9D5E904239B1AB3FBF6F3E2
:1089700040462A7B08A907F0A8F80134202C05F10D
:108980001805E8D1A7E71E4807F09FF8204611B068
:10899000BDE8F08FAFF30080A8D4550000000000C0
:1089A0009AAD4E00000000007426010093260100DD
:1089B000D3260100581E00205C1E00200027010065
:1089C000C58A00001D2701000E2707003B27010074
:1089D0006027010097270100C9270100F027010047
:1089E0008D280100B2280100142901005E1E00201C
:1089F0002C2801006C26010008240100E228010057
:108A0000B82601000000000037B50024164D6FF0B5
:108A100009034FF4806228461449009404F088FD4D
:108A20001349284604F0EEFD1249134808F0E7F810
:108A3000224604211C2000F0E7FD01220F4BD3E861
:108A4000EF1FC3E8E02F0028F9D105A3D3E90023E5
:108A500028460B4904F0ACFD204603B030BD00BFF2
:108A6000389C1C0000000000D0190020C0310020FC
:108A7000ED2F0100E50301009C2200209822002038
:108A8000B00200200000000010B50B4BD3E8AF3F50
:108A900053B1FDF79FFE06A3D3E90023BDE81040C4
:108AA0000649074804F084BD10BD00BFAFF3008045
:108AB000389C1C000000000098220020B00200201A
:108AC000D01900202DE9F743064600241846FF235D
:108AD000042A0F46ADF804408DF8063038D04249DC
:108AE00001AA07F00EFA9DF804308BB39DF80590AB
:108AF0009DF806803D4D15F8023C63B307223146D0
:108B0000284608F029FD30BB394B1C4408F0E0F939
:108B10004FF47A75A0FB050647F61222002305FBE9
:108B20000161FEF74FFA4FF47A720023FEF7FAF96B
:108B300005466378677284F80B9084F80A80656153
:108B400033B901236370237BFF2B1CBF01332373D5
:108B500003B0BDE8F0831834B4F5407F05F1180583
:108B6000C9D1002508F0B4F9214A4FF0FF3C2B464B
:108B7000144692F800E0BEF1000F25D1182202FB46
:108B800003444FF47A75A0FB050C47F6122205FB4F
:108B900001C10023FEF716FA00234FF47A72FEF7A4
:108BA000C1F9172205460021601C08F0CDFC2346C0
:108BB000012203F8022B3268C4F80220B2889A809E
:108BC000B2799A712561B4E7D2F814E01832E6451B
:108BD00038BF1D4603F1010338BFF446202BC8D12E
:108BE000182303FB0544CCE7EBF500005E1E0020D4
:108BF0005C1E002070B503788AB004460E4607ADAF
:108C0000032B20D8DFE803F002191B1D1149284669
:108C1000FFF792FC059563781E210493A3783046F4
:108C20000393E3780C4A02932379019363790093C9
:108C3000A37906F053FA0AB070BD0849E7E708497E
:108C4000E5E70849E3E70A212846074A06F046FA1D
:108C5000E0E700BF20260100492601002726010089
:108C60002E2601003826010042260100014B1B6818
:108C7000184700BF70030020014B1860704700BF09
:108C80007003002030B585B004460D461022002147
:108C9000684608F059FC02238DF80230044B2A463E
:108CA00021466846019306F045FA05B030BD00BF85
:108CB0006D8C000080B505460E461746984605F0B7
:108CC0000DF8034608F0D2FC0446DFF8189042463F
:108CD00049F8003039463046A84754F8090000F0FA
:108CE00015FC00BF080000002DE9F047058B044685
:108CF0002807904611D4022905F0070540F0CC80E2
:108D0000204606F0FCFE78B10138218B042811D8EA
:108D1000DFE800F0C2106D85950001290CBF45F019
:108D2000100545F02005258388F31188BFF36F8F68
:108D3000BDE8F08701F0070AAA4500F0A5800027EA
:108D4000B9463E46A368002B00F0BC8041F0080104
:108D5000218388F31188BFF36F8FA168002900F089
:108D6000BA800D68002900F0B6803346524620468E
:108D7000D1F80480C047002D76D02B6829461D46C7
:108D8000F0E701F007035A1F012A1BD8002221F047
:108D90000701062B276889B2C4E9002209D13B46A6
:108DA00003E0628B013262831B68002BF9D141F032
:108DB00002012046218306F0A2FE00287AD041F06D
:108DC000200176E0042B0AD121F0070189B2204668
:108DD000218306F094FE10B141F020012183218B04
:108DE00001F0070AAA454FD00027B946AAE7236930
:108DF00021F0070141F00601062DD3F800902183F0
:108E00002DD1B9F1000F3FD041F00801218388F343
:108E10001188BFF36F8F20463949C84729E021F0F8
:108E20000701236941F0040189B2042DD3F80490AD
:108E30002183E6D000274FF0040A3E4682E721F066
:108E40000701236941F0050189B2052DD3F8089087
:108E50002183D6D000274FF0050A3E4672E700274F
:108E60004FF0060A3E466DE72B4687E7B9F1000F43
:108E7000D1D1EFF31188402383F31288BFF36F8FB2
:108E8000238B23F008032383258BEA062ED525F0B8
:108E90001003238305F007056669218B002EBFF6BA
:108EA00070AF00232768C4E9003321F0070141F0C7
:108EB00001012183218B4FF0000901F0070AAA4527
:108EC0007FF440AF002F9CD041F00801218388F34C
:108ED0001188BFF36F8F002FC8D03D6839463346E5
:108EE0005246204606F037FE2F46F4E7AB067FF5E4
:108EF0001BAF25F02003238305F0070500E700BF23
:108F000083FB0000014B0360002070471824010020
:108F100008B5044806F0D9FDBDE80840024806F04F
:108F2000D4BD00BF5F2901009429010008B50348A2
:108F3000034A0021121A06F0C9FE08BD30060020BF
:108F4000C0290020074808B5074A0849121A06F048
:108F5000BFFEBDE808400648064A0749121A06F057
:108F6000B7BE00BF4000002030060020783001006E
:108F700040000020400000207830010038B5054650
:108F80000C4699B1D1E901230F48096806F09DFD0F
:108F9000D4E90423E1680D4806F097FDE1690C4827
:108FA00006F093FDA1690B4806F08FFD012D05D158
:108FB000EFF305810848103906F087FD2146284661
:108FC000BDE8384003F0FABEC2290100F2290100D1
:108FD000222A0100322A0100612A010030BFFFF776
:108FE000FDBF00BF2DE9F04105460B4EDFF82C8098
:108FF000324606EB0807CC1B2046094908F097FAD1
:10900000A01942460021083C08F09EFAC5F8B84075
:1090100007F10800BDE8F081000000000400000036
:1090200000210100054B5A699B689A421FBF044A00
:10903000536843F080535360704700BFB022002054
:1090400000ED00E010B5204C204806F03EFDA36A7C
:10905000990137D51E4806F038FD1E20A36ADA01B3
:1090600003D51C4806F031FD1F20174CA36ADB0214
:1090700003D5194806F029FD0220A36A1C0303D575
:10908000164806F022FD21200F4CA36A590303D590
:10909000134806F01AFD2220A36A9A0303D511484B
:1090A00006F013FD2320084CA36ADB0303D50E480A
:1090B00006F00BFD2420A36A6FEA03436FEA134313
:1090C000A36210BD1D20C9E700ED00E0752A010074
:1090D0008E2A0100A22A0100BD2A0100E82A01000F
:1090E000072B01002D2B0100482B010070B5244CEB
:1090F000064624480D4606F0E8FCA36AD90435D597
:10910000214806F0E2FC1720A36A1A0503D51F4880
:1091100006F0DBFC18201A4CA36A9B050FD51C48EF
:1091200006F0D3FCA16BA36A180407D5194806F012
:10913000CCFC1EB1A36A23F40043A3621920104C97
:10914000A36A590503D5144806F0BFFC1A20A36A88
:10915000DA050DD5114806F0B8FC1B20084A936AC1
:1091600043F47F43936200232B7070BD1620CBE73E
:10917000A36A9B04F2D50A4806F0A7FC1C20EDE781
:1091800000ED00E0742B01008B2B01009D2B0100F2
:10919000B12B0100CB2B0100E12B0100FD2B0100C5
:1091A000162C010070B5264C064626480D4606F0E2
:1091B0008CFCA36AD80640D5234806F086FC112013
:1091C000A36A190703D5214806F07FFC12201C4C26
:1091D000A36A9A070FD51E4806F077FC616BA36A55
:1091E0001B0607D51B4806F070FC1EB1A36A23F0CE
:1091F0008003A3621320124CA36ADE0703D516482E
:1092000006F063FC1420A36A9C0603D5134806F0FD
:109210005CFC15200A4B9A6AD10658BF9A6A9A6A72
:10922000920642BF5A6A22F400525A629A6A42F087
:10923000FF029A6200232B7070BD1020C0E700BFB0
:1092400000ED00E0462C01005D2C01009D2B01008B
:10925000912C0100AA2C0100C12C0100162C010048
:109260002DE9F0415B4B04465F6800258AB0C7F3E7
:10927000080685F31188BFF36F8F02F07F43B3F1C7
:109280007F4F06D102F00C03082B13D1524806F091
:109290001CFC00252C464FF00008F31E8DF80780BB
:1092A000092B00F28580DFE803F00A797D7583835E
:1092B0008383838110074CBF0C460125EBE74748A9
:1092C000444E06F002FC8DF80780F36A9A0704D535
:1092D000434806F0FAFB00232FE0F36A002B01DA83
:1092E0004048F6E7F36A5B00F5D53F4806F0EDFB32
:1092F0007369A26943F480737361BFF34F8FBFF347
:109300006F8F736932F8022C23F480737361BFF39B
:109310004F8FBFF36F8F4DF602739A4208D0B36A36
:10932000DBB24BB301200DF10701FFF73BFF33E048
:1093300021682E4806F0C9FB23689DF80720C2B9B2
:1093400002AE04F12007324620686168083403C287
:10935000BC421646F7D1099AB5B3C2F3080121B948
:109360006FEA52226FEA42220992184602A9FFF7D9
:1093700005FE0AB0BDE8F081B36A13F47F4F05D053
:1093800001200DF10701FFF7B1FE05E0B36AB3F567
:10939000803FA0D3FFF756FE0346CEE700200DF135
:1093A0000701C2E700200DF10701ECE7104890E744
:1093B000104B17F4F87F1049104818BF1946A6F152
:1093C000100206F082FB86E722F4FF7222F001020F
:1093D000CAE700BF00ED00E00F2D01003B2D0100AA
:1093E000532D0100752D0100842D0100A42D0100D5
:1093F000C12D0100F62C0100E12C0100E62D010039
:10940000064B5A6942F010025A615A6942F480626E
:109410005A615A6922F008025A61704700ED00E073
:10942000EFF30880EFF3098101B57246FFF718FFEB
:1094300001BD00BF002080F31488BFF36F8F0020B0
:1094400080F30A8880F30B88104880F30888002096
:109450000F49087003F006F800200E490860BFF3BA
:109460004F8F00F02DF8402080F311880A484FF408
:109470000061401880F30988EFF31480022108434B
:1094800080F31488BFF36F8F00F0E6F8004F0020E0
:10949000BB29002094ED00E0C035002000231846D1
:1094A0000649D1F89020C2F30722934200DB7047AF
:1094B000C1F89830C1F8A0000133F6E700ED00E0F4
:1094C00010B572B6002484F31388FFF7E7FF234634
:1094D0004FF0FF300C4A03F120010133102B42F80A
:1094E0002100F8D100234FF0FF30074A03F160015B
:1094F0000133102B42F82100F8D162B6BFF34F8F31
:10950000BFF36F8F10BD00BF00E100E0084B9B6808
:1095100083420BD1EFF3058343B1064B5A6842F007
:1095200080525A605A6A22F400425A6204F0DCBB4C
:10953000B022002000ED00E016498A684FF03000AC
:109540001044EFF3098C80E8F01F402080F312886C
:10955000BFF36F8F104F4FF000664A698A603E601C
:10956000D2F8B8000D4C2060D2F8BC000023C2F83D
:10957000BC3080F3118802F1300090E8F01F8CF3CA
:10958000098802F1000004B506F0B3FBBDE8044011
:1095900070470000B022002004ED00E05C210020B4
:1095A0001EF0040F0CBFEFF30880EFF30980816910
:1095B00011F8021C0229FFD001B5724606F08AFBA1
:1095C00001BD00BF00B2002807DB01234109034AA7
:1095D00000F01F00834042F82130704700E100E0B6
:1095E00000B200280CDB01220649430900F01F00ED
:1095F0008240203341F82320BFF34F8FBFF36F8F9A
:10960000704700BF00E100E0D30748BF002100B26F
:1096100058BF02310028ACBF00F16040064A4FEA53
:109620004113DBB2ABBF00F5614000F00F0080F8E2
:1096300000331354704700BF14ED00E0044B054A9B
:1096400023F07F039360BFF34F8FBFF36F8F70479B
:109650000000000000ED00E008B5FFF7EFFF074A4B
:10966000D2F8883023F47003C2F88830FFF75EFC2C
:10967000FFF768FC00F048F803F068FC00ED00E03C
:1096800042F8203C009B0B4942F81C3C019B21F016
:10969000010142F8183C029B42F8081C42F8143CB5
:1096A0004FF0807342F8043C0023203A0265C0F872
:1096B000BC307047B58C000000B50E4B1546986065
:1096C000D0F8B8200C4B0E461A60D0F8A83083F3BF
:1096D0000B882C4686F309880020044B98472046C7
:1096E000002100220023024C2047000003FD00005F
:1096F000B58C0000B02200205C2100201022014B1C
:109700001A61704700ED00E00023402040F20F1284
:1097100010B5044CE1180133934281F80003F9D1EC
:1097200010BD00BF00E100E008B5EFF30583064A75
:10973000103B02EBC30152F8330049688847BDE88B
:109740000840FFF76FBC00BFF01701001FB5094CC0
:10975000094A23460121094800F0FAF8002303933F
:10976000074B0121E41A01A80193029400F0FAF8D2
:1097700004B010BD00F002200000002018240100F9
:109780003006002010B50C7A0B6804F01F0223F09D
:109790001F031A43CB68640923F01F03054943EAFA
:1097A000440343F00103C1F89800C1F89C20C1F8BC
:1097B000A03010BD00ED00E010B5074BD3F890309D
:1097C000C3F30723013B984202D8FFF7DBFF10BD2C
:1097D0006FF01500FBE700BF00ED00E02DE9F04F52
:1097E0000F46144606464FF000084D4D85B0B8456B
:1097F00080F29280D6F80490B9F1000F36D0B9F11A
:109800001F0F40F2878019F01F0F40F08380D6F8B9
:1098100000A01AF01F0F7DD1504606F095FA83463E
:1098200009EB0A00013806F08FFA834572D11BF16B
:10983000160F6FD05C456DDDC5F898B0D5F89C105B
:10984000C5F898B0D5F8A03021F01F0143F01F0AE9
:10985000D6E900321A44994202F1FF391ED1CA45B5
:1098600008D131465FFA8BF006F077FA08F101086B
:109870000C36BCE73146C5F898B0D5F89C3022F0DC
:109880001F0203F01F031343C5F89C30E0B206F03B
:1098900064FA10F1160F3DD0441CE7E7C5F898B004
:1098A000D5F8A020013B23F01F0302F01F02134351
:1098B000CA453146E0B2C5F8A030E8D006F04DFA0E
:1098C00010F1160F26D0C5F898B0D5F89C209DF859
:1098D00008300AF1FF3A62F304038DF80830D5F836
:1098E000A0309DF808205B0863F347128DF808202C
:1098F000D6E900321344009323F01F035344A3EB33
:109900000903013023F01F036946C0B20393FFF738
:1099100053FFBEE76FF01504204605B0BDE8F08F99
:1099200000ED00E00522044BC3F89420BFF34F8FF5
:10993000BFF36F8F704700BF00ED00E0BFF35F8F94
:109940000022024BC3F89420704700BF00ED00E0F6
:1099500010B5034C2278FFF741FF207010BD00BF07
:10996000282900202DE9F74F294D8A4606464FF059
:109970000008AB46274FD0451BDAD6F80490B9F162
:10998000000F3FD031680846019106F0DDF90199DA
:10999000044609EB0100013806F0D6F984424FF085
:1099A00014021D4B08D002FB08F36FF015024BF8B0
:1099B000032003B0BDE8F08F14F1160F2C60F8D02F
:1099C0001978A142F5DD02FB08B0C7F89840C7F846
:1099D0009840D7F89C4000F10801007B64F3040034
:1099E0000871D7F8A0000C79400860F347140C7197
:1099F000D7F89C1021F01F016960D7F8A01021F062
:109A00001F01296108F1010814350C36B3E700BFC6
:109A10006021002000ED00E028290020F0B5414938
:109A2000414CD1F890302568C3F307239D4287B09D
:109A300075D80020FFF782FF3C4BC1F8C03085424B
:109A400016D13B4C01A82570FFF75CFA00250646AD
:109A5000384FAE4213D1002023783249D1F89020FC
:109A6000C2F30722934254DBFFF75CFF00202FE094
:109A7000616801EB0011FFF785FE0130DFE7019916
:109A8000280101EB0513DA683A40B2F5001F21D036
:109A9000B2F5800F2BD0B2F5801F38D15A689B6881
:109AA0000958013B22F01F0003440120844623F0A3
:109AB0001F0340EA4C10CDE902218DF8100002A9E5
:109AC00020780593FFF778FE00281DDA6FF0150067
:109AD00007B0F0BD5A689B680958013B22F01F008F
:109AE00003444FF0020C012023F01F03E1E75A6802
:109AF0009B680958013B22F01F0003444FF0000C03
:109B0000062023F01F03D4E72378013323700135A7
:109B10009FE7C1F89830C1F8A00001339EE74FF0ED
:109B2000FF30D5E700ED00E024240100AAFF440047
:109B3000282900200000F0FF08B5024B1B68984759
:109B4000002008BD74210020034B044A186093785C
:109B500043F00203937070477421002074030020C7
:109B600008B50649064821F00701C1F1005202F587
:109B70003C3205F050FF002008BD00BF375D0020DB
:109B80007821002070B541690446867A0A4D59B1A2
:109B9000437ADB0706D42C2303FB06535B6A1B685E
:109BA0009B689847002363612C20214606FB0050E8
:109BB000BDE8704006F0D5BF800500202C22024B86
:109BC00002FB0030704700BF800500202C21827A04
:109BD000054B01FB02339A6A1B7F801A1B3323F06B
:109BE0000303B0FBF3F070478005002038B52C2448
:109BF000827A064B04FB02335B6AD3E901240C60D2
:109C00001568FFF7E3FF04FB005038BD8005002016
:109C10002DE9F04385B00546684690461C46039101
:109C200007F058F9DDE90067EFF31189402383F36A
:109C30001288BFF36F8F6B8B002B41D02A8B9A4217
:109C400025D900220023284603F0C2FA0446F0B1C9
:109C500089F31188BFF36F8F039B002B41D03246ED
:109C60003B46684607F05BF92C21A27A254B20463B
:109C700001FB02335B6A03A91B681D68DDE9002351
:109C8000A847606170BB2046FFF77CFF24E0698B2A
:109C90004B1E6B8389F31188BFF36F8F2B7F2A8B49
:109CA000AC6A1B3323F00303521A02FB0344154B27
:109CB000154AEB1A9B105343A3722B7FE372CBE739
:109CC00089F31188BFF36F8F23464246284603F07D
:109CD0007FFA04460028BFD10024204605B0BDE825
:109CE000F0836361012300252381039B294663825E
:109CF000E27A656004F1180007F026FC63692582AA
:109D0000E360EAE780050020A38B2EBA70B52C250E
:109D10000C4C00B970BD037A4668002BFAD0013BA9
:109D2000DBB20372002BF5D1C3604360837A05FB7D
:109D300003431B6A13B198473046EAE7FFF722FF57
:109D4000FAE700BF8005002008B5234A234B1A60BC
:109D500001F0BAF94FF47A612148D0F82436C3F300
:109D60000802C3F309434B4382F480721D498832D1
:109D700001FB02334FF4FA215B00B3FBF1F201FB6C
:109D800012331949B3F57A3F28BF0132C1F80429CB
:109D9000D0F820364FF47A60C3F30802C3F30943C6
:109DA000434342F21C5082F4807202F2172200FBFD
:109DB00002334FF47A701B0AB3FBF0F200FB12334C
:109DC000B3F5FA7F4FF0010328BF0132C1F81C2719
:109DD000C1F80036002008BD0020A107A004002023
:109DE00000C0FF00F82A00800000125048B1054B67
:109DF000054A1B68B3FBF2F35843044B43F00103DD
:109E000018477047A004002040420F00F0230100D3
:109E100010B506F05EF806F024FF0B4C18B1D4E83C
:109E2000AF3F63B910BD03F037FED4E8AF3F1BB9B5
:109E3000BDE8104003F044BE0A209847F8E70A2026
:109E4000BDE81040184700BF8421002038B5044603
:109E5000084805F0A6FF054648B1631EDBB21F2B7C
:109E600096BF054A0021D15C0C3005F0E0FF284682
:109E700038BD00BFD80500201C2E0100034BD3E8DD
:109E8000EF2FC3E8E10F0029F9D1704784210020AA
:109E90000E38012810B50AD8094805F082FF04469B
:109EA00018B104210C3005F0C2FF204610BD09B1E5
:109EB0000448F2E70220BDE81040FFF7C7BF00BF2B
:109EC000040600208005002010B5012104460C3056
:109ED00005F0CEFF2146BDE810400023014A00787E
:109EE00006F044B8CC24010010B5012104460C3022
:109EF00005F0BEFF2146BDE810400123014A00786D
:109F000006F034B8C424010010B5012104460C3019
:109F100005F0AEFF2146BDE810400023014A00785D
:109F200006F024B8AC2401002DE9F0478846164617
:109F3000824600286AD00023DFF8D490D9E8EF4F9A
:109F4000C9E8E23F002AF9D1002C5FD02046FFF794
:109F50003DFE0C232F4D274603FB005043885345FD
:109F60000DD0D9E8EF3FC9E8E27F002AF9D1002BF4
:109F70004CD01F463846BDE8F047FFF7C7BEA642A3
:109F800008D0204605F008FF328AF16804F10C0081
:109F900005F044FF2046FFF719FE0C2606FB005093
:109FA0004368ABB1B8F1000F12D12046FFF70EFEA7
:109FB000012106FB00504268D2E90003127A03F047
:109FC0001F06B1405B09DAB100EB830005F0BFFF6B
:109FD0002046FFF7FBFD0C2606FB00508368002B94
:109FE000C8D02046FFF7F2FD704305F800802046F8
:109FF000FFF7ECFD06FB0055A86803F01BF9B9E775
:10A00000C94300EB830005F0C8FFE1E7BDE8F08736
:10A01000880200208821002008B500F0EDFE064BE4
:10A02000D3E8AF2F02F00B02D3E8EF1FC3E8E02F15
:10A030000028F9D108BD00BF540200202DE9F843E3
:10A040000C4603F029FDE268218A1378042B6DD1B8
:10A05000022908D82046FFF759FE002403F030FDFE
:10A060002046BDE8F88353783E2B08D10329F1D070
:10A07000D378012B01D00A2B49D1032705E0052B0A
:10A08000FBD00E3B012B42D8012704F10C063046D1
:10A0900005F0FEFE012105463046B4F8109005F0AB
:10A0A000DFFE0221304605F0E3FE037880463E2BBA
:10A0B00007D1E3681B78012B01D00A2B06D10326B8
:10A0C00014E0052BFBD00E3B012B29D941F245139F
:10A0D000194A1A491A4805F005FD002383F311882F
:10A0E000BFF36F8F0323184602DF0226154A0323AE
:10A0F000214698F8000005F039FFB20712D56369D0
:10A10000A4F8109013FA85F5E560BB07A5D52146A4
:10A110000D4805F04AFE0D490D4806F08CFD9CE700
:10A120000126E3E72046FFF7F1FDEEE72046FFF7C3
:10A13000EDFD6FF0150491E73C2E0100702E01003B
:10A14000892E0100942401008C0200208404002048
:10A150000016002038B51C4805F03CFE044688B3C4
:10A1600000F10C05284605F08BFE04281DD1284679
:10A17000022105F07DFE037805460E3B012B0ED82B
:10A1800040F6A843114A1249124805F0ABFC0023DF
:10A1900083F31188BFF36F8F0323184602DF032375
:10A1A00021460D4A287805F0E1FE2046FFF7AEFD76
:10A1B0000A4BD3F80C312BB1BDE8384008490948A7
:10A1C00006F039BD38BD00BF8C0200203C2E0100D6
:10A1D000A62E0100892E0100AC2401008001002080
:10A1E000840400200016002010B5C1E900239DF86A
:10A1F00008300C460B72FFF7E9FC0C22024B02FB05
:10A2000000335C6010BD00BF88210020F8B5024615
:10A210000B46104805F0C5FD0446C0B104210C30C2
:10A2200005F0F2FD2046FFF7D1FC0C2700260A4D71
:10A2300007FB005046802046FFF7C8FC07FB005094
:10A2400086602046FFF7C2FC07FB00556E60204683
:10A25000F8BD00BFAC05002088210020034B01465B
:10A26000D3F82C0182689268104700BF800100205B
:10A2700008B50421034805F06AFEBDE8084000F077
:10A28000BBBD00BF54020020014803F04BB900BF22
:10A290007404002070B505460C4659B94FF0FF30E4
:10A2A0004FF0FF31FFF7B2FF044618B96FF06805B1
:10A2B000284670BD2046FFF789FC0C22154BA618D6
:10A2C00002FB003330465D8005F0E2FD03280BD928
:10A2D0000321304605F0B3FD0580238A0121033BAD
:10A2E0008370304605F0B3FD40F635439D4208D1FA
:10A2F0002046FFF7B3FF054648B12046FFF706FDAD
:10A30000D6E72146044806F021FCFFF7BDFF0025F3
:10A31000CEE700BF882100209402002038B5024615
:10A320000B46244DD5F8141109B9002038BD05F1AC
:10A33000F00002F0B9FF0028F7D10022002305F554
:10A340008A7002F045FF044668B940F6B8431A4ADD
:10A350001A491B4805F0C6FB84F31188BFF36F8FC1
:10A360000323184602DFD5F8080120B1FFF7CEFC21
:10A370000023C5F80831204605F042FDC5F8080164
:10A380002046FFF76BFF98B10E4802F053FF2046BE
:10A39000FFF71CFC0C220C4B1F2102FB0030224655
:10A3A0004088FFF7C1FD2046FFF7B0FCFFF76CFFC8
:10A3B0000120BBE7800100203C2E0100D42E0100CB
:10A3C000892E010070020020882100202DE9F04F25
:10A3D000064617460C4687B069B94FF0FF304FF07C
:10A3E000FF31FFF713FF044658B96FF068052846A0
:10A3F00007B0BDE8F08F887AFFF7E0FB444B83425B
:10A400007FD101220021684606F0B9FB2046FFF704
:10A41000DDFB0C23DFF8FCA003FB00A0C0F808D094
:10A42000204605F0EDFC01463046FFF733FF0546B8
:10A4300018B12046FFF76AFCD9E707F017F9364B49
:10A440001A58364B9A421FD1DFF8D4B0354806F07F
:10A4500092FB002181463448FFF760FF804688B9AF
:10A460004FF4F9735A463149314805F03BFB314608
:10A47000304805F037FB88F31188BFF36F8F032353
:10A48000184602DF4C45E1D100236846264A02F017
:10A490000BFF804698B14FF4FC73214A26492448AB
:10A4A00005F020FB42463146244805F01BFB002303
:10A4B00083F31188BFF36F8F0323184602DF204612
:10A4C000FFF784FB0C2358431AF80060AEB1204616
:10A4D000093EFFF71BFC092E0CD8DFE806F0150B30
:10A4E0000B08050B0B0B0B126FF00B057FE76FF0E2
:10A4F0000C057CE76FF0040579E7002F99D03C60EC
:10A5000075E76FF0150572E76FF06E056FE700BF36
:10A51000AC0500208821002008000000481C002015
:10A520003C2E010094020020B4C40400D82E010087
:10A53000892E0100E02E0100002F0100092F0100EB
:10A54000F7B5002240F603401146FFF73FFF0446EF
:10A55000002853D1FFF760FD214641F2030001AA14
:10A56000FFF734FF0446002848D1019A844DD16892
:10A5700005F17803D1F80100D1F8051003C31046A6
:10A58000FFF7C4FB214641F2010001AAFFF71EFFBD
:10A59000044698BB0198C3685A7885F870205A8899
:10A5A000A5F872201A7985F87120B3F80720A5F86C
:10A5B0007420B3F80530A5F87630FFF7A7FB2146E5
:10A5C00041F2020001AAFFF701FF0446B0B9019F62
:10A5D00005F18006FA68531C413234461868596800
:10A5E000083303C493422646F7D13846FFF78EFB63
:10A5F00095F87C30580604D46FF01204204603B05E
:10A60000F0BD002142F2030001AAFFF7DFFE04467D
:10A610000028F3D1019A5B4BD168D1F80100D1F841
:10A62000051003C31046FFF771FB95F87C309906BF
:10A6300019D44FF0FF304FF0FF31FFF7E7FD06462A
:10A64000002800F0998002210C3005F0E1FB012385
:10A65000447022460370314640F66D40FFF7B6FE67
:10A6600004460028CAD195F89C301A0712D500215B
:10A6700042F21C0001AAFFF7A9FE04460028BDD142
:10A680000198C368D3F80120D3F80530C5E9382311
:10A69000FFF73CFB4FF0FF304FF0FF31FFF7B6FD07
:10A6A0000446002868D008210C3005F0B1FB0227D1
:10A6B00000222146077042708270C270027142719E
:10A6C0008271C27142F20100FFF780FE0446002849
:10A6D00094D14FF0FF304FF0FF31FFF797FD064662
:10A6E000002849D008210C3005F092FB80234370EC
:10A6F0002023047084700471447184712246C770F1
:10A70000C371314640F60140FFF760FE0446002861
:10A710007FF474AF014601AA4FF60140FFF756FEE1
:10A72000044620BB0198FFF7F1FA21464FF602409C
:10A7300001AAFFF74BFE0446C8B90198C368B3F8F5
:10A740000130A5F8C130FFF7E1FA95F8C1305B0799
:10A750000DD521464FF6034001AAFFF737FE30B969
:10A760000198C3685B7885F8C030FFF7CFFA03B073
:10A77000BDE8F04000F006BA6FF068043EE700BFA5
:10A78000800100205802002073B5264D0646D5F8FA
:10A790002C0106F0F1F800283CD06FF0020105F121
:10A7A000D40005F0FAFB012105F0D1FB10EA010409
:10A7B00033D11D4B1E600A4605F1F00006F0DFF9AB
:10A7C00005F58A7006F0B6F9184806F044FA6FF0FD
:10A7D00007034FF4006216491448009402F0A8FEE3
:10A7E0001449124802F00EFFD5F82C011249836873
:10A7F0001B689847044628B93EB9FFF7A1FE78B90F
:10A80000FFF736FD204602B070BD05F1C40002F02E
:10A8100089FEF7E76FF01204F4E76FF07704F1E7D1
:10A820000446EFE78001002094210020001600205C
:10A83000C02900204E2F01003DA0000010B5FFF7F9
:10A840007FFE044608B9FFF713FD044B1B681BB1DC
:10A850002046BDE81040184710BD00BF94210020DD
:10A8600038B5044603210C3005F002FBE368057897
:10A87000197840F63543B0F8010098420AD02246D4
:10A88000FFF752FB35B1044802F0D4FCBDE8384074
:10A89000FFF7FABC38BD00BF7002002038B50421B4
:10A8A00004460C3005F0E4FA4578017822464088E9
:10A8B000FFF73AFB35B1044802F0BCFCBDE8384074
:10A8C000FFF7E2BC38BD00BF70020020F8B50646B5
:10A8D0000024094DEF79E3B29F4202D86FF00100E6
:10A8E00007E02946304605F06BFB0735631C08B1CD
:10A8F0002046F8BD1C46EEE78001002070B5144EDE
:10A9000006223146044606F027FEE0B14FF0FF3044
:10A910004FF0FF31FFF77AFC0546B0B10622214621
:10A920000C3005F07BFA0022294642F20500FFF7C1
:10A930004DFD48B93346226843F86929A288B280A0
:10A94000012283F86820002070BD6FF06800FBE7EB
:10A95000E901002037B504460D4689B1284618495B
:10A9600005F02EFB60B9174A2968C4EBC4041151E5
:10A97000A318AA889A80AA799A71002003B030BDE2
:10A98000684605F089FA0028F8D16846FFF79EFF6F
:10A990000028F5DA0B4A0098C4EBC40410519DF866
:10A9A0000610BDF80400A31898809971002DE4D01A
:10A9B00012592A609A88AA809B79AB71DDE700BFA3
:10A9C000092E01008001002070B5044611B16FF01E
:10A9D000150070BD80B11B4905F0F2FA60B9204640
:10A9E000FFF774FF002827DA2378012BEFD1A37932
:10A9F00003F0C003C02BEAD1134DEB79012B1ED01D
:10AA000005F1D403D3E8AF3FDB0707D4002CDED039
:10AA100020460C4905F0D4FA0028D8D1EE79214619
:10AA2000731C3046EB71FFF795FF08B93046D0E74D
:10AA3000EB79013BEB71CCE76FF07700C9E76FF082
:10AA40000B00C6E7092E0100800100202DE9F3412B
:10AA50000446D8B1002141F2090001AAFFF7B6FC73
:10AA6000054698B9019E0622D6F80C80104908F1D7
:10AA70000107384606F070FD28B1062238460D4918
:10AA800006F06AFD30B93046FFF740F9002002B009
:10AA9000BDE8F081D8F801303046C4F80130BB88F9
:10AAA0002570A4F80530FFF731F90120EFE700BF6A
:10AAB000162E0100102E010007B56846FFF7C6FFED
:10AAC000044BD87118B169460020FFF743FF03B06B
:10AAD0005DF804FB80010020F0B5294D89B0EE79C6
:10AAE000002E46D195F8C230DB0722D56A463146A2
:10AAF0004FF60940FFF76AFCD8B9DDF800C0DCF872
:10AB00000C406378012B1E4628BF012673B1A31C9D
:10AB100002AA1234174618685968083303C7A342BB
:10AB20003A46F7D1186838609B88BB806046FFF7CB
:10AB3000EDF8EE71002416260127EB79E0B283428E
:10AB400002D8B3B1002012E008AB06FB003353F883
:10AB5000182C33F8143C6946CDF80120ADF80530C7
:10AB60008DF80070FFF7F6FE01340028E5D009B03B
:10AB7000F0BD0021084609B0BDE8F040FFF724BF52
:10AB80008001002010B50A4CE3790BB1002010BD04
:10AB9000FFF792FF0028FAD1E379002BF6D1FFF7F7
:10ABA0009BFF0028F3D1601CBDE81040FFF7A6BE54
:10ABB0008001002070B505460E464FF0FF304FF083
:10ABC000FF3186B0FFF722FB0446A0B102210C3012
:10ABD00005F01EF9094A4670057003A920460523B1
:10ABE0000095FFF701FB0022214642F20C00FFF71F
:10ABF000EDFB06B070BD6FF06800FAE7540200206C
:10AC000008B50C4B0246400903EB800005F00AFA38
:10AC100002F01F0340FA03F313F0010006D122B93A
:10AC2000054805F0FFF940F3C01008BD6FF077004C
:10AC3000FBE700BF9821002054020020084A430986
:10AC400002EB8302012300F01F008340DB43D2E8C4
:10AC5000EF0F1840C2E8E10F0029F8D1704700BF9C
:10AC60009821002030B587B0002200235C4802F014
:10AC7000E7F9002840F092805A4805F0D3F910F027
:10AC80000103584D45D02B1D93E8070006AB03E99F
:10AC90000700554805F0C6F9C0F34013514805F0C8
:10ACA000C1F9014600286BD073B10C224F490DEB5E
:10ACB000020006F051FC00286BD000210846FFF787
:10ACC00079FF0446002865D10023ADF80930BDF8AE
:10ACD0000E309DF80C00ADF80530BDF810308DF841
:10ACE0000400ADF80730431E58420DF109015841E8
:10ACF00005F08BF9044600284CD14FF0FF304FF09F
:10AD0000FF31FFF783FA0546002849D16FF0680448
:10AD100040E0354805F086F910F0800F344A0ED037
:10AD20004FF480749089D1891269ADF80C40ADF868
:10AD30000E00ADF81010ADF812300592A9E72D4CB9
:10AD400003AB2068616803C3A068186092F8D9302B
:10AD5000180748BF0523234848BF8DF80D3005F07C
:10AD600061F9810706D53023ADF810306023ADF8C6
:10AD70000E308EE71B4805F055F94207F3D488E7FB
:10AD80003BB1FFF717FF044620B9184B2861C3E910
:10AD900001000024124802F0CBF9204607B030BD74
:10ADA000072201A90C3005F039F82246294642F263
:10ADB0000B00FFF70BFB04460028EBD19DF80D10AC
:10ADC000012001F00101FFF7F5FE04460028E1D162
:10ADD000064B06AA12E9070083E80700D9E700BF7F
:10ADE000B42100209821002054020020A821002036
:10ADF00080010020DC23010010B5094C4422002111
:10AE0000204606F0A1FB04F11C0005F002FE04F14F
:10AE1000300005F0FEFD0022024B1A6010BD00BF9D
:10AE200098210020E4210020032838B5054603D1ED
:10AE3000BDE83840FFF716BFFFF7E2FE0446A8B9A9
:10AE40000B4B6A0903EB8203012205F01F018A40C4
:10AE5000D3E8EF0F1043C3E8E10F0029F8D1FFF763
:10AE600001FF044610B12846FFF7E8FE204638BD32
:10AE7000982100202DE9F04F00F10C088BB004461A
:10AE8000404604F0FDFF06465E4805F0CBF800F0B2
:10AE900001035C48029305F0C5F8DFF86CA1C0F32C
:10AEA0008003019316B90BB0BDE8F08F029B13B974
:10AEB000019B002BF7D0238A082BF4D909214046A7
:10AEC00004F0D6FF037A228A01339A420546EAD378
:10AED0000123ADF824307F238DF81E30037A471C00
:10AEE00003445B7A8DF81D30FF238DF81C3000235E
:10AEF000ADF822300278042A98BF444B8DF81F2009
:10AF000098BF9B5CADF82030037A3E48009305F073
:10AF100089F803463B4805F085F8DA0703D5BDF804
:10AF200020305B0765D4384604F0CFFF00284AD0B4
:10AF3000394604A804F0BEFFDAF80030B3B1404649
:10AF400004F0A6FF8146009BB4F810B0DAF8007058
:10AF500023829DF81F2043469DF91D1004A8B84781
:10AF60006369A4F810B013FA89F3E36004AB0693A5
:10AF7000274B1A68002A3AD0136803B1083B52F8ED
:10AF8000081CB9B11F46A2F108034046039304F020
:10AF90007FFF8146009BB4F810B02382039B41469B
:10AFA0001B6806A898476369A4F810B013FA89F3E0
:10AFB000E3603B46DBB19F681A68B7B1083F002ADF
:10AFC000E3D13B46F7E76B78FF2B09D1114B1868AB
:10AFD00004909A889B79ADF814208DF81630ABE771
:10AFE000394604F0F5FF0346F1E7002ACDD10023EE
:10AFF0000693297A40460131013E04F031FFF6B252
:10B0000050E700BF98210020E4210020572F0100C5
:10B01000DC210020092E0100F8B50546224805F084
:10B0200001F843070F463CD52A78012A03D96FF06F
:10B0300015042046F8BD6B780F2BF8D843F6FC7446
:10B040006888031F9BB2A342F1D8A9880B1F9BB24B
:10B05000A342ECD88842EAD37AB9002200231348ED
:10B0600001F0EEFF04460028E3D1FFF7C9FD0446D6
:10B0700040B10E4802F05CF8DBE704F0C4FF0028A2
:10B08000EBD1D4E728686968094E0A4B03C6A86863
:10B090001F6030602046FFF7C7FE044606F124001B
:10B0A000E8E76FF00A04C4E754020020C82100203A
:10B0B0009C210020E42100200020024B186004F0B5
:10B0C000B4BF00BFE42100200122024BC3F80424D6
:10B0D000704700BF002008E0084B70B5C31A0D464A
:10B0E00007499B10044659434022064804F0AFFF2D
:10B0F0002B4601462046BDE870401847FC21002041
:10B10000B76DDBB610170100402373B50B4C0093ED
:10B11000041B0B460D460A49A41061430646094A22
:10B12000094804F0C0FF011E05DA30462B4602B084
:10B13000BDE87040184702B070BD00BFFC21002080
:10B14000B76DDBB61101010010170100F8B5002240
:10B150000121054640F20510FEF756FA0F4801F0AE
:10B1600051F90446B8B905F077F92F690C4938460A
:10B1700004F014FD031E09DB01263E642D69084915
:10B1800005F11C0004F00AFD031E02DA1C462046ED
:10B19000F8BDEE64FBE76FF00404F8E7310101004D
:10B1A000E02401007FB500220123CDE9022304AB96
:10B1B000CDE90433094A6B46CDF800D0CDF804D070
:10B1C00004F09FFF002805DB43F609520023684680
:10B1D00002F06AF807B05DF804FB00BF230101002C
:10B1E00010B5EFF31184402383F31288BFF36F8F00
:10B1F000074A136823F00201DB07116002D4012023
:10B2000005F024F984F31188BFF36F8F10BD00BFE0
:10B210004C2200200C22104B014602FB0033002080
:10B2200030B4D3E90E529863EFF31180402484F3D5
:10B230001288BFF36F8F1C6C04F0C00444F002044A
:10B240001C6480F31188BFF36F8F1DB12B4630BC97
:10B250000248184730BC7047FC210020101701003D
:10B2600010B4EFF31182402383F31288BFF36F8F82
:10B270001648016841F002040460C80707D482F34D
:10B280001188BFF36F8F012010BC01F0ABB81049DB
:10B29000D1F80C14C903F2D5EFF3118083F31288AF
:10B2A000BFF36F8F0B490B6C03F0C00343F0020335
:10B2B0000B6480F31188BFF36F8F82F31188BFF3A3
:10B2C0006F8F002010BCFFF7A5BF00BF4C220020ED
:10B2D00000E01050FC2100202DE9F041012207463A
:10B2E0003449D1E8EF3FC1E8E02F0028F9D133B964
:10B2F000314932484B60CB608A6004F062FC7B1EAF
:10B30000012B28D8012F06D12D4BD3F8503403F050
:10B310000303012B1FD005F0A4FC0546E8B9294B17
:10B320001B78D3B104220646254BC3F80823244CCE
:10B33000DFF89480D4F84C24D4F84C34D20315D5DB
:10B3400003F00303012B01D0012F0FD165B386F366
:10B350001188BFF36F8FBDE8F081EFF311864023B2
:10B3600083F31288BFF36F8F0125E0E7BDB130464C
:10B3700004F0DBFCD4F8403413F0FF03DAD1D4F846
:10B380000821002AD6D0C4F80831D4F80831202288
:10B390000123C4F84034C8F8A0212361CAE7002182
:10B3A000202002F049FCE5E70422054BC3F8042302
:10B3B000D1E700BFF8210020E8210020182200205A
:10B3C00000E01050BB29002000E100E008B507486C
:10B3D00005F0D2FA38B10648FEF7B6FB0448FDF78F
:10B3E0004BFC002008BD6FF01200FBE7B017010016
:10B3F000F5B300000A2838B50446074D04D1AB6800
:10B400000D2128465B689847AB6803485B68E1B24A
:10B410009847204638BD00BFB01701002DE9F04322
:10B4200040F206354768D00648BF4FF0030C3B7C1E
:10B4300002EA050558BFC2F3401C87B001F01F06A1
:10B44000B5F5837F144646EA43168DF803C046D00F
:10B450000DD8062D45D005D8A5B1022D12D06FF01C
:10B46000150039E0B5F5807FF9D101250AE040F2F9
:10B470000222954237D0B5F5407F36D0B5F5007F32
:10B48000EDD104250123220303FA01F12FD57B68B6
:10B490005960B86880BB5F2E06F01F034FEA561153
:10B4A00073D83C4A52F8212084F4803102EB8302A5
:10B4B000D2F88030C1F30041C4F3404423F47063F8
:10B4C00044EA410423F00F031C4344EA8C0444EA99
:10B4D0000524C2F88040002007B0BDE8F0830925AC
:10B4E000D0E70825CEE70625CCE70525CAE76303A4
:10B4F00044BF7B689960CCE731460DF1020205F04C
:10B50000ADF914F4403F80460CD13146B86805F0DF
:10B51000BEF9B8F1000FDED19DF80210B86801F055
:10B5200069F9D8E74FF0000901ABCDE90199CDE900
:10B530000439CDF80C903146B86803AA05F0D2F86A
:10B540004845C8DB14F4003314D09DF8033084F46C
:10B550008034C4F300448DF80E308DF80C508DF813
:10B560000D404B463146B86803AA01F091F8002817
:10B57000CFDAB0E7CDE904330DF10303039331468D
:10B58000B86803AA05F0AEF8F1E7203350F823308D
:10B59000FFDE00BFFC2401004209022A034670B509
:10B5A00003D0012A18D0CAB170BD0E4E326951685D
:10B5B0000029F9D0012503F01F030C689D400029E4
:10B5C000F2D08A682A4002D030464B6898473CB196
:10B5D000236821461C46F2E7034EE7E7034EE5E702
:10B5E0002346F6E7701701005017010030170100DD
:10B5F00038B54568A868C0B105F043F90146A0B95F
:10B60000A86801F0BFF8044688B902460949A8684D
:10B6100005F021F922460121DB20FDF7F5FF224646
:10B62000012140F20D10FDF7EFFF002038BD6FF053
:10B630000400FBE799B50000F0B545681646A86818
:10B640002A7C01F01F0487B044EA4214002868D025
:10B65000B6F5001F04D1214605F06DF9002051E038
:10B660000020B6F5800F01AA0190506039D1B3F1E6
:10B67000007F14BF052304238DF804300023CDE997
:10B6800004230393EB680DF1030723FA01F111F092
:10B69000010139D1B6F1A07F36D104F01F035F2C30
:10B6A0004FEA541003F120033ED8214A52F82020DB
:10B6B00052F82330DB0727D43A462146A86805F024
:10B6C000CDF8163018D002972146A86803AA05F0D5
:10B6D00009F8002816DB01222146A86805F0D9F8F0
:10B6E000BCE7B3F1C06F05D0B3F1007F14BF0123F5
:10B6F0000223C1E70323BFE73946A86801F084F8B5
:10B700000028E0DA07B0F0BD3A462146A86805F007
:10B71000A5F80028D8D19DF80310A86801F06AF8B0
:10B72000D2E76FF08500EDE751F82330FFDE00BF70
:10B73000FC240100036803F01F025F2B02604FEA44
:10B7400053129ABF024B53F822000020704700BFEB
:10B75000442501002DE9F04F1546074640F2FF1938
:10B76000DFF868A1DFF868B185B000EB8101B9426C
:10B7700003D1002005B0BDE8F08F3A68C2F3C323BF
:10B78000082BC2F3080400F29E804C4508BF4FF01E
:10B79000FF34B2F1D05F1AF803804FEA126310D27F
:10B7A000192B12D8DFE803F014226461292F6111EC
:10B7B00011111111111111111111111111116771C3
:10B7C0007477382B6AD04E2B52D06FF08500D1E7BA
:10B7D000C5F80446601C14D0012603A80394FFF7A3
:10B7E000A9FF039B06FA03F3436004E0C5F80C4687
:10B7F000621C06D00026324613E0631CC5F80046E2
:10B800005FD10437B3E7661CC5F80446F9D00126BA
:10B8100003A80394FFF78EFF0122039B02FA03F3B0
:10B8200083603B68039403F40040002818BF0022A3
:10B8300003A818BF012601930092FFF77BFF039C2A
:10B84000019B00EB8400D0F88040C3F3412C009AA8
:10B850004FEA082343EA8C03134304EA0B0423430F
:10B8600043EA4603C0F88030CBE7C5F80846BFE797
:10B87000C5F81046AEE7C5F86045621C3B68C0D00D
:10B88000C3F30043002BC2D0A6E7C5F86445F4E734
:10B89000C5F86845F1E7C5F86C45EEE703A80394E1
:10B8A000FFF748FF039B00EB8300D0F8803023F0C4
:10B8B000E04343F08043C0F88030631CA1D00126F0
:10B8C00099E70026A4E76FF0150053E7932F0100D6
:10B8D000F0F0FCFF2DE9F04104460D46476805F005
:10B8E000C0F9A0B9274B1B788BB14FF040086426F4
:10B8F00063681B68D3F830318BBB012004F0B2FDC4
:10B90000013EF5D10021202002F096F9EFE7402119
:10B91000EFF311831A4681F31288BFF36F8F6068CB
:10B920000068D0F8300120B983F31188BFF36F8F1E
:10B93000EEE77B6A00201D706368796A1B68C3F8B4
:10B940003C170121C3F84017C3F83001D3F8300188
:10B95000196582F31188BFF36F8FBDE8F081EFF3B3
:10B9600011831A4688F31288BFF36F8F61680968E4
:10B97000D1F830110029DCD183F31188BFF36F8F28
:10B98000C0E700BFBB29002070B40D4CD4E90065AE
:10B99000901B63EB0501400940EAC1604101891930
:10B9A00045EBD065C4E90015002400250549C1E92F
:10B9B0000023054BC3E9004570BC02F0AFBB00BFDC
:10B9C00008170020F01600200017002008B50022FC
:10B9D0000121E420FDF718FE164A0020D2F818379E
:10B9E00023F44033C2F8183701F040F8002820DB78
:10B9F0000120114901F0C6F800281ADB01F010F807
:10BA00000E4B20F01F00C3E900010D4B0022C3E9DB
:10BA100000014FF0FF304FF0FF310A4BC3E9000146
:10BA2000094B0A49187A01F00BF867220020084BED
:10BA30001A6008BD00200E509C040020081700204A
:10BA4000E8160020F01600209404002089B90000B8
:10BA50007C22002008B500F0E3FF064AD2E900325C
:10BA6000C01A054B61EB0201C3E90001400940EA3D
:10BA7000C16008BD0817002000170020F7B5224B51
:10BA80000146224F187A224BD7E90056D3E900230A
:10BA90009E4208BF954211D1B1F1806F0ED249018B
:10BAA000012938BF012101224D1946F10006C7E9DD
:10BAB000005603B0BDE8F04001F0FCB8154BDFF8CC
:10BAC00058C0D3E90043DCE9002CA41843EB0C0C6C
:10BAD0004FF0200E22466346C1FB0E23954276EBC3
:10BAE0000301C7E900230DD2291B66EB0C04C8290A
:10BAF00074F10004B4BF01210021009101F0A2F80B
:10BB000003B0F0BD0021F8E794040020F8160020EF
:10BB1000F0160020081700200017002002460B46F0
:10BB2000014801F08DBA00BF54050020014801F022
:10BB3000FFBA00BF540500201FB500240A2201945B
:10BB40000294CDF80B400091014601A805F014FDC8
:10BB5000009A01A9074803F0B8FF074803F0B5FFB2
:10BB600084F31188BFF36F8F0323184602DF04B0FC
:10BB700010BD00BFA72F0100BF2D010070B5064604
:10BB800086B00D461848194905F039F801A8F4F7B0
:10BB900011FE174804F0F0FE00B3164B6846009300
:10BBA000F4F726FEE8B94FF0FF304FF0FF31FFF712
:10BBB000B5FF044638B910491048F4F7BDFD0446F6
:10BBC00020B1FFF7B3FF204606B070BDFFF7AEFF10
:10BBD00033690B481D60FEF751F9F4E76FF012046A
:10BBE000F1E76FF01504EEE78422002083030100E3
:10BBF0009017010095BC000010170020ADBC00009C
:10BC00000DBE00001FB52248F4F710FD04460028C1
:10BC100039D1F4F7E1FD0121204601AA8DF8044055
:10BC2000F4F736FD031E2DDB08230721204601AA69
:10BC3000ADF80430F4F72CFD031E23DB4FF01B138B
:10BC4000019340F203230321204601AAADF80830F6
:10BC5000F4F71EFD031E15DB03230521204601AA70
:10BC60008DF80430F4F714FD031E0BDBB3F52F7FC2
:10BC70000CDD84F31188BFF36F8F0423184602DFB5
:10BC80006FF00B031C46204604B010BD2346F9E7B5
:10BC900039BB000010B403460A46034881680C68AB
:10BCA0001946234610BC18479017010070B53C4C4C
:10BCB00094F84730F3B194F84730042B43D12078FF
:10BCC0003E2829D0FF282DD0002563780233472B4A
:10BCD0005CD8002200232946FEF7DAF8064630BB7E
:10BCE000CDB1002384F847302E492F48BDE870407D
:10BCF00004F0A1BF4FF0FF304FF0FF31FFF70EFF10
:10BD000048B9204604F1470100F0CAFA0546FFF79A
:10BD10000DFF002DCFD070BDA578022D14BF0025DA
:10BD20000125D2E7A57805F0FD05802DF6E76278BC
:10BD30001B4902320C3004F071F831461B4B1B6872
:10BD40001B489847CDE7022B14D10022002308207E
:10BD5000FEF77CF805460028DDD062880432472AC9
:10BD600014D80F4905F10C0004F058F80F4B294680
:10BD70001B68E5E7082BB4D1002200232020FEF742
:10BD800065F8628805460028E8D1C4E7002383F3FC
:10BD90001188BFF36F8F0423184602DFA1E700BFAD
:10BDA0002B29002084220020D0190020802200208E
:10BDB000D017010038B50B8A0D461BB96FF015047A
:10BDC000204638BD01F10C0004F05AF80128F5D1E5
:10BDD0004FF0FF304FF0FF31FFF7A0FE0446002880
:10BDE000EED1E86800F02EF80446FFF79FFE002C25
:10BDF000E6D10449044804F01EFF2846FDF786FFFB
:10BE0000DEE700BF84220020D01900200A4B93F8FF
:10BE10004730042B02D1810709D47047022B02D18D
:10BE2000020704D47047082B05D1830603D50349C4
:10BE3000034804F000BF70472B2900208422002013
:10BE4000D0190020F7B5C54D06462B78002B40F0E1
:10BE5000208204238DF80730C14B04881F68A7B1E6
:10BE60000DF106030DF10702691CB84701280CD03B
:10BE70009DF80630BBB99DF807300E22AB70012348
:10BE80006A70EB70AC80A87116E0A30A082B79D019
:10BE900017D8032B1CD0042B2DD0012040F20643D1
:10BEA0009C4240F08A800F236B700423AB70012307
:10BEB000E8702B71A5F80540012300202B7003B01A
:10BEC000F0BD3F2B00F02E81012001280AD0D2E7DF
:10BED00040F60142B6F90030934205D040F60342E5
:10BEE000934205D00120DEE7F01CFBF70FFAECE7E8
:10BEF000F4F730FDE9E73388A3F58053013B082BC5
:10BF0000F0D801A252F823F02DBF00003FBF00007F
:10BF100053BF0000E5BE0000E5BE0000E5BE000026
:10BF2000E5BE0000E5BE000073BF00009DF80730CD
:10BF30008C4808338DF80730FBF7A4FAC5E79DF865
:10BF40000730884840338DF8073004F01CFA002091
:10BF500091E700229DF8073008338DF80730814BB8
:10BF60001A605A60EB7A23F0600343F06003EB72CF
:10BF7000EDE79DF807307B4806338DF80730FBF777
:10BF800083FAA2E7304642F2180130F8033B1AB2B6
:10BF90008A4251DCB2F5005F42F2640213DC944243
:10BFA000A0D000F2FA8042F219039C4200F26481B0
:10BFB00042F20C0301209C4260D840F21D439C4297
:10BFC0003FF471AF81E7A3F50053013B172BE6D88F
:10BFD00001A151F823F000BF51C000008BC0000048
:10BFE0009DC000009FBF0000AFC000009FBF0000C9
:10BFF0009FBF00009FBF00009FBF00009FBF0000C9
:10C00000B5C00000BBC000009FBF00009FBF000084
:10C010009FBF00009FBF00009FBF00009FBF0000A8
:10C020009FBF00009FBF00009FBF00009FBF000098
:10C03000C1C00000D3C0000042F21C039A4251D09C
:10C0400042F24B039A4264D042F264039C42A7E757
:10C05000FBF71CFA42F264039C423FF424AF42F225
:10C0600064039C4200F29A8042F219039C4200F25F
:10C07000048142F20C039C427FF610AFA4F50053FA
:10C080000D3B41F241229BB2F0E09DF8073035486C
:10C0900003338DF80730FBF7FEF9DBE79DF8073037
:10C0A000304808338DF80730FBF7F7F9D2E7FBF794
:10C0B000F6F9CFE7FBF7F5F9CCE7FBF7F4F9C9E7B9
:10C0C0009DF80730274910338DF80730FBF7EDF95D
:10C0D000C0E79DF80730234808338DF80730FBF799
:10C0E000E6F9B7E79DF80730002008338DF80730F0
:10C0F0003023EB7142F264039C42E8723FF4D3AE0A
:10C100004CD842F219039C4200F2B78042F20C0371
:10C1100051E79DF80730134802338DF80730FBF7DD
:10C12000C8F997E730464FF6055230F8033B934283
:10C1300027D84FF60152934206D803F2FF3292B24B
:10C140000A2A11D901203CE0A3F57D43033B022BD1
:10C1500070D8DFE803F07275780000BF7329002003
:10C16000942200207A290020A3F57C43013B0A2B6E
:10C1700075D8DFE803F01E2C747474537474414A4C
:10C1800056004FF61C52934263D04FF61D52934215
:10C1900062D04FF61B52934258D0012042F28503E1
:10C1A0009C420ED842F267039C425AD842F2660380
:10C1B00005E79DF8073038480C338DF80730FBF75A
:10C1C000AAF84FF6025224F008039342F8E6002042
:10C1D0009DF8073040338DF807302F4B1880EB79EE
:10C1E00023F0230343F02303EB712B7A23F007039F
:10C1F00043F007032B72E4E79DF807302648173316
:10C200008DF80730FBF7A5F8DBE79DF807302248EB
:10C2100020338DF80730FBF7C0F8D2E7FBF797F82B
:10C22000CFE79DF807301C4801338DF80730FBF746
:10C23000D1F8C6E7FBF7E4F8C3E7FBF713F9C0E76B
:10C24000FBF712F9BDE7FBF715F9BAE7FBF714F9AD
:10C25000B7E7FBF713F9B4E7FBF712F9B1E70120F1
:10C26000FDE6A4F50153283B0C4A9BB222FA03F3E6
:10C27000DB077FF52AAE16E6012042F232039C422C
:10C280003FF411AEA4F50153033B012B7FF60BAE37
:10C290001BE64FF0FF3012E67A2900202F80402065
:10C2A00038B5094C0D4623781BB9BDE83840FBF77B
:10C2B0001DB8A278611C023205F039F90020042370
:10C2C00020702B7038BD00BF7329002070B5054663
:10C2D0000E46084C204604F04FFB38B1A3682946AF
:10C2E0002046B2B21B68BDE8704018476FF01200DC
:10C2F00070BD00BF901701001FB500240A220194F1
:10C300000294CDF80B400091014601A805F034F9E4
:10C31000009A01A9074803F0D8FB074803F0D5FBB2
:10C3200084F31188BFF36F8F0323184602DF04B034
:10C3300010BD00BFD82F0100BF2D0100322337B53B
:10C340000125ADF8043000231C216846104A8DF801
:10C350000630ADF800508DF80230FAF741FB044684
:10C3600098B903F0EFFE80B2FAF7B2FA2A462146F6
:10C370008520FDF749F92A462146E520FDF744F9D5
:10C380002A4621468A20FDF73FF9204603B030BDFA
:10C39000F9C200000149024804F04DBC9C22002073
:10C3A000D01900200122014B1A63704700E01050A1
:10C3B0000122014B5A63704700E0105028B1022857
:10C3C00006D10420034B1B681847024B1B68FBE790
:10C3D000704700BFAC220020014B02201B681847A9
:10C3E000AC22002028B1012807D100200349FAF728
:10C3F0009FB9034B02201B6818477047BDC300005C
:10C40000AC220020014B186000207047AC220020B5
:10C41000064BD3F840231C2A05D1D3F84403431E0E
:10C420005842584170470020704700BF00C0FF00CD
:10C4300003689A070CD50368DB070DD50922074B63
:10C44000C3F80C250F22C3F8042501221A60FEE769
:10C45000034B0360EF3B0360704700BF0080105048
:10C46000F000FA5008B501233C4A3D48C2F80038B4
:10C470003C4AD2F840231C2A04BF3B4AC2F80C3481
:10C48000FFF7D6FF0830FFF7D3FF0830FFF7D0FFE4
:10C490000830FFF7CDFF00F5F470FFF7C9FF334A0E
:10C4A000D2F88C3043F44063C2F88C300022D300C1
:10C4B00003F57F0303F54043D3F8001401310AD09C
:10C4C000D3F8001439B1D3F800140132D3F804348E
:10C4D000402A0B60EBD1214BD3F84024002A38D0FE
:10C4E000FFF796FF48B11F4BD3F83423204B9A42F5
:10C4F0009EBF1A4B1F4AC3F84026FFF789FF18B1A9
:10C500001D4B1E4AC3F8AC27FFF782FF48B1342207
:10C51000124BC3F82426D3F83C2622F40022C3F899
:10C520003C26174B1149D3F80026D20744BF6FF0C1
:10C530000102C3F800260323124AC2F81835D1F8C5
:10C540008C3043F44063C1F88C300023C2F8A0352E
:10C5500008BDC822C3F84024C2E700BF0000125043
:10C5600000C50D5000C0FF000030055000ED00E098
:10C57000001D0A1840E0A91E00A0085078000A0417
:10C5800000E0105000B00450036803F01F025F2B5E
:10C5900002604FEA53129ABF024B53F82200002068
:10C5A000704700BFC4250100034A4309D35C00F073
:10C5B0001F001844C0B27047F72F0100F0B50646BF
:10C5C000002487B0114F019117F8012B06AB03EB44
:10C5D000D20313F8143C02F00702D34013F0010316
:10C5E00006D10134032CEFD10023184607B0F0BD6B
:10C5F000074A03AD07CA85E8070055F824100A6A00
:10C6000046F824200A62002AEBD0EEE7073001004A
:10C6100000210100F7B504460846FFF7C5FF06B242
:10C6200004EB4606B38A0D46DB072BD5204604F003
:10C6300036F82946204603F0A2FF58B1204603F001
:10C64000B4FF0022276800B207EB8003C3F810256F
:10C65000C3F810252946204603F0D0FF002101A889
:10C66000B1820195FFF790FF019B00EB8300D0F8AA
:10C670008020064B134043F00203C0F88030084688
:10C6800003B0F0BD6FF01500FAE700BFF0F0FCFF5B
:10C690002DE9F043044685B0084616461D46FFF7CF
:10C6A00083FF0F46804636B3204603F073FF18B968
:10C6B000204603F064FF28BB0FFA88F904EB490910
:10C6C000B9F8143013F01C0F02D07378012B19D075
:10C6D00001238DF80F3000233846CDE90063721C2A
:10C6E000B31C0DF10F0103F0F2FEB9F8143043F062
:10C6F0000303A9F81430002D40D03946204603F03A
:10C7000049FF20B96FF0150005B0BDE8F0830022A5
:10C71000297823684FEA810C03EB8103C3F81025C5
:10C72000C3F810250FFA88F204EB4202938A23F42F
:10C73000604323F0200393826E78FEB12468A878CA
:10C740006444D4F810550E4B36042B40C4F8103511
:10C7500041F6F07306F4403603EA07130005D4F8F7
:10C760001055334300F4801003432B43C4F81035B5
:10C77000938A43EA413343F0200393820020C3E7C6
:10C780000FE0ECFF70B590F87440054690F87560C6
:10C7900044BB46222146143004F0D6FE2146134AFB
:10C7A0002B6852F836608E4212D1002440F20D10F0
:10C7B000C3F84441D3F844210D4A934208BFDB201B
:10C7C000FCF700FF0123204685F874302B6670BD0E
:10C7D000CAB2920002F58070442A04BF1C501A5855
:10C7E0000131E0E76FF07700F1E700BFD0250100ED
:10C7F00000A00D5090F87500024B03EB800003F091
:10C800004DBE00BFA404002010B5064B90F8750083
:10C810000C4603EB800003F027FE0028A4BF207025
:10C82000002010BDA40400202DE9F04F814659F8E6
:10C83000043B8BB0D3F8141390F8754000936C4B05
:10C84000C9B241F40031804653F83420009803F017
:10C85000FFFE810305463AD50023CDE9073309934E
:10C86000634B07A803EBC4035B6819460193FFF70A
:10C87000A5FE042303EBC40303934FF0000B5D4BB1
:10C880000DF11C0A0293029A594912F8013B0292D7
:10C89000039A02EBD3028A5C03F0070322FA03F344
:10C8A000DA071AD40BF1010BBBF1030F0AF1040AEA
:10C8B000E9D14FF400310022009803F0C9FE01993C
:10C8C00007A8FFF77BFE0028D7D125F40035012407
:10C8D000002D75D10BB0BDE8F08F474B5B4404933E
:10C8E000DAF800100029DDD091FAA1F1B1FA81F156
:10C8F000049B1C7841EA44142046FFF755FE08EBE0
:10C900004000878AC808BB08059301231AF8002055
:10C9100001F0070103FA01F122EA01020AF80020FE
:10C9200006A80694FFF730FE069A059B203250F8C1
:10C930002220C7F382065B073746C2F3014223D5A4
:10C940004846D6B221463A4603F039FE06A8069478
:10C95000FFF71AFE069B203350F82330C3F3014340
:10C960009E4207D10021204603F0FAFD31462046C1
:10C9700003F0F6FD06A80694FFF706FE0122069BCB
:10C9800002FA03F30362ABE7022A0DD1032120462A
:10C9900003F0E6FD06F00503012BEBD13A462146F4
:10C9A000484603F00CFEE5E702212046059203F01D
:10C9B000D7FD032EF2D0059A032ADBD1022EECE735
:10C9C00095FAA5F3B3FA83F3009904FA03F225EA82
:10C9D000020503F5A27251F8222008EB43034846F2
:10C9E000B3F86410C2F3014203F0E9FD70E700BF41
:10C9F000D02501000730010007300100074B027A03
:10CA0000D3F8101521F001010A43C3F8102502687C
:10CA1000C3F8A4264268C3F8AC26704700200E5025
:10CA20004FF0FF326FF0404330B5044CD4E90001C1
:10CA3000824273EB0105F9D330BD00BF40270E5091
:10CA400030B50C25074B1C1894F8544005FB0433F3
:10CA5000C3E9031218750123034A8340C2F8243343
:10CA600030BD00BFE002002000200E50F0B53D4D6B
:10CA700085B02C78002C6FD13B4A01AB07CA83E804
:10CA800007003A491846D1F8102522F00202C1F8F1
:10CA90001025FFF7B3FF0723672202F001012144AD
:10CAA000013BCCB24FEA5202F7D1052C57D11946BF
:10CAB0004FF0010C2B4E00246720CFB204E00CFA9B
:10CAC00002F220EA0200013490FAA0F25FFA84FE3A
:10CAD000BE45B2FA82F2F2D30131327505292A44F9
:10CAE00082F8547006F10C06E5D10121002420489B
:10CAF0009A0801FA02F212F0670F18BF1C500433B3
:10CB0000302BF5D1E420FCF75DFD184B1949D3F823
:10CB1000102503F5C07322F00202C3F8902340F6FB
:10CB2000FF72C3F8A82100221A60A3F580700433B5
:10CB30008B420260F8D101240C4B0F4A1C660F4B4C
:10CB40005D201B68B3FBF2F358430D4B234398471A
:10CB500000202C7005B0F0BD6FF07700FAE76FF0A1
:10CB60008B00F7E7E00200200C21010000200E50AE
:10CB700000210E50B0210E5040420F00A0040020B2
:10CB80000024010073B52B4C0546636801A803F02F
:10CB900001030E46019303F067FC00283FDB0023EE
:10CBA00020753370636823F001036360A36843F06A
:10CBB0000103A360204BD3F81025900733D4D3F89A
:10CBC000102542F00202C3F81025C5B1D3F848275A
:10CBD00012F0010202BFD3F8481741F00101C3F877
:10CBE0004817154BD3F84017D3F844174900F9D428
:10CBF0002AB9D3F8482722F00102C3F848270F4B7F
:10CC00000F4A1B68B3FBF2F30B4A03EB43136BB100
:10CC1000D2F84017D2F8440710F0804001D102B09A
:10CC200070BD013BF3E76FF07700F8E76FF073003A
:10CC3000F5E700BFE002002000200E50A004002015
:10CC400040420F0070B51D461446184A9DF810600A
:10CC5000131893F8543000B20C3302EBC30142F8BE
:10CC600033404D60C5F31301AEB10201104E02F125
:10CC7000A04202F562228000C2F820450644C2F8B4
:10CC80002415336833B1FFF7CBFEA042A94101D28E
:10CC90000023336070BD030103F1A04303F5622359
:10CCA000C3F82045C3F82415F4E700BFE0020020D4
:10CCB00000210E50F0B50E4D2B1893F854300001A2
:10CCC0000C3355F8334005EBC3077E68641800F158
:10CCD000A04021F0004146F1000641EAC27100F592
:10CCE000622045F833407E60C0F82815F0BD00BFD3
:10CCF000E0020020F7B5284B284CD3F82C6304F150
:10CD000088070EB903B0F0BD96FAA6F00123B0FA79
:10CD100080F08340DA43224926EA0306231893F879
:10CD20005450830019440C2303FB0543DB6873B3A1
:10CD3000D7E8EF3F03EA020CC7E8EECFBEF1000FE1
:10CD4000F6D1C340DB0719D5020102F1A04202F57A
:10CD50006222D2F82435D2F82025D1F800C0BCF1E7
:10CD6000000FCED04FF0000CC1F800C00C2101FB29
:10CD7000054529690091E9688847C2E705F10C0378
:10CD800004EBC30C54F83320DCF80430E5E70A6800
:10CD9000002AB6D00B60B4E700200E50E00200205D
:10CDA00000210E50044B40EA0120C3F80005D3F8DF
:10CDB0000024D207FBD5704700B0045038B5EFF31C
:10CDC0001185402383F31288BFF36F8F064B9C6855
:10CDD00003F0E5FD85F31188BFF36F8F2046BDE8B2
:10CDE0003840FCF793BB00BFB022002038B50A4B97
:10CDF00053F82040013053F82050A54200D838BDE8
:10CE0000606830B1037FDB0701D403F09DFD083477
:10CE1000F3E723689847FAE7E0250100012270B59F
:10CE2000294B032086B01A70FFF7E0FFFCF770F87B
:10CE30000420FFF7DBFF254C254D2646AE4204F1CA
:10CE4000300410D300F028FE204C224EAC4226D3F2
:10CE500000F036FEFBF7C8FC1F4A137B23F00103EA
:10CE6000137306B070BD54F80C3C059354F8103C95
:10CE7000049354F8143C039354F8183C029354F868
:10CE80001C3C019354F8203C009354E90A2354E9D4
:10CE90000C0100F0C7FB54F8303C5E65CDE7D4E9E7
:10CEA0000A23B3F1FF3F08BFB2F1FF3F05D052EABA
:10CEB0000301206803D100F0EDFE3034C6E73146AF
:10CEC000183001F09BF8F8E7BB290020682001002A
:10CED00068200100690D0100801B0020C82370B587
:10CEE000144E86B003FB0066134B012205930F23FB
:10CEF000CDE903320023CDE9013314234FF4A072AE
:10CF00000E4D0F4903FB0055044602FB00110D4B6B
:10CF10003046009500F086FB737B2C7423F00403ED
:10CF20007373094B013403EBC423EE606B6006B0EE
:10CF300070BD00BFB81A00200A300100B0220020E6
:10CF4000C03D0020ED090100C0350020BFB5002024
:10CF5000FFF74CFF294B03F5006282F3088883F347
:10CF60000A88E023264C002584F822302023E3772A
:10CF700025766576A57684F82050636A214F43F4C0
:10CF8000E023636284F82350FCF73AFAFCF7B6FB1F
:10CF90004FF0FF33A362E362FCF740FDFCF7D6FBE2
:10CFA000194800F0D5FB0120FFF720FF0220174CA5
:10CFB000FFF71CFF00F0B8FD154B16495C61164BDE
:10CFC0004FF48052059301232046CDE90353CDE968
:10CFD00001553B46009500F025FB0646627B204646
:10CFE00022F00402627303F07CFE2846FFF776FF0E
:10CFF0003A4631462046FCF75FFB00BFC0350020B3
:10D0000000ED00E01DCE0000301D0020801B002040
:10D01000B0220020003F00200F30010038B5064C40
:10D02000064DAC4201D3002038BD2046D4E90112A0
:10D0300003F0B8FC1434F4E7F0040020F0040020FE
:10D040002DE9F341044617461E46EFF311884023AD
:10D0500083F31288BFF36F8FC368334A7BB1806854
:10D060009168884219D057EA060318D188F31188CD
:10D07000BFF36F8F6FF00F0002B0BDE8F0819168D1
:10D0800091F90E100133E36093682161A36088F386
:10D090001188BFF36F8F0020EEE72169F2E791F965
:10D0A0000E1090F90E306FF07E029942A8BF19461B
:10D0B0009142B8BF11468B422DDD03F0A2FC05461C
:10D0C00022464146CDE90076184800F02BFC0028A6
:10D0D000E1D0EFF31186402383F31288BFF36F8F03
:10D0E000A068D0B1236821699C420AD04BB193F962
:10D0F0000E309942A8BF19466FF07E039942B8BF1F
:10D10000194603F07EFC40B13146084800F09EFC11
:10D110006FF00A00B0E70025D2E7002DF4D186F3C6
:10D120001188BFF36F8FF3E7B0220020BC290020E5
:10D13000F8B583680546002B40D0234A9268934295
:10D140003FD1C368012B03D9013BC3600020F8BD68
:10D15000EFF31187402383F31288BFF36F8F0169C8
:10D16000806803F04EFC2C68A54207D10023C5E976
:10D17000023387F31188BFF36F8FE7E7002CF5D0F8
:10D18000D4E90032002613605A60637BC4E900666C
:10D1900023F002036373A66004F1180003F06CFE31
:10D1A000AC6094F90E3020462B61C4F8C06003F0E7
:10D1B00098FD3946054800F049FCC7E76FF01500B7
:10D1C000C5E74FF0FF30C2E7B0220020BC290020A5
:10D1D00037B51146EFF31185402282F31288BFF371
:10D1E0006F8F04689CB12368426823F00303944264
:10D1F000036008BF43600121204603F08FFC044612
:10D2000085F31188BFF36F8F204603B030BD51EA1C
:10D210000302F5D000F10802CDE9001310462946BB
:10D2200000F080FB0028EFD1014B9B681C69EBE705
:10D23000B022002070B5EFF31186402383F31288EB
:10D24000BFF36F8F0468A0421BD0D4B1D4E9003281
:10D25000002513605A60637BC4E9005523F0020384
:10D260006373A56004F1180003F006FE2046C4F8BD
:10D27000C05003F036FD3146BDE87040094800F06B
:10D28000E5BBD0E902329A4218BF01330221836024
:10D29000103003F0A8FE0028EDD186F31188BFF30B
:10D2A0006F8F70BDBC29002013B5EFF311814024AE
:10D2B00084F31288BFF36F8F846844B1013C8460AB
:10D2C00081F31188BFF36F8F002002B010BD52EAC6
:10D2D000030406D181F31188BFF36F8F6FF00F0045
:10D2E000F3E7CDE900230246014800F01BFBECE721
:10D2F000BC29002007B5074B4FF400620093064994
:10D300004FF0FF33054800F013F9002003B05DF83B
:10D3100004FB00BFF8250100004F0020481C00203E
:10D320002DE9FF41044640274E4EEFF3118887F365
:10D330001288BFF36F8FD4F8CC50F5B9022104F1F5
:10D34000E40003F02CFC002868D004F1DC05002286
:10D350000121284603F034FD0028F8D100234FF0C6
:10D36000FF3202934FF0FF334146CDE900233E48A0
:10D3700004F1D40200F05AFDD7E7D4F8D0202B688E
:10D380009542C4F8CC3008BFC4F8D030D4F8E430AB
:10D3900043F00203C4F8E430EB6823F0040343F0E5
:10D3A0000103EB606B6888F31188BFF36F8F284629
:10D3B0009847EFF3118887F31288BFF36F8FEB68FC
:10D3C000D80623F0010236D4EA60EB689A0716D536
:10D3D000306823F00203EB6088B10021036870B16C
:10D3E0004268954235D1036869BB726833608242F6
:10D3F00000D17360002340F8083BFFF71BFFD4F80F
:10D40000E43023F00203C4F8E43088F31188BFF35A
:10D410006F8FDB0589D400F08FFB86E7D4F8E4300A
:10D42000D9069BD5C4F8E40088F31188BFF36F8F49
:10D4300004B0BDE8F08123F01103EB6005F11000AA
:10D44000FFF7F8FEC1E70B607368834208BF7160A5
:10D45000D0E723B11A68014618461346BFE71A46BB
:10D46000F9E700BFD4220020BC290020F8B5C3682A
:10D4700004469A070F46C3F340062ED45B071CD41C
:10D480000B680BB983680B60E368DD0742BFA368D4
:10D4900002263B603D6858BF0126002D3CD0204B42
:10D4A0009A68D5F8C8309A420AD0D5F8E430D8073F
:10D4B000C3F3800214D46FF0120600233B6025E012
:10D4C00003F0CFFBD5F8E4300028F0D1D907C3F33F
:10D4D000C002F0D552B15B0708D46FF00F06ECE73D
:10D4E000002AFAD1C3F3C003002BF6D10023236036
:10D4F000D5F8D03063B9C5E93344284603F05AFB68
:10D50000E36843F00403E3603B68A3603046F8BD82
:10D510001C60C5F8D040F0E76FF01506CDE700BFFE
:10D52000B02200200146014803F085BB481C0020C2
:10D53000F0B50446002089B0C4E933000E9D04F123
:10D54000D400C4E9350004F1DC00C4E9370055B368
:10D550002879002840F2011008BF0120C4F8E40037
:10D5600000204FF0FF364FF0FF37CDE90330CDE913
:10D570000100CDE9066720460C4B009400F0BCF892
:10D5800055B1296811B1204600F03CF86B791BB108
:10D59000237B43F001032373204600F07BFBC4F898
:10D5A000C84009B0F0BD0120D8E700BF21D300007A
:10D5B00037B501900846EFF31184402181F31288BA
:10D5C000BFF36F8FC16811F01E0F16D153EA020529
:10D5D00008D101A9FFF74AFF84F31188BFF36F8FC9
:10D5E00003B030BD41F00801C16001991030816184
:10D5F000034900F003FD0120EEE70020ECE700BF47
:10D60000C30B010010B5044608B9054B9C681F22E6
:10D6100004F1880003F0B0FF002084F8A70010BDDB
:10D62000B02200202DE9F04F984685B000F1580354
:10D63000C0E91633129B002503730423D61D26F080
:10D6400007064373119B01EB060A0F46C0E9065516
:10D65000514685608373C5730446DDF838B0DDF844
:10D660004C90FBF7BFFC109B073020F00700C4E98B
:10D670002A76C4F8B00002930F9BAAEB0006CDE90E
:10D6800000B33246434639462046FBF7F9FF0F9B6D
:10D69000C4E91D8BE367109B656584F87050C4F87E
:10D6A0008030EFF31183402282F31288BFF36F8F33
:10D6B000104F3A6A3C62C4F8842083F31188BFF3A8
:10D6C0006F8FB9F1000F11D01F22494604F1880075
:10D6D00003F052FF84F8A750BB680BB1D3F8B43005
:10D6E0003046C4F8B43005B0BDE8F08F84F88890B7
:10D6F000F2E700BFB0220020F0B5002587B0059505
:10D70000109DDDE9127604950F9D044603950E9D4C
:10D7100002950D9D01950C9D0095FFF783FFB6F1D5
:10D72000FF3F08BFB7F1FF3F05D056EA070305D119
:10D73000204600F0AFFA204607B0F0BD3A46334627
:10D7400004F11800014900F059FCF4E7690D0100EB
:10D7500040F2011383810023C0E92A33C0F8B430BA
:10D76000014B9860704700BFB02200206FF00A01A3
:10D77000094A9368C3F8C0100849C3F8BC004B6855
:10D7800043F080534B60002383F31188BFF36F8F06
:10D790009368D3F8C0007047B022002000ED00E08D
:10D7A00070B590F90D20437B002A36DBD90634D1C1
:10D7B0001B4C63F07F032246437352F8183FE16924
:10D7C000934207D1C0E900210860E06111E099426D
:10D7D000F8D01B68002BF5D090F90E5093F90E602D
:10D7E000B542F4D0AE42F2DD5968C0E900310860BC
:10D7F0005860A569954200D005B9E568A3685A7BD1
:10D80000D20604D1DA897F2A01D9AA6932B1AB42A2
:10D8100002D0284600F04AFB656170BD6361FCE7F9
:10D82000B022002038B590F90D200146002A437B34
:10D8300004DA03F07F03437303F019FA0D4D2A460F
:10D8400052F8184FAB68944200D004B9EC688B4290
:10D8500007D05A7BD20604D1DA897F2A01D9A2697E
:10D860002AB1A34202D0204600F020FB23466B6180
:10D8700038BD00BFB0220020B3F1FF3F08BFB2F1B6
:10D88000FF3F03D00249183000F0B8BB704700BF1B
:10D89000690D010070B590F90D200146002A437B07
:10D8A00004DA03F07F03437303F0E1F91C4C4B7B74
:10D8B000224663F07F034B7352F8183FE0699342AE
:10D8C00007D1C1E900200160E16111E09842F8D080
:10D8D0001B68002BF5D091F90E5093F90E60B542FC
:10D8E000F4D0AE42F2DD5868C1E900300160596001
:10D8F000A569A368954200D005B9E5688B4207D0B9
:10D900005A7BD20604D1DA897F2A01D9AA692AB1C1
:10D91000AB4202D0284600F0C9FA2B46636170BDC5
:10D92000B0220020F8B5DDE906670D4B0C4698687B
:10D9300011460C4A1060EFF31182402282F31288E4
:10D94000BFF36F8F9D68284603F0A3F9284632463F
:10D950003B46FFF791FF2046BDE8F840FFF706BFC2
:10D96000B0220020DC220020F8B50446EFF3118736
:10D97000402383F31288BFF36F8F437B49B203F0D8
:10D980001F02002A0CBF0126002639D103F07F03B5
:10D990002D4D437303F06BF92A46437B817363F08B
:10D9A0007F03437352F8183F934227D1E869C4E9D3
:10D9B00000200460EC610FE09842F8D01B68002B57
:10D9C000F5D093F90EC06145F6D08C45F4DD596869
:10D9D000C4E900310C605C60AC69944200D004B9C9
:10D9E000EC68AB689C4202D0204600F05FFA6C61A4
:10D9F00087F31188BFF36F8F3046F8BDE869DEE723
:10DA00009B071ED5856803F032F981732B689D4210
:10DA100009D16B68C4E900531C606C60E8E76A6870
:10DA20009342F6D01B68002BF3D093F90E2091425D
:10DA3000F5D08A42F3DD5A68C4E9003214605C60B4
:10DA4000D6E78173D4E700BFB022002049B9EFF3D5
:10DA5000058030B9054B5A699B689A4201D0FFF79F
:10DA600085BE81F31188BFF36F8F7047B02200200D
:10DA7000034648B9EFF3058232B9064A5169926804
:10DA8000914201D0FFF772BE83F31188BFF36F8F0D
:10DA9000704700BFB0220020EFF31181402383F3D1
:10DAA0001288BFF36F8F054B9A68D37B013BD3730A
:10DAB00081F31188BFF36F8F704700BFB022002041
:10DAC00070B5EFF31186402383F31288BFF36F8F95
:10DAD000144DAB68DA7B0132DA732A4652F8184FDC
:10DAE000944200D004B9EC685A7BD20604D1DA899A
:10DAF0007F2A01D9A2692AB1A34202D0204600F0B0
:10DB0000D5F923466B6186F31188BFF36F8FEFF36E
:10DB10001180402383F31288BFF36F8FBDE87040FC
:10DB2000FFF7A6BFB0220020024B03F11802C3E9A1
:10DB300006227047B022002070B5EFF31186402313
:10DB400083F31288BFF36F8F1B4CA168E0690B68E9
:10DB5000814214BF1A46002249680B605960A368CD
:10DB6000E1692AB9154AC3E900210B60E3610CE0C1
:10DB700093F90E0092F90E50A84218D0854216DD96
:10DB80005168C3E900210B605360A5690B4B9D42AE
:10DB900000D005B9E568A3689D4202D0284600F090
:10DBA00085F965613046BDE87040FFF7DFBD8A4208
:10DBB000D8D01268D5E700BFB0220020C8220020CC
:10DBC000F8B550EA010306460C4603D1FFF7B4FF4F
:10DBD0000020F8BDEFF31187402383F31288BFF3D1
:10DBE0006F8F124D124BA8681860FFF71BFEA868D4
:10DBF000234632460F49183000F000FAAA6804465E
:10DC0000537B384643F004035373FFF7AFFDAB6813
:10DC1000D3E90A23B3F1004F08BF002AD8D103F09B
:10DC200053F9201A20EAE070D3E700BFB0220020A9
:10DC3000DC220020690D010038B504460D46FFF7CF
:10DC4000BFFFB5F1FF3F08BFB4F1FF3F02462046DA
:10DC500018D000234FF47A7447F611201946C2FBFE
:10DC6000040147F61222904271F100020BD3084BD7
:10DC7000834243F608538B4107D347F61222002311
:10DC8000F9F7A0F938BD1846FCE76FF00040F9E756
:10DC9000ED85FFFF38B50446EFF31185402383F38C
:10DCA0001288BFF36F8F437B5B070FD5183003F0EB
:10DCB000E3F8637B204623F004036373FFF770FDF2
:10DCC0002946BDE838400448FFF7C0BE85F31188F7
:10DCD000BFF36F8F38BD00BFBC290020014B98688F
:10DCE000704700BFB02200202DE9F8430446077BAF
:10DCF000EFF31185402383F31288BFF36F8F437BCB
:10DD0000190705D585F31188BFF36F8FBDE8F88338
:10DD1000D90943F0080260D14273A36813B12046C9
:10DD200002F0ADFF04F1180003F0A6F8A66D04F1AF
:10DD30005808B04511D04FF0000976B1304602F0D6
:10DD40009EFF06F1180003F097F83046C6F8C09021
:10DD5000FFF726FDA66DB045EFD1DFF8C480D8F8F7
:10DD600008309C4241D1EFF30589B9F1000918BF91
:10DD70004FF00109D8F818602A4A964200D00EB92F
:10DD8000D8F80C60B34202D0304600F08FF820463D
:10DD9000C8F8146001F0B2FF204600F0DFF8B9F1D6
:10DDA000000F02D02048FFF7D3FCD8F808309C427F
:10DDB00031D1EFF3058373BB227BD20718D42846F9
:10DDC000FFF7D4FCFB07A1D5002383F31188BFF331
:10DDD0006F8F0423184602DF98E703F07F0343F0B8
:10DDE0000803437302F043FF97E74FF00009C1E7D0
:10DDF00085F31188BFF36F8F83F31188BFF36F8FA3
:10DE00000423184602DFEFF31180402383F31288C6
:10DE1000BFF36F8FD4E785F31188BFF36F8FD1E71E
:10DE2000B0220020C8220020301D0020D3B5DDE93B
:10DE30000667089CCDE90067FFF774FD1CB1034B32
:10DE40009B681B69236002B0D0BD00BFB0220020D8
:10DE50000122044BC01A044BC0105843034B1A5400
:10DE6000704700BFF81D0020ABAAAAAABC29002059
:10DE7000C3897F2B12D80A4B1B6863B1094B90F9F9
:10DE80000E201B689A4209DB437BDB0606D1064B5A
:10DE9000C31A18BF012303F0010070470023FAE7FB
:10DEA000AC040020E0220020B81A002070B50E4B10
:10DEB0000E4C1E7C054606EB460304EBC3042046CD
:10DEC00002F0DAFF00220A4B28469A55FFF7D0FFEE
:10DED00048B1084B2046BDE870401A680649013A2F
:10DEE000D31700F08BB870BDB0220020F81D0020C1
:10DEF000BC290020AC04002051DE000038B5EFF34F
:10DF00001185402383F31288BFF36F8F104B114AA2
:10DF10009C681068A04206D1FFF7C8FF85F31188FE
:10DF2000BFF36F8F38BD00211B7C11600A4AD35CA0
:10DF3000002BF3D02046FFF79BFF0028EED0637B39
:10DF4000DB0602D12046FFF7A5FC2046E4E700BF30
:10DF5000B0220020DC220020BC290020EFF3118138
:10DF6000402383F31288BFF36F8F0C4A136A8342F6
:10DF700008D1D3F88430136281F31188BFF36F8F17
:10DF800070471346002BF7D0D3F884208242F8D193
:10DF9000D0F88420C3F88420EEE700BFB022002030
:10DFA000024B1868984208BF00207047B004002058
:10DFB000034B1B680BB9FDF74DBD0020704700BF38
:10DFC000E422002030B570B10B4B5B6898420AD058
:10DFD000036843B1D3E90421D0E90445121941EBA8
:10DFE0000501C3E90421D0E9003213605A6000231F
:10DFF000C0E9003330BD00BFB0040020B3F1FF3FE3
:10E0000008BFB2F1FF3F2DE9F84F04469946154687
:10E010001F467AD08160EFF31188402383F3128882
:10E02000BFF36F8FB9F1000FDFF8E4A020DBFFF73B
:10E03000BFFFDAE90027013549F100092D1849EB46
:10E04000E07306464FF00109C4E90453AD1843EBF1
:10E050000707FFF7A5FF0346DFF8B8E0DEF804A0E6
:10E06000EBB9C4E900EACAF80040CEF8044028E061
:10E070006FF00103DAE900125B1A4FF0FF3161EB38
:10E0800002025B1B62EB0902012B72F10001BCBFB3
:10E09000012300224FF00009C0E90432D9E7D3E997
:10E0A000041CD4E904208A4270EB0C0B24DA891A90
:10E0B0005A686CEB0000C3E90410C4E90032146034
:10E0C0005C60FFF76DFF84420ED1134B1B685BB998
:10E0D000B9F1000F02D1FFF76BFF0646304602F0A0
:10E0E000B4FE0021FDF7CAFC88F31188BFF36F8FDF
:10E0F00028463946BDE8F88F521A60EB0C009A4565
:10E10000C4E90420ADD01B68AAE700252F46EFE73D
:10E11000101E0020B0040020E42200202DE9F0476A
:10E12000EFF31185402383F31288BFF36F8FDFF87D
:10E13000A0900026C9F800000027FFF731FFDFF8A4
:10E140009480D9F80030D8E900ECD91750B1D0E963
:10E150000442A34271EB020A1BDAE41A62EB0102E9
:10E16000C0E90442002413EB0E034CEB01012046EE
:10E17000C8E90031C9F8004002F067FE2146FDF70A
:10E180007DFC85F31188BFF36F8FBDE8F047FFF783
:10E19000B5BE14EB0E024CEBE473C0E90467C8E9AA
:10E1A0000023FFF70FFF85F31188BFF36F8F83689C
:10E1B0009847EFF31185402383F31288BFF36F8FE5
:10E1C000D9F800301B1BC9F80030FFF7E9FEB8E7AB
:10E1D000E4220020101E002010B5EFF3118440232C
:10E1E00083F31288BFF36F8FFFF7E2FE0346054A01
:10E1F000D2E90001181841EBE37184F31188BFF3F1
:10E200006F8F10BD101E002038B50346EFF3118547
:10E21000402282F31288BFF36F8FC16001218160B9
:10E220000068834206D185F31188BFF36F8F002405
:10E23000204638BDD0E9003213605A600023C0E99F
:10E24000003302F08DFE294604460248FFF7FEFB2C
:10E25000EEE700BFBD290020F8B507460C4616467C
:10E2600002F0FFFC08B10020F8BD0E4B9B68D3F80C
:10E27000B450002DF7D0221DF5D2EFF311844023C6
:10E2800083F31288BFF36F8F284647F00401B0472D
:10E2900084F31188BFF36F8F0028E4D040F8045B4B
:10E2A000E2E700BFB02200200146024A0020FFF74B
:10E2B000D3BF00BF11FA0000F8B50D4E0D4C0E4D46
:10E2C00033680E48984767782B680C48984733683E
:10E2D0000B489847022F08D12478E31F5C425C4129
:10E2E0002B68074898472046F8BD0024F8E700BF90
:10E2F000DC040020E8220020D80400204005002093
:10E300002C05002038B504460D46FFF7D5FF30B187
:10E310002A462146BDE83840024802F0B8BE6FF0F8
:10E32000880038BDEC22002070B51D4E1D4C3368AE
:10E330001D4898472378590744BF23F004032370EE
:10E3400023789A0705D500F0C1F8237823F002035B
:10E350002370164D14482B68984733681448984723
:10E36000637813B1134802F095FE0023042111488D
:10E37000637000F0CBF82B680D48984733680A4863
:10E3800098472378DB0705D502F07DFE237823F03C
:10E39000010323702B680448BDE87040184700BF94
:10E3A000DC040020E82200202C050020D8040020F6
:10E3B00040050020EC2200202DE9F041FFF77CFF12
:10E3C00018B100242046BDE8F081364F36483B683E
:10E3D0009847044620B16FF08F04FFF7A5FFF1E7DF
:10E3E000324D2B78D80706D402F04BFE04462B782A
:10E3F00043F001032B702E4E2B483368984710B121
:10E40000002CE8D0E9E7002CE7D13B682648984784
:10E4100004460028DFD12B78990706D400F04EF887
:10E4200004462B7843F002032B7033681E4898474C
:10E430000028E5D1002CD0D13B681B489847002824
:10E44000C9D13368184895F8008098470028C2D190
:10E450003B681848984704460028BCD16B7843B9FC
:10E4600018F0010F05D0144802F00EFE02230446F6
:10E470006B7033680F4898470028C1D1002CACD18D
:10E480003B68094898470028A5D12B7806485A07C9
:10E490005CBF43F004032B7033689847002890D08A
:10E4A00099E700BFDC0400202C050020E8220020B2
:10E4B000D804002040050020EC2200200122024B5D
:10E4C000002083F880257047F02200202DE9F041DC
:10E4D0000A4C002526464FF0010803272046C4F8C1
:10E4E00020802777013502F0AFFD202D04F12C04A8
:10E4F000F4D1002386F88035BDE8F081F0220020B9
:10E50000014B1B68184700BFB804002010B50A462D
:10E51000044619B1024B00211B68984710BD00BF8B
:10E52000BC04002010B50C4C206802F072FF0B4AAE
:10E530001368591C11604BB9094A4820D2F80034BD
:10E5400043F00703C2F80034FBF73CF82068BDE84D
:10E55000104002F064BF00BFC404002074280020F3
:10E560000080045038B5164D286802F052FF154B54
:10E570001C68013C1C60ECB94820FBF731F807220D
:10E58000114BC3F80823D3F8002422F00702C3F884
:10E590000024C3F80041D3F80021C3F80441D3F8A4
:10E5A00004214FF48072C3F80841D3F80831074BB7
:10E5B000C3F888212868BDE8384002F030BF00BFAA
:10E5C000C4040020742800200080045000E100E012
:10E5D00070B5104D104E2B68B3420DD0FFF7A2FF5F
:10E5E00000F0E6FC00F022FD40B102F061FD0446BF
:10E5F000FFF7B8FF44B92E60002405E000F0E0FA10
:10E60000044618B1FFF7AEFF204670BD02F062FE6F
:10E61000EDE700BFC0040020117365004FF4807364
:10E620002DE9F04796B0804603A80393002402F03A
:10E63000CBFD4FF010091E4E0DF12F0525F01F05E3
:10E6400006F1200A012210211A4802F09CFD2B1924
:10E6500000935246102320211548CDF8049000F075
:10E66000EDFA0746F8B9D6E90C321034013342F11D
:10E670000002302CC6E90C32E4D1B8F1000F04D00E
:10E6800022464146284602F071FD2E46084C0FCE28
:10E690000FC496E80F00203584E80F0095E80F00BE
:10E6A000103484E80F00384616B0BDE8F08700BF8C
:10E6B000181E0020381E0020F0B5194D194FAB6B05
:10E6C0008DB0BB4229D0184E306802F0A2FE402324
:10E6D00000221946284602F060FD3021684602F00B
:10E6E00080FD044678B96846FFF798FF044690B964
:10E6F000302302461946684602F04FFD01220023EE
:10E70000C5E90C23AF63306802F089FE204602F0B1
:10E71000CFFC0DB0F0BD0E24F5E70020F9E700BFF7
:10E72000181E0020B4A5B4A5C80400202DE9F04FA0
:10E7300099B00DF1570802F10F0982460E461446B2
:10E7400028F01F084FEA191922B100296DD0B2F53F
:10E75000803F6AD8364F374D386802F05AFED5E907
:10E760000C3213430BD15046FFF7A6FF834630B15E
:10E77000386802F054FE584619B0BDE8F08FD5E96C
:10E780000C2319EB020243F10003B3F5803F14D3CD
:10E79000302102A802F025FDE8B902A8FFF73EFFEC
:10E7A00083460028E4D130230246194602A802F02D
:10E7B000F4FC00220023C5E90C234FF4807302A867
:10E7C000029302F001FDDFF870A03CB92046FFF78C
:10E7D00025FF8346CCE76FF0920BC9E7102C4FF072
:10E7E00001024FF010015046A14628BF4FF010091A
:10E7F00002F0C9FC102352462021CDE900830D48C8
:10E8000000F01CFA83460028B2D14A463046414601
:10E8100002F08DFED5E90C32013342F10002C5E968
:10E820000C32A4EB09044E44CFE76FF0860BA2E74D
:10E83000C8040020181E0020381E00200022074BAC
:10E84000C3F81021C3F80C21C3F80021C3F8042138
:10E85000C3F80821C3F81421704700BF00500450CA
:10E8600008B5FFF7EBFF01230360104B0A6832B9CC
:10E87000D3F80C211AB9D3F80821002AF6D00B6876
:10E880007BB90B4B99420ED0A3F58473D3F80831B2
:10E89000002B0CBF4FF0FF306FF00200FFF7CEFFF0
:10E8A00008BD0020FAE74FF0FF30F7E700500450B2
:10E8B0000851045038B505460C4691B1002101209D
:10E8C00002F03BF808480949C0F80055C0F8044573
:10E8D000FFF7C6FF00210446084602F02EF8204646
:10E8E00038BD6FF00104FAE70050045000510450A5
:10E8F000034B0449C3F800050348FFF7B1BF00BF4D
:10E9000000500450045104500450045010B5044603
:10E910000021012002F011F8064B0749C3F8004519
:10E920000648FFF79DFF00210446084602F005F85F
:10E93000204610BD005004500851045008500450A7
:10E9400038B50C4659B1074D0749C5F800050748C9
:10E95000FFF786FF10B9D5F80835236038BD6FF092
:10E960000100FBE700500450105104500C500450BB
:10E970002DE9F04F89B006460F4690461D4602F03D
:10E9800086FC044678B973690090C3F3013262F3E0
:10E9900005148DF8004014F0300408D1B1688907DF
:10E9A00010D06FF08604204609B0BDE8F08F102C1F
:10E9B00008D1BDF8023023F4F87343F4A873ADF81E
:10E9C00002304EE0DBB2F82B02D06FF08504EAE7AC
:10E9D00000234FF0010B9E4619461846D6F808C092
:10E9E000DFF8CC9159F804AB1CEA0A0F08D00BFAF7
:10E9F00000F343EA0E0303F07F0E012341EA0A010C
:10EA000001300728EED12BB19DF803306EF3470398
:10EA10008DF803303CEA0101D7D17388FF2B35D044
:10EA200005D8802B34D0C02BCFD1022303E0B3F51F
:10EA3000807FCAD104239DF8021063F306118DF87C
:10EA4000021014B91CF0030FABD13379022B2BD079
:10EA500020D8012BA5D1BDF8021063F3C811ADF881
:10EA60000210012A6FD0032A23D0002A99D13388BB
:10EA7000B3F5105FA9D1182D6DD0202D70D0102DB9
:10EA80008FD1DFF830A101251F261AE00323D2E73A
:10EA90000123D0E7032B01D0FF2B82D10221BDF847
:10EAA000023061F3C8138AE7BDF8023043F4C07343
:10EAB00085E7412D3DD104254F26DFF8FCA008F164
:10EAC00001080024381902F0B6FB00286CD001348C
:10EAD000AC42F7D11F2E07D02946384602F0BFFBC3
:10EAE000044600287FF45FAF009B4FF0FF39079387
:10EAF00000239B46CDF818A0BDF802204344C2F382
:10EB0000C112059201AC03F1100C22461868596835
:10EB1000083303C263451446F7D101A907EB0B0084
:10EB2000FFF7C8FE044630B302F0B1FB6FF0920469
:10EB300039E7182D19D0202D1AD0102D7FF431AFC0
:10EB4000DFF874A09FE7302D7FF42BAF03253F261D
:10EB5000DFF868A0B5E7DFF85CA002252726B0E75C
:10EB6000DFF850A002252F26ABE7DFF84CA0F4E732
:10EB7000DFF844A0F6E71C2101A80BF1010B02F01D
:10EB800017FBAB4506D00AEB0B12CDE906294FEA7D
:10EB90000B13B1E71F2E3FF406AFBA20FFF7B6FE06
:10EBA00000283FF400AFC1E76FF08A04FBE600BF26
:10EBB0000426010040008151000000201084045010
:10EBC00010B590B01C22002101A802F0BDFCF82075
:10EBD00002F031FB08B3202200200DEB0201FFF709
:10EBE000A5FD0446F8B901A84FF4807102F02DFB91
:10EBF0000E4B0F4904930F4BCDE901130E4BF82137
:10EC0000069320230DEB0302FFF7B2FE20210446FA
:10EC10000DEB010002F0CCFA05E0F92002F00BFB4D
:10EC20000028D8D10446204610B010BD0010C00402
:10EC300000240001014B4E80F800FF7F2DE9F341D5
:10EC40001D464FF48073284C8046002017460E4620
:10EC5000019300F037F901AB23601123234A01210E
:10EC6000C4E9022304F11003636040F61103E36179
:10EC700004F1200363612123089AE3621C4B46F0F0
:10EC800000561A60099A45F0005542F00052C3E957
:10EC900001122022C4F81080A6612762A562616279
:10ECA000DA60BFF35F8F4FF0A3421460BFF35F8F52
:10ECB000BFF35F8F1361BFF35F8FBFF35F8F0323DA
:10ECC0005363BFF35F8FBFF35F8F9363BFF35F8FB8
:10ECD00002F03CFB431C0446FAD0002000F01CF973
:10ECE000204602B0BDE8F081882800200400002002
:10ECF00078280020BFF35F8F094A1368BFF35F8F46
:10ED000043F48071BFF35F8F1160BFF35F8F23F413
:10ED10008073BFF35F8F1360BFF35F8F704700BFD7
:10ED20000010805108B5FFF7E5FFBFF35F8F064A7B
:10ED30001368BFF35F8F43F00103BFF35F8F13606E
:10ED4000BFF35F8F08BD00BF0010805170B5002673
:10ED5000C0E9006605460C46FFF7E4FB01232B7073
:10ED6000FFF7C8FFBFF35F8F204BDB68BFF35F8FF8
:10ED70009B08013BACB3226842B19A4205D9FFF728
:10ED8000F1FB6FF03F002E7070BD1346D4E9011502
:10ED9000E068002908BF4FF40071002808BFF12087
:10EDA0002469BFF35F8F114A9360BFF35F8FBFF396
:10EDB0005F8F1564BFF35F8FBFF35F8F5064BFF346
:10EDC0005F8FBFF35F8F5163BFF35F8F44F4802485
:10EDD00044F00104BFF35F8F1460BFF35F8F002026
:10EDE000D2E74FF40071F1202546DAE70010805198
:10EDF00070B503780D461446002B53D0BFF35F8FD8
:10EE00002D4A136BBFF35F8F5908C3F34203052BE1
:10EE10004BD011F0060F02D14FF0FF3070BD4368A8
:10EE2000D3B9BFF35F8F5368BFF35F8F032BF3D961
:10EE3000224B2349BFF35F8FD2F88060BFF35F8F0F
:10EE4000BFF35F8F43F8046BBFF35F8F8B42F1D149
:10EE5000FFF768FF01234360BFF35F8F164B9A688B
:10EE6000BFF35F8F0132B4EB021F21D8BFF35F8F76
:10EE70005A68BFF35F8FB4EB820FCDD884B1BFF374
:10EE80005F8FD3F88020BFF35F8F291D05F8012B1A
:10EE90008D424FEA122204F1FF34EFD0002CF5D15D
:10EEA0000020BBE76FF02000B8E76FF05100B5E736
:10EEB0006FF03F00B2E700BF00108051101080518A
:10EEC0002010805110B50446FFF72CFB104B18683A
:10EED00002F09FFA0CB101232370BFF35F8F4FF054
:10EEE000A3430022DA61BFF35F8FBFF35F8F4FF060
:10EEF000FF321A63BFF35F8FBFF35F8F3422DA6193
:10EF0000BFF35F8F0122034BC3F8042310BD00BF82
:10EF1000CC0400200080045010B5044638B9FFF737
:10EF200021FBBDE81040074B186802F078BA03785F
:10EF30003BB1FFF717FB034B186802F070FA002390
:10EF4000237010BDCC04002038B5164CD4F8005105
:10EF5000C5B1BFF35F8F4FF0A343996ABFF35F8FD3
:10EF6000BFF35F8F4FF0FF321A63BFF35F8F002351
:10EF7000C4F80031D4F800310B4B1868BDE83840B4
:10EF800002F060BAD4F8083153B100F06DF802F025
:10EF90000EFAC4F80851D4F808310121034BECE70C
:10EFA00038BD00BF00800450D4040020D0040020ED
:10EFB00008B5074B186802F034FA064B186802F0DF
:10EFC00030FABDE80840002248201146FAF71CBB81
:10EFD000D4040020D004002038B5094B1C7864B15B
:10EFE000084B4FF0FF311D68284602F01CFA4FF025
:10EFF000FF310446284602F023FA204638BD00BF00
:10F00000BB290020D404002010B5064C236D3BB969
:10F01000214651F8503B986902F0CDF90123236550
:10F02000014810BDB82800200829002038B5002468
:10F030000B4D0C4BEC662B6003F5C0436B60FFF788
:10F04000E3FF50B16B6D2046B3F5007FCCBF4FF4AA
:10F0500080634FF40073AB6038BD0E20FCE700BF47
:10F06000B82800200020805100487047B8280020B0
:10F070002DE9F0434FF0000985B00546CDF8049026
:10F0800000F10C07EFF31188402383F31288BFF3DC
:10F090006F8F8368594003EA02060A4053400E49C5
:10F0A00001AACDE9023901F0AEFE019C3CB1204637
:10F0B000C4F8C0900021646E01F033FEF6E7DDE98C
:10F0C000023223EA020338464146AB60FEF7BEFC3B
:10F0D000304605B0BDE8F083D31401000CB430B560
:10F0E00089B005460C461C22002101A802F02CFA2A
:10F0F000022305958DF806300D4B029323462CB163
:10F10000B4F1004F28BF4FF00043013B1D440DAA4E
:10F110000C9901A80695009200F00CF814B1059B1B
:10F1200000221A7009B0BDE8304002B0704700BF3D
:10F130005D1601002DE9F04F43688DB015468046FD
:10F14000029383789A0740F10D8100240E78002EF7
:10F1500000F00A81252E0BD04B1C0393013441464D
:10F160003046029B98470028C0F2F6800399EDE7ED
:10F170004E788B1C252E0393F0D00027B946BB4652
:10F18000BBF11F0F38D8A6F12003102B0AD8DFE8F7
:10F1900003F02A0909300909092109090928092D5B
:10F1A00009091F00A6F13003092B33D92A2E37D1C4
:10F1B0001BF0400F55F8043B40F08280002BA7BFA6
:10F1C0004BF0200B9946C3F100094BF0280B01E0EE
:10F1D0004BF0010B039B13F8016B0393002ECFD16F
:10F1E00030E04BF0020B4BF0040BF3E74BF0080B55
:10F1F000F0E74BF0100BEDE7BBF17F0F19D8A6F14C
:10F200003003092BD2D81BF0400F03D00A2101FB99
:10F210000737DFE70A214BF0200B01FB0939D9E75B
:10F220002E2E06D11BF0400F40F09E804BF0400B7D
:10F23000D0E76C2E31D02BD8682E36D06A2E3CD039
:10F240004C2E3AD0002F46F02003B8BF2BF04002DE
:10F25000A3F16501BCBF00271FFA82FB022901D977
:10F26000612B2FD107350727DFF8ACA225F0070562
:10F2700008351BF0080F66D00AEB070B56465E45B3
:10F2800063D1A4EB0A0AA9EB070906EB0A026FE1B6
:10F29000742E9FD07A2E9DD0D4E71BF0800F18BF1C
:10F2A0004BF4007B4BF0800B94E71BF4807F18BF7E
:10F2B0004BF4007B4BF4807B8CE74BF4207B89E79D
:10F2C0001F4687E7A6F16301122900F2F080DFE80C
:10F2D00011F013004F00EE00EE00EE00EE004F00C4
:10F2E000EE00EE00EE00EE00EE00FE00E900EE00A3
:10F2F000EE001B00EE00AF0055F8043B01270DF1B6
:10F30000180A8DF81830B4E755F804AB834BBAF1FE
:10F31000000F08BF9A461BF0400F504614BF3946F5
:10F320004FF0FF3102F038F90746A2E741462020AE
:10F33000029B984700280FDB013EB742F6D34C44AE
:10F34000B146A41B98E74E46F7E7414616F8010B75
:10F35000029B9847002892DA98F8023043F00403A1
:10F3600088F802304FF0FF3420460DB0BDE8F08F32
:10F370001BF0800F34D01BF4007F2CD0073525F014
:10F380000705AA4669685AF8080B2BF010050029F2
:10F39000ADB237DA404245F4806561EB41010DF1D1
:10F3A000180B0A235A4602F003F9A0EB0B03019352
:10F3B0006B0662D5019B25F001019F4289B240F3A3
:10F3C000A180002E00F0998015F0100240F09C8082
:10F3D000BB460D4623E0AA465AF8040BC117D4E7F2
:10F3E000AA461BF4807F5AF8041B01D10846F5E7B2
:10F3F0001BF4007F19BF48B241F3C01108B241F3BA
:10F40000C031C2E750EA0103C9D11BF0400FC6D09A
:10F41000002FC4D12BF01102BB46019795B240F2E8
:10F42000064115EA01021CBF0BF1010B00222CE082
:10F430002BF010020A231FFA82FB1BF0800C49D02C
:10F440001BF4007115BF0735AA4625F007055AF8C9
:10F45000040B1EBFAA4669685AF8080B50EA01055A
:10F4600045D12BF016051BF0400FADB242D0002F56
:10F4700040D12BF01702019795B215F0100248D039
:10F48000019B002E42D103F1010B29075AD4EB074F
:10F4900006D5D9456FDDA9EB0B030199CB465F1863
:10F4A0005B4649E04BF0100B10237826C5E7782B1C
:10F4B00004D1C6F1780343F01003BEE7414625208E
:10F4C000029B98470028FFF647AF023447E608231F
:10F4D0000026B2E7AA461BF480715AF8040BBDD08F
:10F4E0001BF400711ABFC0B2614680B2B6E72BF0C0
:10F4F000060295B20DF1180B54E725F01105BB4635
:10F50000ADB28CE70D46B8E73B460D4603F1020B62
:10F51000BBE7DDF804B082E76D3001006630010022
:10F52000CDE9043241462020029B98470028FFF68F
:10F5300013AF049B059A01339945F1DCA4EB0B0151
:10F540009B46CC180AB341463020029B98470028BE
:10F55000FFF602AF8EB901342744391B019B994253
:10F5600024DC1D4655BB019AA9EB0B0955462244E4
:10F570001446914433E0019F92E7023441463046FD
:10F58000029B98470028E7DAE6E640F206410D4282
:10F59000E2D015F0020F04F10104414614BF2B2004
:10F5A000202015F4806F18BF2D20E9E74146302058
:10F5B000029B013498470028CFDACDE606AB013D27
:10F5C0004146585D029B98470028CBDAC4E6414685
:10F5D0002020029B013498470028FFF6BDAEA9EB1E
:10F5E0000403002BF3DCC1E570470378FF2B01D047
:10F5F000012070474378042BFAD943681A884C2AB3
:10F60000F6D19A78122AF3D11B7903F01802102A46
:10F610004B70EDD101229B0900200A708B7070475E
:10F620000246007870B1507860B1137B022B08D984
:10F63000D2E90403181AB0F5167F34BF0020012068
:10F64000704700207047836800EBC101B3F5004F9D
:10F650002CBF51F8220031F81200704700EBC101B5
:10F660008068B0F5004F2CBF41F8223021F81230ED
:10F670007047012208B5FFF7E6FFD04008BD836858
:10F6800000EBC101B3F5004F08D34B681AB143F04A
:10F6900001034B60704723F00103FAE74B881AB16E
:10F6A00043F001034B80704723F00103FAE7530056
:10F6B0000122FFF7D3BF8368B3F5004F34BF0423A3
:10F6C0000823C91A081AC00870478368481CB3F594
:10F6D000004F34BF042308230833A0EBD300B0FA53
:10F6E00080F0C0F11F0070472DE9F041174603225A
:10F6F0000E460446FFF7A7FF8642054607F10408B9
:10F700000AD10122E368BA4023EA0203E36000233E
:10F7100044F82830BDE8F081314602222046FFF748
:10F7200092FF06462B4601460322204644F8285005
:10F73000FFF794FF334629462046BDE8F0410222F8
:10F74000FFF78CBF70B50D4686680446FFF791FF42
:10F75000B6F5004F014601D3012809D02046FFF736
:10F76000B4FF294602462046BDE87040FFF7BCBF03
:10F7700070BD2DE9F0470546FFF7A7FF05EB800AAE
:10F78000DAF8109088460646B9F1000F1BD003271F
:10F79000DAF8104028462146FFF76BFF404507D3B3
:10F7A000324621462846FFF79FFF2046BDE8F087F6
:10F7B000032221462846FFF746FF013FCAF8100002
:10F7C00001D08145E4D14FF0FF34EB680136B440FD
:10F7D0001C40EAD094FAA4F2B2FA82F2131D55F852
:10F7E0002340DEE72DE9F04114460E460546FFF7BB
:10F7F00040FFA4EB0608371B074442463146284623
:10F80000FFF755FF3A4621462846FFF750FF43468B
:10F81000002221462846FFF721FF21462846FFF710
:10F8200028FF3B46211800222846BDE8F041FFF79B
:10F8300015BF2DE9F041164604460F46FFF719FFA4
:10F84000314605462046FFF714FF05442A4639464F
:10F850002046FFF72CFF31462046FFF70AFF2B46D4
:10F86000311800222046BDE8F041FFF7F7BE2DE930
:10F87000F0410D4686680446FFF7FBFEB6F5004FE3
:10F88000014601D3012832D02046FFF71EFF04EBCA
:10F8900080010E6996B90122E36882401343E36058
:10F8A00002220D612B4629462046FFF7D7FE032290
:10F8B00029462046BDE8F041FFF7D0BE022231467E
:10F8C0002046FFF7C0FE0746034629462046FFF7BD
:10F8D000C5FE0322334629462046FFF7BFFE3946C0
:10F8E0002B462046FFF7BAFE02223146E1E7BDE88B
:10F8F000F081F8B50C460546FFF7BBFE261801223D
:10F9000031462846FFF79FFEC3070CD431462846F0
:10F91000FFF718FF21462846FFF7ABFE21462218C5
:10F920002846FFF786FF002221462846FFF78BFE78
:10F93000271A012239462846FFF785FE10EA0206FB
:10F9400013D139462846FFF7FDFE214632462846A8
:10F95000FFF779FE2246211A2846FFF76AFF214663
:10F9600032462846FFF76FFE241A21462846BDE896
:10F97000F840FFF77CBF38B571B105680022284612
:10F98000FFF799FE044601462846FFF778FE214618
:10F99000BDE83840FFF7ADBF38BD70B5056809B99F
:10F9A000002070BDAB6801F00704B3F5004F2CBF19
:10F9B0000822042207341444E40804EBD1049C42D6
:10F9C00028BF1C4628462146FFF7D3FE06460028DE
:10F9D000E6D001462846FFF74CFEA04209D9344440
:10F9E000314628462246FFF7FDFE21462846FFF70E
:10F9F0003EFF284601223146FFF741FEAB68B3F5D2
:10FA0000004F34BF0423082303EBC6031844C8E7A0
:10FA10001146FFF7C2BFB2F5802F2CBF0823042385
:10FA20002DE9F0410026D21A8C18CD1D25F00705CE
:10FA300024F00704641BE408056021462846AC60F6
:10FA4000EE60FFF742FE421D9200013002F107070F
:10FA50004FEAD7073146A2F1100205F11000B8BFF6
:10FA6000324601F071FD3A4631462846FFF71FFE47
:10FA70003346324631462846FFF7F0FDA4EB07082F
:10FA8000284631460122FFF7FAFD42463946FFF784
:10FA90000EFE3B46324639462846FFF7DFFD21463B
:10FAA0002846FFF704FE4346324621462846FFF724
:10FAB000D5FD214628460122FFF7E1FD3946BDE884
:10FAC000F041FFF7D4BE002070470FB407B504A97A
:10FAD00051F8040B0191F9F7D5F803B05DF804EB88
:10FAE00004B070470FB407B504A951F8040B019195
:10FAF000F9F7C8F803B05DF804EB04B07047038B66
:10FB000013F0070305D10368002B0CBF002003206E
:10FB10007047022B05D1408BB0FA80F0400980007D
:10FB20007047012B05D10368002B0CBF0020052076
:10FB300070470020704710B50C4600B111B96FF046
:10FB4000150010BD081D00F093F80028F9D1A36836
:10FB5000032BF6D9F3E72DE9F0410D460746194688
:10FB6000281D90461E4600F097F8044638B13346EB
:10FB7000424629463846A446BDE8F0416047BDE804
:10FB8000F08110B4EFF31182402484F31288BFF3A4
:10FB90006F8F416110BC0121F9F7A6B838B50C464A
:10FBA000054658B151B10B6843B14B6833B11C22C3
:10FBB000002101F0C9FC00202C6138BD6FF0150058
:10FBC000FBE770B505460E46FFF7B5FF041E14DBD4
:10FBD000EFF31182402383F31288BFF36F8F4FF648
:10FBE000FF716B8B2C8B8B4204F0070407D182F3DF
:10FBF0001188BFF36F8F6FF00A04204670BD022C8E
:10FC00000CD101336B8382F31188BFF36F8F002314
:10FC1000224631462846FFF79EFFEEE7062C14D811
:10FC2000DFE804F004131313041A04000023336004
:10FC30006B683BB9C5E90066ACB902212846F9F703
:10FC400053F8DAE71E606E60F6E782F31188BFF3BF
:10FC50006F8F6FF00404D0E782F31188BFF36F8FCA
:10FC60006FF08504C9E782F31188BFF36F8FC4E793
:10FC7000034640B1426802F00302022A06D0032A7A
:10FC800004D0012A05D06FF0150070471A68002AC9
:10FC9000F9D000209860704710B54268034602F022
:10FCA0000302022A4FF00004816007D0032A02D029
:10FCB0005C60002001E018685C6010BD18685C6042
:10FCC0000028F6D0FEF7A0FAF3E7704701F03CBC3D
:10FCD00001F02DBC01460068F9F750B908B5F9F7F5
:10FCE0007DF9BDE80840F9F79DB900210120F9F739
:10FCF00045B9D0F8A83083F30B8870476FF08500C2
:10FD0000704761B662B680F31188BFF36F8F70479A
:10FD100072B6002383F31188BFF36F8FBFF34F8F49
:10FD200030BF62B6BFF36F8F704772B6002383F3A4
:10FD30001188BFF36F8FBFF34F8F20BF80F31188FF
:10FD4000BFF36F8F62B6704740E800F313F4803F53
:10FD5000D8B208BF6FF01500704730B50C684B681B
:10FD600085B00A894D890094013B24F01F04234487
:10FD700002F01F0242EA451223F01F0369468DF884
:10FD800008200393F9F718FD05B030BD08B5F9F761
:10FD9000D3FE002008BD7047002303824369C3607F
:10FDA0007047416A8968F9F733BFEFF31182402346
:10FDB00083F31288BFF36F8F00230B60436833B95E
:10FDC000C0E9001182F31188BFF36F8F704719608B
:10FDD0004160F7E7034610B5EFF31181402282F34B
:10FDE0001288BFF36F8F006828B15C680268A04278
:10FDF0001A6008BF5A6081F31188BFF36F8F10BD7E
:10FE0000027A01320272704783680B4403607047C4
:10FE10008388026819448180D018704730B4848880
:10FE20000568A3188380281930BC01F080BB10B589
:10FE3000838802685C1C8480D154D01810BD0346AE
:10FE400000689A88401A11441860998070470268C7
:10FE5000531E036083880133838002F8011C7047BE
:10FE600003468288521A82800068084418607047EE
:10FE7000034600689A88521A01449A8019607047B4
:10FE800010B5036801211C78FFF7EAFF204610BD7A
:10FE900002688068101A7047012310B506210446D5
:10FEA00000F8013BFCF712FA18B9A37963F03F039D
:10FEB000A37110BD0B6803608B8883808B7983717D
:10FEC000037823F00203037070470078C0F340000A
:10FED000704738B50446807AF9F770FE61690546C7
:10FEE00049B1637ADB0704D4436A20461B689B68E8
:10FEF00098470023636121462846BDE8384000F05A
:10FF000030BEF7B504460E461746A388012B01D82C
:10FF100003B0F0BD2046FFF7B3FF05460028F7D039
:10FF2000A3888342F4D32046FFF7AAFF23688DF805
:10FF30000000013D394668468DF801500193B047F5
:10FF40000028E5D029462046FFF78AFFDDE7034673
:10FF500010B5D3E8EF0F40EA0102C3E8E42F002C0C
:10FF6000F7D110BD01210C30FFF782BF30B4044639
:10FF7000084602EBC3039A4201D130BC70471146D8
:10FF800011F8085BA54206D1018A53789942F4D34F
:10FF900030BC536818470A46EDE7D0E8EF3F0B4006
:10FFA000C0E8E23F002AF8D1704708B500200021E0
:10FFB000FAF7B4F918B1BDE80840FAF765B908BD19
:10FFC000072208B501F0C8FAB0FA80F0400908BD70
:10FFD00000280CBF08460020704707B580B90621ED
:10FFE0006846FCF773F940B99DF80530684603F0A0
:10FFF0003F038DF80530FAF781FC03B05DF804FB90
:020000021000EC
:100000006FF01500F9E70120704710B50C4631B1CB
:100010000020FFF7E2FF08B90123237010BD6FF045
:100020001500FBE7D0E8AF0F7047032808B501D0F3
:10003000FAF704FEBDE80840FAF714BE0C22036983
:10004000C9B201FB0233186C00F00700704770B5AD
:10005000C9B20369EFF31185402484F31288BFF31A
:100060006F8F0C2606FB0134246C14F0C00408D0FA
:10007000A24206D085F31188BFF36F8F4FF0FF3097
:1000800070BD012206FB01331A6485F31188BFF3AA
:100090006F8F436803EBC1035B6898470020EFE76D
:1000A0008022FFF7D4BFF8B5069F0469C9B2EFF309
:1000B0001186402585F31288BFF36F8F0C2505FB51
:1000C0000144256C05F0070CBCF1010F0CD127642D
:1000D00086F31188BFF36F8FC4E90E23436853F88A
:1000E000313098470020F8BD05F0C005AF4286F3D7
:1000F0001188BFF36F8F0CBF6FF077004FF0FF30A8
:10010000F1E713B580240094FFF7CDFF02B010BDD6
:1001100010B41C240069CBB203FB0400002110BC06
:1001200010471046FDF786B800F08FB9FCF754B9B8
:10013000022804D0042804D10020FBF76BB801206A
:10014000FBE7704740F272607047084608B51146F9
:10015000FEF7D8F8002818BF6FF0040008BD08B5F6
:10016000FEF72AF9002818BF6FF0040008BD4368A5
:1001700000205B68DB680B607047436802EA01009F
:100180005B6821EA0201586000209960704743686B
:1001900000205B6859607047436800205B68996085
:1001A000704743685A68136821EA03000B405060A7
:1001B00000209360704710B503695868F8B1884211
:1001C00019D19C680868A142586000D1986000204D
:1001D00008602AB15A680A609A68596002B9996041
:1001E000002010E0814206D10868206098688142B2
:1001F000EDD19C60EBE7044600680028F2D1002AAC
:10020000E8D16FF0150010BDFCF70EBB30B54368A8
:100210001360057A446804EBC504A34202D36FF06F
:10022000010030BD5C798C4201D00833F0E700203A
:10023000F7E743681B68D3F83031704743681B68A1
:10024000D3F88004C3F88004704742681368D3F879
:100250004C0150B10020926A12780A70C3F84C0128
:10026000D3F84C2101229A6270474FF0FF3070475B
:1002700013B501AA0446FFF7C9FF002805DB019B5F
:10028000226819791868FBF765FA02B010BD6FF0A3
:100290008500704738B5054600220121C620F9F7D0
:1002A000B3F9C620F9F78EF96C680121E068FFF711
:1002B000DFFF6B6819686369C1F82435E28BA38B93
:1002C000A07E1343228C1343628C1343627E9BB245
:1002D0000243207E02431343C1F86C3569680B6802
:1002E000D3F8002242F48022C3F800220822C3F887
:1002F00000254A6A0121C3F83C270022C3F84027A1
:100300001965D3F830110029FBD0C3F800256B68BC
:100310000021D868FFF7ACFF6D680021E8682C6801
:10032000FFF7A6FF0823C4F800352A7A52B9AB6A52
:10033000C4F804370123C4F80837C4F84C21D4F8B2
:100340004C21A362002038BD08B50220FAF7C4FF93
:10035000002008BD10B54FF0FF304FF0FF31FBF724
:10036000DDFB044628B9F0F715FA044618B1FBF78F
:10037000DDFB204610BDFBF7D9FB2046F9F77EFDDB
:10038000F7E7FBF793BC10B531220021044601F0DA
:10039000DBF86FF03F0363712823A3730223E37339
:1003A000172363760C23A3766FF03F03E37678235D
:1003B0002377802384F82330012384F8243080239A
:1003C00084F8263010BD08B5FDF7F6FF48B10023CC
:1003D00083F31188BFF36F8F0423184602DF6FF099
:1003E000040008BD08B54FF0FF314FF0FF30FBF7B8
:1003F00095FBF8F71FF8BDE80840FBF797BB684688
:1004000020F007018D4601B5F5F7D6FCBDE80140A7
:1004100085467047684620F007018D4601B5F4F720
:10042000BFFFBDE8014085467047684620F00701E0
:100430008D4601B5F4F7A6FFBDE80140854670473B
:1004400008B5F7F7F7FE002008BD7047012802D174
:100450000020F6F78FB970477047F5F785BF034660
:100460000020184700F06CBA024610B5116891B12F
:10047000B1FA81F3C3F11F000123834021EA030392
:10048000D2E8EF4F8C4204D1C2E8EC3FBCF1000F40
:10049000F6D1EBD110BD6FF00B00FBE710B5036890
:1004A000CB40DB0710D401238B40026843EA0201F2
:1004B000D0E8EF4F944204D1C0E8EC1FBCF1000F2C
:1004C000F6D1F2D1002010BD6FF01500FBE7F7B5B3
:1004D0001646DDE90847019001A81D46FCF754F8CF
:1004E000019BB6F1000C18BF4FF0010C00EB83002C
:1004F0000B1E18BF0123002D43EA4C0314BF4FF01D
:100500000C0C4FF0000C002C43EA0C0314BF4FF40A
:10051000706C4FF0000C002F43EA0C0314BF4FF433
:10052000403C4FF0000CD0F8802043EA0C0322EA54
:10053000030301B109780EB13678760019430DB185
:100540002D78AD0031430CB12478240229430FB13A
:100550003F783F040C433C43C0F8804003B0F0BDFB
:100560001FB50DF10F03019300238DF80F101A46EC
:1005700019460093FFF7ABFF05B05DF804FB10B51B
:1005800004460846FCF710F804EB4004A08AC0F3C8
:10059000401010BD10B504460846FCF705F804EB02
:1005A0004004A08AC0F3400010BD10B504460846C0
:1005B000FBF7FAFF04EB4004A08A400B10BD70B5B6
:1005C000044608461646FBF7EFFF083034F81030B3
:1005D0000D46DA0509D5C3F3432304EBC3023146C4
:1005E000284654F8333052689847A3682BB13146F7
:1005F0002846E268BDE87040184770BD10B5044653
:100600000846FBF7D1FF00B204EB4000838ADA050D
:100610001DD5C3F3432123F4F853838204F112025E
:1006200004F1580032F8023F13F4807F03D0C3F383
:10063000432399420BD08242F4D1002204EBC10340
:100640005A6004F16000BDE81040FFF727BF10BDFD
:10065000F0B50446002001270546844695420AD19C
:10066000D4F8443133B10023C4F84431D4F84431D0
:1006700040F40030F0BDEBB29B0003F580769B08A0
:1006800007FA03F3194208D054F806E0BEF1000F50
:1006900003D044F806C0A65918430135DEE738B543
:1006A00004460D46FFF76BFFB0B12046FFF772FF1F
:1006B00090B92046FFF779FF012322688340C2F8F2
:1006C0001833236800B203EB8003D3F8102522F01F
:1006D0000302C3F8102538BD2846BDE83840002184
:1006E000FFF73EBF2DE9F0431746044685B00846A4
:1006F000FBF75AFFD7F800800E460546B8F1000F09
:100700001FD02046FFF746FF18B12046FFF737FFFE
:1007100030BB00230DF10F02CDE900338DF80E3010
:100720008DF80F30304643460DF10E01FFF7CFFE36
:100730002AB204EB4202938A23F0020343F001033E
:1007400093827B68002B34D03146204693F800809A
:10075000D3F80490FFF71EFF28B1B9F1000F1FD0A6
:100760006FF0150028E028B204EB4000838A23F4E0
:10077000604323F020038382B9F1000F10D0B8F159
:10078000030FEDD87B6821685B6893F800C001EB2C
:100790008C01B8F1000F12D1C1F81085C1F8108595
:1007A0002AB204EB4202938A23F01C0343EA880333
:1007B0009382BB6853BB002005B0BDE8F083D1F83D
:1007C000102522F00302C1F81025226802EB8C03E9
:1007D000D3F8102522F4473222F47C72C3F8102596
:1007E00041F6F072D3F8101502EA061242EA084206
:1007F0000A43C3F8102504EB4C03A3F86460838A12
:1008000043EA4C3343F020038382C9E73146D3E9FE
:1008100000782046FFF7F2FE002FCCD063689F429D
:1008200006D004F16000FFF71FFE002804DAC3E7DA
:10083000A3689845F5D1002004EBC003C3E9017813
:100840002DB204EB4505AB8AC0B243EA402343F422
:100850008073AB82AFE7C0E90312704770B50446FE
:100860001546FFF78CFE48B10846FBF79DFE04EBEA
:1008700040040020A38A5B0B2B7070BD6FF0150045
:10088000FBE790F87400003818BF01207047FBF7B1
:10089000C1BE2DE9F34104461746FFF770FE0D4631
:1008A000266800B32046FFF775FE8046D8B920467B
:1008B000FFF77BFE05B2AD0005F5807246F80280B9
:1008C0002168B2582944D1F8102542F00102C1F83C
:1008D00010252FB10122216802FA00F3C1F8143368
:1008E00002B0BDE8F081D6F8143328469B035CBF04
:1008F0004FF40033C6F81433FBF756FE04EB400404
:10090000A38AC3F38203042B11D0052B11D001A8B5
:100910000195FBF739FE019BC168D94001F0010147
:100920000231284602B0BDE8F041FFF719BE0321AD
:10093000F7E70221F5E7FFF7B2BEC9B2FCF732BA1A
:1009400008B1F9F753BA704710B5436904463BB98B
:100950000020E2684042537843F00103537010BD19
:1009600098470028F4D00028B8BF4042FF28A8BF0D
:10097000FF20E3681870ECE740B1C368587810F0C6
:1009800001001EBF1878B0FA80F040097047EFF3FD
:100990001183402383F31288BFF36F8FFEE708B5FE
:1009A000FFF7F5FF10B400F10C04C0E9034410BCDC
:1009B000FFF731B838B50446EFF31185402383F3D0
:1009C0001288BFF36F8FFEF7D6FF04F10C0000F022
:1009D000D7F930B1294604F11400BDE83840FDF7DD
:1009E00035B885F31188BFF36F8F38BD402408B543
:1009F000EFF3118384F31288BFF36F8FFFF788F949
:100A0000F6E790F90E308B4201D0FCF7ADBF002025
:100A1000704703460020C3E90033C3E90200704772
:100A2000D0E9003213605A600023427BC0E90033F2
:100A300022F002024273836070472DE9F843914629
:100A400004460D469DF8202000F10807EFF31186BB
:100A5000402181F31288BFF36F8F02B14568D4F84B
:100A60000880474518D0B8F1000F15D04046FFF771
:100A7000D7FF08F1180000F0FFF900234046C8F83E
:100A8000C030C8F8109000F02CF938463146FCF719
:100A9000DDFF0020BDE8F883A3B10820FDF704FCCA
:100AA000002838D00122C0F804900260016801F0EB
:100AB00003015DB922680A430260626820606AB976
:100AC00060600BE04846C9F80030EFE72A68032A67
:100AD00016D80160616869B9C4E90000042104F115
:100AE000100000F080FA0028CFD186F31188BFF300
:100AF0006F8FCFE70A6802F0030202430A60DFE764
:100B000022F003020A4302602A6802F0030240EA6C
:100B100002032B60E2E76FF00B00E6E710B5044636
:100B200030B10268930703D0446809B100F07AFA43
:100B3000204610BD0023C0E9003300F10803C0E9DE
:100B4000023300F11003C0E904337047012307B5F5
:100B5000009300230A461946FFF76FFF03B05DF8C4
:100B600004FB002307B50A4600931946FFF765FF0B
:100B700003B05DF804FB00210068FFF7CFBF5AB156
:100B80008A4209D300F11003C0E90212C0E9000053
:100B9000C0E90433002070476FF01500704701234F
:100BA00002688B4022EA0303036022FA01F000F09E
:100BB0000100704720B10022D430114600F000B986
:100BC000704773B50446EFF31185402383F3128811
:100BD000BFF36F8F0023A0F11006032104380193A7
:100BE000FFF7DDFF28B1A369304601A90193FCF7A7
:100BF0003DFC85F31188BFF36F8F02B070BD38B52F
:100C000004460D461022002100F09EFC656038BDB0
:100C100013B501900846EFF31184402383F3128843
:100C2000BFF36F8F01A9FCF721FC84F31188BFF398
:100C30006F8F02B010BD10B5FFF7EAFF041E08DD8C
:100C4000EFF31180402383F31288BFF36F8FFCF71B
:100C50000FFF204610BD08B5E822002100F074FC0B
:100C600008BDEFF30580003818BF01207047D0E9B8
:100C7000003213605A600023C0E90033704708B5A2
:100C8000FFF7F5FF437B23F00203437300238360E8
:100C900008BD38B504460D46FCF7C4FD637B43F040
:100CA00002036373E5B1A5602B689D4209D16B68AF
:100CB000C4E900531C606C6012E06A689A42F6D086
:100CC0001B68002BF3D094F90E2093F90E108A4282
:100CD000F3D09142F1DD5A68C4E9003214605C60DF
:100CE00038BD10B5EFF31184402383F31288BFF3AE
:100CF0006F8FFCF755FD84F31188BFF36F8F10BD24
:100D000008B5EFF31181402282F31288BFF36F8F91
:100D100083680BB1FFF7B3FF81F31188BFF36F8FC7
:100D200008BD38B5EFF31184402383F31288BFF375
:100D30006F8F002390F87050427B80F870302DB197
:100D400021B184F31188BFF36F8F38BD12F0280FE3
:100D5000F7D183680BB1FFF792FF437B23F00403C5
:100D60004373FCF71DFDECE701211838FFF7D9BFED
:100D700010B5FFF7C5FFBDE81040183000F07CB893
:100D800038B5054604680020AC4200D138BD002CBF
:100D9000FCD02046FFF7ECFF2046FFF7A2FF2C68AF
:100DA0000120A542F1E708B5C3171F3043F1000346
:100DB000400940EAC360C117FCF702FF400108BDCB
:100DC00038B5EFF31185402383F31288BFF36F8F9B
:100DD0000468A04213D0A4B1C4F8C0102261204618
:100DE000FFF74DFF04F1180000F046F82046FCF72D
:100DF000D7FC012085F31188BFF36F8F38BD002029
:100E0000F8E72046F6E72DE9F04105460E4617467D
:100E1000EFF31188402383F31288BFF36F8F0468C8
:100E2000A0420FD1002088F31188BFF36F8FBDE877
:100E3000F08139462046B0470028F4D16B68A342C0
:100E4000F0D02468002CF4D1ECE708B50246FDF799
:100E5000A7F870B1D0E904319B1A61EBE272B3F1EB
:100E6000004F72F1000104DA002AACBF18460020DE
:100E700008BD6FF00040FBE7024638B5EFF311857F
:100E8000402383F31288BFF36F8F0368CBB1FDF764
:100E900087F804461046FDF795F800224FF000430E
:100EA0008442C0E9042306D1FDF782F8FFF7CDFFA5
:100EB0000021FAF7E3FD002085F31188BFF36F8F5F
:100EC00038BD6FF01500F7E708B5FDF785F908BDE7
:100ED000FDF782B9B3F1FF3F08BFB2F1FF3F70B534
:100EE00006461D46144614D01A4316D0002B08DBC4
:100EF000FDF772F9041941EB0501C6E900413046DE
:100F000070BD6FF001031C1B4FF0FF3363EB050155
:100F1000F3E74FF0FF342146EFE70024FBE7B3F19E
:100F2000FF3F08BFB2F1FF3FF8B5074616461C4623
:100F300010D054EA020311D0FDF74EF9B0420A4630
:100F4000A14103460AD2F31A64EB0204C7E9003454
:100F50003846F8BD4FF0FF331C46F7E70023FBE7A8
:100F60002DE9F041846805460E46D4B16378012B23
:100F700022D114F8533C9A0711D5A4F160073846E2
:100F8000FFF7F6FE082E0CBF6FF003030023236665
:100F900014F8533CDB0602D13846FFF7A2FE0023CB
:100FA00023700020EB68A860C3F38632164366F313
:100FB0009433EB60BDE8F081022BF0D12378002B55
:100FC000EDD054F8048CB8F1000FE8D004F114000F
:100FD000FFF752FF0023A4F1140739464046E362AD
:100FE000FFF716FEDBE738B5EFF31185402383F3F7
:100FF0001288BFF36F8F0468A04211D0D4E9003289
:1010000013605A6000232046C4E90033FFF7A8FFAD
:1010100085F31188BFF36F8F201E18BF012038BDE4
:101020000024F5E720B1011F50F8040CFFF7C2BC03
:10103000704710B50446406A10B1A16A00F02EF85E
:101040000020C4E9090010BD38B50546FFF7F1FFDF
:101050002B7F0446012B0ED0023B012B0ED82B6AAE
:10106000012B18BF6FF096042C220021284600F0B7
:101070006BFA204638BD2B6A002BF2E76FF096041E
:10108000F2E7FDF7A5BA70470020FDF715BB002079
:10109000FDF74CBB002000F0CCB8704710B50446FB
:1010A00008B1FDF733FA2046BDE81040FDF728BA35
:1010B0000A2840DCC31C22DA10F1400F47D010F19F
:1010C0003F0F2BDA10F1410F44D010F1550F44D0EF
:1010D00010F1490F08BF6FF0840018BF6FF0860051
:1010E000704709282AD8DFE800F0052929081629C1
:1010F0003829292F6FF09800704700207047C31CD3
:101100000D2B1BD8DFE803F0072F1A1C1A1A1A1A26
:101110001A1A1D1A1A1D6FF08500704710F1210F61
:101120001ED00BDB10F1200F1DD010F1100F08BFE7
:101130006FF09400D1E764380928D2D96FF08600A7
:1011400070476FF0940070476FF08C0070476FF03D
:10115000840070476FF0890070476FF0930070470C
:101160006FF0880070476FF09200704710B501383B
:101170000A44914200D110BD10F8013F11F8014B13
:1011800063400370F5E70144814200D1704711F8D4
:10119000013D1A440A70120AF6E710B58B4294BF5B
:1011A000C4184418A04200D110BD00F8012BF9E783
:1011B00000231A4682B001908B4201D102B07047E1
:1011C0000198C2540133F7E70368D90444BF43F4DC
:1011D0008063036003689A0444BF43F400630360C0
:1011E0007047F7B506460D46202D2F46A8BF20278D
:1011F00000216846FDF7AAFD044670B93A4631461B
:101200006846FDF7F5FD10F1520F044608D0431C67
:10121000F4D0684600F0C1F834B1204603B0F0BD08
:10122000684600F0BAF8E3E7EC1B3E44F5D02546EB
:10123000DAE70020704707B501A9FDF781FB003808
:1012400018BF012003B05DF804FBCA0448BF41F495
:1012500080618B0448BF41F400618160704730B504
:1012600089B0054618220C4601A8002100F06CF94F
:10127000012344EA052401A9BA2007940593FDF748
:1012800019FB002818BF6FF0920009B030BDF7B508
:10129000BA2001A9FDF754FB044610B1002003B0A9
:1012A000F0BD019D2F0AEDB2AC4205D1BA20FDF789
:1012B0002DFB0028F2D008E0E6193046FDF726FBAA
:1012C00030B13046FFF7B7FF10B96FF09200E6E794
:1012D0000134E9E708B5F820FFF7ADFF18B9F920A8
:1012E000FFF7A9FF10B16FF0920008BDF820FDF7DD
:1012F000FFFA0028F7D1F920FDF7FAFA0028F4D018
:10130000F1E738B5BFF35F8F4FF0A344E569BFF352
:101310005F8FBFF35F8F10236363BFF35F8F012085
:1013200000F092F8BFF35F8F00236363BFF35F8F1A
:10133000BFF35F8FE36BBFF35F8F5B06F8D425B11C
:10134000BFF35F8FE561BFF35F8F38BD08B5FDF771
:1013500043FE30B9BFF35F8F4FF0A343986ABFF3EA
:101360005F8FBFF35F8F4FF0A342D36BBFF35F8FED
:1013700010F0240F03F0230304D0FFF7C2FF6FF037
:101380001F0008BD4FF0FF30002BFAD1BFF35F8F75
:101390001063BFF35F8F1846F3E710B50378044678
:1013A0001BB1FDF7DFF800232370002010BD0222DF
:1013B00003689A607047C0F30B03482B4B6028BF4B
:1013C000482310F4003F8B6008BF0023CB6010F46B
:1013D000803308BFC1E9013300F47003B3F5700F27
:1013E00014BF00238B6800284FF0010C4FF0080257
:1013F0008B60B8BF0023C1E905C2B8BFC1E905339E
:101400007047FBF795BE4FF0FF324FF0FF33FBF70D
:1014100017BE4FF0FF324FF0FF33FBF711BEFBF763
:1014200087BE00F074B807B54FF0FF334FF0FF32BE
:10143000CDE90023002200F077F803B05DF804FB4B
:1014400000F06EB800F068B8FFF7ADBC2DE9F347C7
:101450000446DDE90A9815460E4659B302F0010A22
:10146000FCF73CFC0746EFF31181402383F312881D
:10147000BFF36F8FA80744BF0023A360A36803EAEC
:101480000600BAF1000F0CD086420CD16A0744BFA7
:101490008343A36081F31188BFF36F8F02B0BDE86F
:1014A000F0870028F2D159EA080305D181F31188A9
:1014B000BFF36F8F0020F1E7C7E91A652246CDE937
:1014C000009804F10C00FCF72DFA0028F2D1B86E58
:1014D000E4E710B54B68D0E91A4212F0010F03EAB5
:1014E000040301D09C4210D17BB18366520744BFF4
:1014F0008A681A430B6848BF8A6043660123086004
:1015000080F870301830FFF7B7FC002010BD0023C2
:10151000C0E90000836070474FF0FF32FDF7A8BDBF
:101520000A460021FDF7A4BD5200FFF78FBF0A4411
:10153000431E914200D1704710B511F8014B914202
:1015400003F8014FF9D110BD02440346934200D184
:10155000704703F8011BF9E70139024410B59042C6
:1015600001D1002005E0037811F8014FA34201D01A
:10157000181B10BD0130F2E710B50139044632B135
:1015800011F8013F013A00F8013B002BF7D100218F
:10159000FFF7DAFF204610BD0246014410B58A422B
:1015A000134603D01C780132002CF8D1181A10BD54
:1015B000F0B5C3F13707044603F01F031046FFB22E
:1015C000082BE6B232D0102B3DD06508A40845EABE
:1015D000C17544EA81748A082D1942EB5102290928
:1015E00041EA02716D1842EB1212290A41EA0261C6
:1015F0006D1842EB1222290C41EA02416D1842EBB0
:101600001242AD1842F10002EC0844EA4274D108DB
:1016100004EB8402A6EB4205EDB2092D0CD901348E
:10162000A5F10A0541F10001EDB212E0E40806F06F
:10163000070544EA4174C908303554EA010200F84C
:10164000015BBDD1F0BD240906F00F0544EA017429
:101650000909092D84BFED19EDB2EDE7D1E9043296
:1016600093421EBF5A1C0A611870704701480068F7
:08167000704700005C2100201E
:08167800C06EFF7F01000000BD
:10168000CDB9000000000000499D000000000000EE
:1016900000000000101701001DD000000000000035
:1016A000000000005017010000000000301701008A
:1016B00000000000701701003DC3000000000000A2
:1016C000410401000000000000000000901701002C
:1016D00000000000B0170100CDB3000000000000C2
:1016E0004903010000000000619B000000000000B1
:1016F00000000000D0170100098A0000000000006F
:10170000F5D2000000000000C70301000000000047
:101710005C2F0100EC24010094200100E004002073
:10172000FC2100204DB1000000000000000000007E
:10173000712F01000825010070200100E404002041
:1017400050220020F1B50000000000000000000061
:101750007D2F01001C25010070200100E6040020FF
:101760005C220020F1B50000000000000000000035
:10177000882F01003025010070200100E8040020BE
:1017800068220020F1B50000000000000000000009
:10179000692F01000000000068200100E204002021
:1017A000000000005F0101000000000000000000D8
:1017B0009C2F010050250100B0200100EA04002008
:1017C00074220020950201008F0201000000000039
:1017D000CD2F010000000000B8250100EC0400201E
:1017E0008022002005BC0000000000000000000076
:1017F00000000000EBFC000000000000EBFC00001B
:1018000000000000EBFC000000000000EBFC00000A
:1018100000000000EBFC000000000000EBFC0000FA
:1018200000000000EBFC000000000000EBFC0000EA
:1018300000000000EBFC000000000000EBFC0000DA
:1018400000000000EBFC000000000000EBFC0000CA
:1018500000000000EBFC000000000000EBFC0000BA
:1018600000000000EBFC000000000000EBFC0000AA
:1018700000000000EBFC000000000000EBFC00009A
:1018800000000000EBFC000000000000EBFC00008A
:1018900000000000EBFC000000000000EBFC00007A
:1018A00000000000EBFC000000000000EBFC00006A
:1018B00000000000EBFC000000000000EBFC00005A
:1018C00000000000EBFC000000000000EBFC00004A
:1018D0000000000095C3000000000000EBFC0000C9
:1018E00000000000EBFC000000000000EBFC00002A
:1018F00000000000EBFC000000000000EBFC00001A
:1019000000000000EBFC000000000000EBFC000009
:1019100000000000EBFC000000000000EBFC0000F9
:1019200000000000EBFC000000000000EBFC0000E9
:1019300000000000EBFC000000000000EBFC0000D9
:1019400000000000EBFC000000000000EBFC0000C9
:1019500000000000EBFC000000000000EBFC0000B9
:1019600000000000EBFC000000000000EBFC0000A9
:1019700000000000EBFC000000000000EBFC000099
:1019800000000000EBFC000000000000EBFC000089
:1019900000000000EBFC000000000000EBFC000079
:1019A00000000000EBFC000000000000EBFC000069
:1019B00000000000EBFC000000000000EBFC000059
:1019C00000000000EBFC000000000000EBFC000049
:1019D00000000000EBFC000000000000EBFC000039
:1019E00000000000EBFC000000000000EBFC000029
:1019F00000000000EBFC000000000000EBFC000019
:101A000000000000EBFC000000000000EBFC000008
:101A100000000000EBFC000000000000EBFC0000F8
:101A200000000000EBFC000000000000EBFC0000E8
:101A30000000000049EF000000000000EBFC000087
:101A400000000000EBFC000000000000EBFC0000C8
:101A500000000000EBFC000000000000EBFC0000B8
:101A600000000000EBFC000000000000EBFC0000A8
:101A700000000000EBFC000000000000EBFC000098
:101A800000000000EBFC000000000000EBFC000088
:101A900000000000EBFC000000000000EBFC000078
:101AA00000000000EBFC000000000000EBFC000068
:101AB00000000000EBFC000000000000EBFC000058
:101AC00000000000EBFC000000000000EBFC000048
:101AD00000000000EBFC000000000000EBFC000038
:101AE00000000000EBFC000000000000EBFC000028
:101AF00000000000EBFC000000000000EBFC000018
:101B000000000000EBFC000000000000EBFC000007
:101B100000000000EBFC000000000000EBFC0000F7
:101B200000000000EBFC000000000000EBFC0000E7
:101B300000000000EBFC000000000000EBFC0000D7
:101B400000000000EBFC000000000000EBFC0000C7
:101B500000000000EBFC000000000000EBFC0000B7
:101B600000000000EBFC000000000000EBFC0000A7
:101B700000000000EBFC000000000000EBFC000097
:101B800000000000EBFC000000000000EBFC000087
:101B900000000000EBFC000000000000EBFC000077
:101BA00000000000EBFC000000000000EBFC000067
:101BB00000000000EBFC000000000000EBFC000057
:101BC00000000000EBFC000000000000EBFC000047
:101BD00000000000EBFC000000000000EBFC000037
:101BE00000000000EBFC000000000000EBFC000027
:101BF00000000000EBFC000000000000EBFC000017
:101C000000000000EBFC000000000000EBFC000006
:101C100000000000EBFC000000000000EBFC0000F6
:101C200000000000EBFC000000000000EBFC0000E6
:101C300000000000EBFC000000000000EBFC0000D6
:101C400000000000EBFC000000000000EBFC0000C6
:101C500000000000EBFC000000000000EBFC0000B6
:101C600000000000EBFC000000000000EBFC0000A6
:101C700000000000EBFC000000000000EBFC000096
:101C800000000000EBFC000000000000EBFC000086
:101C900000000000EBFC000000000000EBFC000076
:101CA00000000000EBFC000000000000EBFC000066
:101CB00000000000EBFC000000000000EBFC000056
:101CC00000000000EBFC000000000000EBFC000046
:101CD00000000000EBFC000000000000EBFC000036
:101CE00000000000EBFC000000000000EBFC000026
:101CF00000000000EBFC000000000000EBFC000016
:101D000000000000EBFC000000000000EBFC000005
:101D100000000000EBFC000000000000EBFC0000F5
:101D200000000000EBFC000000000000EBFC0000E5
:101D300000000000EBFC000000000000EBFC0000D5
:101D400000000000EBFC000000000000EBFC0000C5
:101D500000000000EBFC000000000000EBFC0000B5
:101D600000000000EBFC000000000000EBFC0000A5
:101D700000000000EBFC000000000000EBFC000095
:101D800000000000EBFC000000000000EBFC000085
:101D900000000000EBFC000000000000EBFC000075
:101DA00000000000EBFC000000000000EBFC000065
:101DB00000000000EBFC000000000000EBFC000055
:101DC00000000000EBFC000000000000EBFC000045
:101DD00000000000EBFC000000000000EBFC000035
:101DE00000000000EBFC000000000000EBFC000025
:101DF00000000000EBFC000000000000EBFC000015
:101E000000000000EBFC000000000000EBFC000004
:101E100000000000EBFC000000000000EBFC0000F4
:101E2000B01701003302010000000000EBFC0000CD
:101E300000000000EBFC000000000000EBFC0000D4
:101E400000000000EBFC000000000000EBFC0000C4
:101E500000000000EBFC000000000000EBFC0000B4
:101E600000000000EBFC000000000000EBFC0000A4
:101E700000000000EBFC000000000000EBFC000094
:101E800000000000EBFC000000000000EBFC000084
:101E900000000000EBFC000000000000EBFC000074
:101EA00000000000EBFC000000000000EBFC000064
:101EB00000000000EBFC000000000000EBFC000054
:101EC00000000000EBFC0000FC0300200902010000
:101ED00000000000EBFC000000000000EBFC000034
:101EE00000000000EBFC000000000000EBFC000024
:101EF00000000000EBFC000000000000EBFC000014
:101F000000000000EBFC000000000000EBFC000003
:101F1000F5CC00005F04010000000000EBFC0000B5
:101F200000000000EBFC000000000000EBFC0000E3
:101F300000000000EBFC000000000000EBFC0000D3
:101F400000000000EBFC000000000000EBFC0000C3
:101F500000000000EBFC000000000000EBFC0000B3
:101F600000000000EBFC000000000000EBFC0000A3
:101F700000000000EBFC000000000000EBFC000093
:101F800000000000EBFC000000000000EBFC000083
:101F900000000000EBFC000000000000EBFC000073
:101FA00000000000EBFC000000000000EBFC000063
:101FB00000000000EBFC000000000000EBFC000053
:101FC00000000000EBFC000000000000EBFC000043
:101FD00000000000EBFC000000000000EBFC000033
:101FE00000000000EBFC000000000000EBFC000023
:101FF00000000000EBFC000000000000EBFC000013
:1020000000000000EBFC000000000000EBFC000002
:1020100000000000EBFC00005B0401005F04010015
:1020200000000000EBFC000000000000EBFC0000E2
:1020300000000000EBFC000000000000EBFC0000D2
:1020400000000000EBFC000000000000EBFC0000C2
:1020500000000000EBFC00008403002009020100E6
:0820600000000000EBFC000091
:082068004B0101000000000023
:102070001DB400006F0101007B0101008F01010010
:1020800099010100A301010039B60000B701010068
:04209000000000004C
:10209400A5B10000A100010003010100000000003F
:0C20A4003D0001000000000000000000F2
:0C20B0004B020100D5B800003D02010009
:1020BC00040000000F0000000100000008000000F8
:1020CC002000000074000000840000000D000000DF
:1020DC000C0000000E000000500000008800000002
:1020EC00BC000000FFFFFFFFFFFFFFFFFFFFFFFF34
:0420FC00FFFFFFFFE4
:1021000000A0105000820D50000405500500000092
:1021100004000000010000000101000207000000AF
:1021200001000000102700001027000001000B0034
:1021300002000A00050009000A0008001400070058
:102140001E000600320005004B000400640003007E
:1021500096000200FA000100F401000002030100F1
:10216000F401FA00960064004B0032001E001400D7
:102170000A000500020001000C0802170D0101020F
:1021800009090101060209181803010109090303DD
:1021900005030201230202240910040405050B0BA8
:1021A000040B2B1B1B151A1A1C021D1613050149C3
:1021B0000D150508061B1B0F1D1D0A060601010053
:1021C00000FEFEFEFEFEFEFEFEFEFEFEFEFEFEFE2D
:1021D000FEFE16FEFEFEFEFEFEFEFEFEFEFE1F1FC5
:1021E000FEFE26FEFEFEFEFEFEFEFEFEFEFEFEFEE7
:1021F000FEFEFEFEFE3E3EFEFEFEFE3B3B2526278D
:10220000B80D00200200000B6A0000200200000B45
:10221000C40D00200200000C2A0E00200200000B5A
:102220002A0E00200100000C280E00200100000CE6
:102230000100000007000000000000000000000096
:10224000000000000406080A0C0E10121416181CD8
:102250001E20222426282A2C2E30323436383A3CAE
:102260003E40424446484A4C4E021A50000000008C
:10227000280000001800000000000000F02300000B
:10228000241300000000000040060000400600008B
:10229000000098086B03000000000000F02300001D
:1022A000241300000000000048A3000014A0000058
:1022B000000040060C0300010302000000000000C3
:1022C00000000101010101010101010101010202FE
:1022D00002020202030304040505060607070808B4
:1022E000090A0B0C0D0E0F101112131415161718E6
:1022F000191A1B0010010000D2000000300100007C
:10230000D800000001000000E4000000020000000E
:10231000EA00000002000000EC00000003000000E2
:10232000EE00000004000000F000000005000000C6
:10233000F200000006000000F400000007000000AA
:10234000F600000008000000F7000000090000008F
:10235000F80000000A000000F90000000B00000077
:10236000FA0000000D000000FB0000000F0000005C
:10237000FC00000011000000FD0000001300000040
:10238000FE00000015000000FF0000001800000023
:10239000000000001B000000010000001F00000002
:1023A00002000000230000000300000028000000DD
:1023B000040000002D0000000500000033000000B4
:1023C0000600000039000000070000003F00000088
:1023D0000800000000100200FA00000000010008E0
:1023E00012000000000000000000000000000000DB
:1023F0000338FDD870470000000000000000000016
:102400000338FDD8704700004A2901004F29010018
:102410005B29010056290100400000200000000057
:1024200006000100020000002C2401000000000052
:10243000FA2D010006000000E04F16000000002009
:10244000022E010021000000E0EF0220ED9B0000C1
:102450000000000097FD00004C24010068240100EA
:102460004700000000000000005700204C2401003D
:102470007C2401002E00000000000000E05A002033
:102480004C24010090240100020100000000000023
:10249000B45B00200E03000061A800000F040000E0
:1024A0009DA800003E010000099F0000FF01000000
:1024B000C99E00003E010000E99E000010010000DE
:1024C00065FF00000201000075AE00004C24010011
:1024D000DC2401004700000000000000D05C002068
:1024E00009B10000D9B000000000000061B2000096
:1024F000E1B100002D0101002901010000A01050F0
:1025000000820D50000405501F00000000A0105074
:10251000840300200000000000000000FFFF000016
:1025200000820D50FC0300200000000001000000AC
:10253000FF0700000004055000000000000000003C
:102540000200000000A0105000820D500004055051
:1025500000600C5000000000000000007C2501001D
:1025600000C201000000D601000000000000004091
:10257000000000002A2900202929002000600C50BA
:102580008825010002000000A825010004000000C9
:10259000982501000401000024800000258000012E
:1025A000268000022780000324000000260000028D
:1025B00025060001270600037DBB0000550301002E
:1025C000B5BD000000A0105000820D500004055061
:1025D00008000000020000000400000001000000EC
:1025E0008016010088160100E0160100E8160100BF
:1025F0001017010010170100143001000001000045
:1026000000000000000100000002000000140000B3
:10261000002800000040000001000000020000004F
:102620007075626C69630072616E646F6D007075C5
:10263000626C69632D69640072616E646F6D2D69EF
:10264000640030782530327800253032583A253011
:1026500032583A253032583A253032583A253032FD
:10266000583A25303258202825732900756E6B6E34
:102670006F776E004169724775617264206E5246D1
:1026800035344C313520444B207374617274696E5B
:10269000670A00496E697469616C697A696E6720BE
:1026A000426C7565746F6F746820737562737973AB
:1026B00074656D2E2E2E0A00426C7565746F6F74F2
:1026C0006820696E6974206661696C65643A2025CA
:1026D000640A00426C7565746F6F7468207265617E
:1026E00064792E205363616E6E696E67206576652E
:1026F0007279202575207365636F6E64732E0A00EE
:102700000A5374617274696E67204169725461671B
:10271000207363616E2025752E2E2E0A0046616996
:102720006C656420746F20737461727420424C4530
:10273000207363616E3A2025640A004661696C6506
:102740006420746F2073746F7020424C4520736353
:10275000616E20636C65616E6C793A2025640A00B5
:102760000A3D3D3D3D3D3D3D3D3D3D20416972477A
:1027700075617264206E524635344C313520444BBD
:10278000207265706F7274202575203D3D3D3D3D82
:102790003D3D3D3D3D0A005363616E2077696E64A7
:1027A0006F773A202575207365636F6E64732C20F4
:1027B0007363616E20706572696F643A20257520BD
:1027C0007365636F6E64730A004170706C652041BD
:1027D00069725461672D636C6173732064657669F7
:1027E000636573206E65617262793A2025750A000F
:1027F0004E6F204169725461672D636C6173732061
:102800006164766572746973656D656E7473207743
:1028100065726520646574656374656420696E2003
:1028200074686973207363616E2E0A002D20494419
:102830002F616464726573733A202573207C205283
:102840005353493A2025642064426D207C20626104
:1028500074746572793A202573207C207265706FDC
:102860007274733A202575207C206F6273657276CE
:1028700065643A202575206D696E207C2073746133
:102880007475733A203078253032780A000A41692D
:1028900072546167732074686174206D617920627D
:1028A0006520666F6C6C6F77696E6720796F753A1B
:1028B0000A004E6F6E65206261736564206F6E2042
:1028C0007468652072657065617465642D707265E9
:1028D00073656E6365206865757269737469632ECC
:1028E0000A002D2025732068617320617070656176
:1028F00072656420696E202575207265706F727430
:1029000073206F766572202575206D696E7574650C
:10291000732E0A003D3D3D3D3D3D3D3D3D3D3D3D30
:102920003D3D3D3D3D3D3D3D3D3D3D3D3D3D3D3DD7
:102930003D3D3D3D3D3D3D3D3D3D3D3D3D3D3D3DC7
:102940003D3D3D3D3D3D3D3D0A0066756C6C006D75
:10295000656469756D0076657279206C6F77002A01
:102960002A2A20426F6F74696E67206E5246204398
:102970006F6E6E6563742053444B2076332E322E77
:10298000312D643838383766366633326466202A2B
:102990002A2A0A002A2A2A205573696E67205A6556
:1029A00070687972204F532076342E322E39392DAB
:1029B000656337383130346631353639202A2A2A72
:1029C0000A0072302F61313A202030782530387873
:1029D000202072312F61323A20203078253038782B
:1029E000202072322F61333A202030782530387819
:1029F0000A0072332F61343A20203078253038783D
:102A0000207231322F69703A2020307825303878A2
:102A1000207231342F6C723A20203078253038788B
:102A20000A0020787073723A202030782530387888
:102A30000A004661756C74696E6720696E73747202
:102A4000756374696F6E20616464726573732028A6
:102A50007231352F7063293A203078253038780A62
:102A600000556E68616E646C6564204952516E3A1F
:102A70002025640A002A2A2A2A2A2055534147453C
:102A8000204641554C54202A2A2A2A2A0A0020206E
:102A90004469766973696F6E206279207A65726F16
:102AA0000A002020556E616C69676E6564206D6553
:102AB0006D6F7279206163636573730A0020205320
:102AC0007461636B206F766572666C6F7720286324
:102AD0006F6E746578742061726561206E6F74200A
:102AE00076616C6964290A0020204E6F20636F7044
:102AF000726F636573736F7220696E73747275633E
:102B000074696F6E730A002020496C6C6567616C94
:102B1000206C6F6164206F66204558435F524554B6
:102B200055524E20696E746F2050430A0020204990
:102B30006C6C6567616C20757365206F66207468C6
:102B40006520455053520A002020417474656D7011
:102B50007420746F206578656375746520756E6484
:102B60006566696E656420696E73747275637469F5
:102B70006F6E0A002A2A2A2A2A20425553204641EB
:102B8000554C54202A2A2A2A2A0A002020537461EC
:102B9000636B696E67206572726F720A0020205540
:102BA0006E737461636B696E67206572726F720A0F
:102BB0000020205072656369736520646174612030
:102BC000627573206572726F720A0020204246415E
:102BD0005220416464726573733A20307825780A14
:102BE000002020496D7072656369736520646174AB
:102BF0006120627573206572726F720A002020492D
:102C00006E737472756374696F6E2062757320657C
:102C100072726F720A002020466C6F6174696E6771
:102C20002D706F696E74206C617A79207374617491
:102C30006520707265736572766174696F6E206568
:102C400072726F720A002A2A2A2A2A204D505520B1
:102C50004641554C54202A2A2A2A2A0A0020205369
:102C60007461636B696E67206572726F722028638E
:102C70006F6E746578742061726561206D69676834
:102C800074206265206E6F742076616C6964290A15
:102C90000020204461746120416363657373205692
:102CA000696F6C6174696F6E0A0020204D4D46415A
:102CB0005220416464726573733A20307825780A33
:102CC000002020496E737472756374696F6E2041C1
:102CD00063636573732056696F6C6174696F6E0A04
:102CE000005265736572766564204578636570741B
:102CF000696F6E20280053707572696F7573206953
:102D00006E74657272757074202849525120005398
:102D10005053454C20696E20746872656164206D63
:102D20006F646520646F6573206E6F7420696E64D4
:102D30006963617465205053500A002A2A2A2A2A9E
:102D40002048415244204641554C54202A2A2A2AE0
:102D50002A0A002020427573206661756C74206F0A
:102D60006E20766563746F72207461626C65207288
:102D70006561640A00202044656275672065766598
:102D80006E740A0020204661756C7420657363615F
:102D90006C6174696F6E20287365652062656C6F65
:102DA00077290A00415243485F4558434550542013
:102DB0007769746820726561736F6E2025780A0ADE
:102DC000002A2A2A2A2A204465627567206D6F6EC0
:102DD00069746F7220657863657074696F6E202AFC
:102DE0002A2A2A2A0A002A2A2A2A2A202573202562
:102DF0006429202A2A2A2A2A0A00464C4153485F7D
:102E000030005352414D5F300000000000000000D0
:102E1000FFFFFFFFFFFF00000000000001040002B1
:102E2000000000020000000000000005000000009B
:102E3000000000000000000000000005574553544A
:102E40005F544F504449522F7A65706879722F73DE
:102E500075627379732F626C7565746F6F74682F08
:102E6000686F73742F6863695F636F72652E6300A8
:102E70006576745F666C6167732026202831554C37
:102E8000203C3C20283029290041535345525449C5
:102E90004F4E204641494C205B25735D2040202544
:102EA000733A25640A0062745F6863695F657674CB
:102EB0005F6765745F666C616773286864722D3E36
:102EC000657674292026202831554C203C3C20284A
:102ED0003129290062756600737563636573730039
:102EE00009636F6D6D616E64206F70636F64652040
:102EF0003078253034782074696D656F75740A00F8
:102F0000657272203D3D20300009436F6E74726F10
:102F10006C6C657220756E726573706F6E73697616
:102F2000652C20636F6D6D616E64206F70636F64DC
:102F300065203078253034782074696D656F75743C
:102F40002077697468206572722025640A004254F3
:102F500020525820575100030502000A636C6F632A
:102F60006B40313065303030007073612D726E67A8
:102F7000006770696F4031306130303000677069D0
:102F80006F406438323030006770696F40353034DC
:102F900030300000010405020608090F75617274E3
:102FA00040633630303000536F6674446576696331
:102FB0006520436F6E74726F6C6C65722041535361
:102FC0004552543A2025732C2025640A0062745F10
:102FD0006863695F736463004D50534C20415353E1
:102FE0004552543A2025732C2025640A004D505335
:102FF0004C20576F726B00000718232323232323D1
:103000002323232323232300010269646C65006DBD
:1030100061696E00737973776F726B71009B8FAC0F
:10302000C31D42AE44FACD1FC348A0B42FCF29EE32
:103030003D00FFFFFFFF1F00647261676F6F6E2F1F
:103040006C6962732F73636865642F7372632F7387
:10305000636865645F68616C5F74696D65725F6702
:103060007274632E6300286E756C6C29002A666C7E
:083070006F61742A00000000EA
:10307800FFFFFFFFFF1F00001F000000000000000F
:103088001D40000000000000FFFFFFFF1FFF0000C1
:10309800BAABBABA101010107F000100000000008F
:1030A8000050085000000000000000000C00000064
:1030B80000FF7F000000000000000000757800009D
:1030C800000000005F780000000000000000000021
:1030D80000000000A11E00003D1D0000191F000097
:1030E800317B0000F91C00001B7B0000097B0000FD
:1030F800C91C0000F91E0000937A0000611F00003F
:10310800937A0000937A0000937A0000937A000083
:10311800937A0000A9220000937A0000937A0000B5
:10312800937A0000E1220000151E0000437B000096
:10313800357B000029200000B4000020B8000020E2
:10314800C0000020F4000020FC0000202001002026
:1031580063820000698200006B8200009182000097
:103168006F8200009B82000075820000A58200002B
:103178007B820000B1820000878200008B82000001
:103188007D82000083820000A1820000AB820000E3
:103198006801002001FF0000198500002585000056
:1031A80029850000318500003585000000000000F9
:1031B8000000000000000000000000000000000007
:1031C80000000000000000000000000000000000F7
:1031D80000000000000000000000000000000000E7
:1031E80000000000000000000000000000000000D7
:1031F80000000000000000000000000000000000C7
:1032080000000000000000000000000000000000B6
:1032180000000000000000000000000000000000A6
:103228000000000000000000000000000000000096
:103238000000000000000000000000000000000086
:103248000000000000000000000000000000000076
:103258000000000000000000000000000000000066
:103268000000000000000000000000000000000056
:1032780000000000000000003DA800000000000061
:103288000000000000000000000000000000000036
:103298000000000000000000000000000000000026
:1032A8000000000000000000000000000000000016
:1032B8000000000000000000000000000000000006
:1032C80000000000000000000000000000000000F6
:1032D800000000000000000000000000D0170100FE
:1032E80000000000898A00000000000000010000C2
:1032F80000000000000000000000000000000000C6
:1033080000000000000000000000000000000000B5
:10331800000000006700000000000000000000003E
:103328000000000000000000000000000000000095
:103338000000000000000000000000000000000085
:103348000000000000000000000000000000000075
:103358000000000000000000000000000000000065
:103368000000000000000000000000000000000055
:103378000000000000000000000000000000000045
:103388000000000000000000000000000000000035
:103398000000000000000000000000000000000025
:1033A800C7FA0000000000008DFD000000000000CA
:1033B8000000000000C010500000000000000000E5
:1033C80000000000000000000000000000000000F5
:1033D80000000000000000000000000000000000E5
:1033E80000000000000000000000000000000000D5
:1033F80000000000000000000000000000000000C5
:1034080000000000000000000000000000000000B4
:1034180000000000000000000000000000000000A4
:1034280000000000000000000001000000A00D5096
:103438000000000000000000000000000000000084
:103448000000000000000000000000000000000074
:103458000000000000000000000000000000000064
:103468000000000000000000000000000000000054
:103478000000000000000000000000000000000044
:103488000000000000000000000000000000000034
:103498000000000000000000000000000000000024
:1034A8000000000000000000ABFF0000000000006A
:1034B800000000000000000055A10000000000000E
:1034C8000000000089B9000000000000FF000000B3
:1034D8000090D003FF0000000F0000007102000000
:1034E800B0040020B00400209B1001004915010021
:1034F80067742000F004002018050020040500204F
:103508007405002068050020031401000714010059
:1035180000000000000000000000000000000000A3
:10352800F0040020F004002000000000000000006B
:103538000E00000004050020040500200000000023
:10354800000000000E0000001805002018050020EB
:1035580000000000000000000E0000002C05002004
:103568002C05002000000000000000000E000000F4
:103578004005002040050020000000000000000079
:103588000E00000054050020540500200000000033
:08359800000000000E0000001D
:1035A0006805002068050020000000007405002068
:0835B00074050020000000007A
:1035B80000000000000000008805002088050020A9
:1035C8009005002090050020030003000000000083
:1035D800000000006C2401006C5B0020000000006B
:1035E80000000000B4050020B4050020BC05002040
:1035F800BC050020010001000000000000000000E0
:10360800CC240100185D002000000000000000002C
:10361800E0050020E0050020E8050020E80500207E
:103628000A000A0004000000119E0000582401004E
:10363800C859002000000000000000000C0600200F
:103648000C060020140600201406002001000100CA
:10365800000000000000000080240100B85C002089
:0436680015E015E074
:040000030000943530
:00000001FF
